utility_number,utility_name,state,customer_class,revenue_thousand_dollars,sales_mwh,customers,ownership,year
213,Alaska Electric Light & Power Co.,AK,residential,20081.7,162982.0,15159,Investor Owned,2022
219,Alaska Power and Telephone Co,AK,residential,9950.0,26750.0,5627,Investor Owned,2022
221,"Alaska Village Elec Coop, Inc",AK,residential,23512.0,44102.0,7770,Cooperative,2022
3522,Chugach Electric Assn Inc,AK,residential,117980.8,591397.0,96750,Cooperative,2022
7353,Golden Valley Elec Assn Inc,AK,residential,80932.3,282672.0,40277,Cooperative,2022
10210,Ketchikan Public Utilities,AK,residential,9099.9,77190.0,6540,Municipal,2022
10433,Kodiak Electric Assn Inc,AK,residential,6591.0,37778.0,4943,Cooperative,2022
10451,Kotzebue Electric Assn Inc,AK,residential,2934.1,7722.0,1215,Cooperative,2022
11824,Matanuska Electric Assn Inc,AK,residential,99099.0,450988.0,62094,Cooperative,2022
19558,Homer Electric Assn Inc,AK,residential,49034.7,171896.0,28994,Cooperative,2022
195,Alabama Power Co,AL,residential,2853361.0,18413315.0,1314594,Investor Owned,2022
241,Albertville Municipal Utilities Board,AL,residential,13259.0,122198.0,8185,Municipal,2022
604,City of Andalusia,AL,residential,6074.0,41457.0,3613,Municipal,2022
750,Arab Electric Coop Inc,AL,residential,24796.0,202278.0,13565,Cooperative,2022
944,City of Athens - (AL),AL,residential,82715.0,729092.0,45984,Municipal,2022
1149,Baldwin County El Member Corp,AL,residential,132914.0,1043914.0,77977,Cooperative,2022
1640,City of Bessemer Utilities,AL,residential,14148.0,115164.0,9557,Municipal,2022
1780,Black Warrior Elec Member Corp,AL,residential,32651.9,270829.0,20198,Cooperative,2022
3222,Central Alabama Electric Coop,AL,residential,89660.0,613337.0,44255,Cooperative,2022
3426,Cherokee Electric Coop,AL,residential,36971.0,247723.0,18319,Cooperative,2022
4327,Coosa Valley Electric Coop Inc,AL,residential,31989.0,223062.0,15278,Cooperative,2022
4430,"Covington Electric Coop, Inc",AL,residential,49118.3,312074.0,22854,Cooperative,2022
4617,Cullman Power Board,AL,residential,11559.0,89631.0,6889,Municipal,2022
4618,"Cullman Electric Coop, Inc",AL,residential,74923.0,572651.0,38566,Cooperative,2022
4958,Decatur Utilities,AL,residential,36103.0,325812.0,22726,Municipal,2022
5204,Dixie Electric Coop,AL,residential,42109.0,309434.0,21448,Cooperative,2022
5309,City of Dothan - (AL),AL,residential,41334.0,369093.0,26435,Municipal,2022
6422,City of Florence - (AL),AL,residential,75476.2,635209.0,41368,Municipal,2022
6491,Foley Board of Utilities,AL,residential,86532.0,695713.0,47726,Municipal,2022
6612,Fort Payne Improvement Authority,AL,residential,11630.0,96914.0,6790,Municipal,2022
6717,Franklin Electric Coop - (AL),AL,residential,10996.0,79543.0,5904,Cooperative,2022
7827,Guntersville Electric Board,AL,residential,8874.0,70282.0,4841,Municipal,2022
8226,City of Hartselle,AL,residential,7558.0,61895.0,4385,Municipal,2022
9094,City of Huntsville - (AL),AL,residential,311177.0,2651084.0,172205,Municipal,2022
9739,Joe Wheeler Elec Member Corp,AL,residential,80325.0,595054.0,36202,Cooperative,2022
11714,Marshall-De Kalb Electric Coop,AL,residential,31471.0,249600.0,16864,Cooperative,2022
13144,City of Muscle Shoals,AL,residential,12346.0,102882.0,6997,Municipal,2022
13669,North Alabama Electric Coop,AL,residential,25069.0,197871.0,13030,Cooperative,2022
14146,City of Opelika - (AL),AL,residential,18860.0,149690.0,12452,Municipal,2022
14602,Pea River Electric Coop,AL,residential,29985.3,206358.0,14902,Cooperative,2022
16458,City of Russellville - (AL),AL,residential,6898.0,51390.0,3957,Municipal,2022
16629,Sand Mountain Electric Coop,AL,residential,48545.0,384061.0,26593,Cooperative,2022
16829,City of Scottsboro,AL,residential,12901.0,99020.0,6879,Municipal,2022
17033,Sheffield Utilities,AL,residential,29220.0,236660.0,15493,Municipal,2022
17252,Singing River Elec Cooperative,AL,residential,559.9,4739.0,330,Cooperative,2022
17534,"South Alabama Elec Coop, Inc",AL,residential,32861.0,231939.0,16525,Cooperative,2022
17646,"Southern Pine Elec Coop, Inc",AL,residential,33121.0,260189.0,20333,Cooperative,2022
18203,Tallapoosa River Elec Coop Inc,AL,residential,49029.5,389540.0,28460,Cooperative,2022
18472,City of Tarrant,AL,residential,4106.0,29523.0,2106,Municipal,2022
19219,Diverse Power Incorporated,AL,residential,1356.7,7742.0,577,Cooperative,2022
19225,City of Troy - (AL),AL,residential,9412.5,97606.0,7671,Municipal,2022
19307,City of Tuscumbia,AL,residential,6641.0,54623.0,4065,Municipal,2022
20841,"Wiregrass Electric Coop, Inc",AL,residential,43638.0,314897.0,21595,Cooperative,2022
40127,Clarke-Washington E M C,AL,residential,30929.0,220519.0,18703,Cooperative,2022
40364,City of Courtland,AL,residential,876.0,7637.0,552,Municipal,2022
814,Entergy Arkansas LLC,AR,residential,946715.7,8024677.0,602731,Investor Owned,2022
817,Arkansas Valley Elec Coop Corp,AR,residential,98291.3,770820.0,53096,Cooperative,2022
1581,City of Benton - (AR),AR,residential,15384.0,155357.0,12802,Municipal,2022
1586,City of Bentonville - (AR),AR,residential,32073.0,281021.0,23548,Municipal,2022
2678,C & L Electric Coop Corp,AR,residential,36250.0,256435.0,20000,Cooperative,2022
3093,Carroll Electric Coop Corp - (AR),AR,residential,160222.0,1343474.0,94425,Cooperative,2022
3705,Clarksville Connected Utilities,AR,residential,5132.3,46278.0,3811,Municipal,2022
3712,Clay County Electric Coop Corp,AR,residential,17863.8,116688.0,10468,Cooperative,2022
4280,Conway Corporation,AR,residential,34768.0,363289.0,30051,Municipal,2022
4509,Craighead Electric Coop Corp,AR,residential,48538.0,392644.0,24548,Cooperative,2022
5860,Empire District Electric Co,AR,residential,6938.9,52903.0,4508,Investor Owned,2022
6342,First Electric Coop Corp,AR,residential,168936.0,1341211.0,92346,Cooperative,2022
8840,City of Hope,AR,residential,9099.0,65991.0,5827,Municipal,2022
9879,City Water and Light Plant,AR,residential,43910.0,516374.0,34116,Municipal,2022
12681,Mississippi County Electric Co,AR,residential,5463.0,58276.0,3261,Cooperative,2022
13676,"North Arkansas Elec Coop, Inc",AR,residential,62370.0,445775.0,35460,Cooperative,2022
13718,City of North Little Rock - (AR),AR,residential,46010.0,380762.0,34599,Municipal,2022
14063,Oklahoma Gas & Electric Co,AR,residential,94570.6,774073.0,57451,Investor Owned,2022
14238,Ouachita Electric Coop Corp,AR,residential,11689.0,93212.0,8467,Cooperative,2022
14289,Ozarks Electric Coop Corp - (AR),AR,residential,118776.4,876358.0,67414,Cooperative,2022
14446,Paragould Light & Water Comm,AR,residential,19319.0,209012.0,12298,Municipal,2022
14864,Petit Jean Electric Coop Corp,AR,residential,30765.0,226982.0,18663,Cooperative,2022
17184,City of Siloam Springs - (AR),AR,residential,10379.0,81218.0,7636,Municipal,2022
17540,"South Central Ark El Coop, Inc",AR,residential,15927.0,113703.0,9271,Cooperative,2022
17671,Southwest Arkansas E C C,AR,residential,47002.1,374771.0,24515,Cooperative,2022
17698,Southwestern Electric Power Co,AR,residential,156216.8,1216126.0,106455,Investor Owned,2022
20382,City of West Memphis - (AR),AR,residential,13339.0,141599.0,10141,Municipal,2022
20963,Woodruff Electric Coop Corp,AR,residential,22317.3,179383.0,12153,Cooperative,2022
176,Ajo Improvement Co,AZ,residential,584.5,5294.0,824,Investor Owned,2022
803,Arizona Public Service Co,AZ,residential,2046110.7,14756798.0,1202975,Investor Owned,2022
6957,"Garkane Energy Coop, Inc",AZ,residential,2459.0,24432.0,1265,Cooperative,2022
12351,City of Mesa - (AZ),AZ,residential,20366.4,151663.0,14760,Municipal,2022
12919,Morenci Water and Electric,AZ,residential,1621.9,19475.0,2305,Investor Owned,2022
13314,Navajo Tribal Utility Authority,AZ,residential,26796.0,169895.0,27096,State,2022
13318,"Navopache Electric Coop, Inc",AZ,residential,40877.0,279490.0,39137,Cooperative,2022
15048,Electrical Dist No2 Pinal County,AZ,residential,7869.0,63901.0,5034,Political Subdivision,2022
16572,Salt River Project,AZ,residential,1725469.2,14521787.0,1009970,Political Subdivision,2022
18280,Sulphur Springs Valley E C Inc,AZ,residential,63818.8,392791.0,45350,Cooperative,2022
19189,Trico Electric Cooperative Inc,AZ,residential,77842.1,545157.0,49544,Cooperative,2022
19604,USBIA-San Carlos Project,AZ,residential,13845.0,118935.0,11267,Federal,2022
19728,"UNS Electric, Inc",AZ,residential,123503.7,1026987.0,92408,Investor Owned,2022
21538,"Mohave Electric Cooperative, Inc.",AZ,residential,57029.0,460816.0,39670,Cooperative,2022
24211,Tucson Electric Power Co,AZ,residential,532576.6,3878044.0,403028,Investor Owned,2022
25866,Ak-Chin Electric Utility Authority,AZ,residential,483.8,5059.0,319,State,2022
30518,Electrical Dist No3 Pinal County,AZ,residential,53107.0,355935.0,27889,Political Subdivision,2022
40165,"Dixie Escalante R E A, Inc",AZ,residential,2701.9,33267.0,2626,Cooperative,2022
65261,Gila River Indian Utility Authority (GRICUA),AZ,residential,5551.2,39422.0,2606,Cooperative,2022
207,Alameda Municipal Power,CA,residential,27618.3,133445.0,32146,Municipal,2022
590,City of Anaheim - (CA),CA,residential,100861.0,618231.0,104561,Municipal,2022
1050,City of Azusa,CA,residential,15417.0,90894.0,14986,Municipal,2022
2507,City of Burbank Water and Power,CA,residential,43974.0,274745.0,46290,Municipal,2022
4003,City of Colton - (CA),CA,residential,18232.0,110736.0,17291,Municipal,2022
4390,City of Corona - (CA),CA,residential,1369.2,8653.0,1288,Municipal,2022
7294,City of Glendale - (CA),CA,residential,94963.3,407214.0,76929,Municipal,2022
9216,Imperial Irrigation District,CA,residential,304217.0,1949606.0,139162,Political Subdivision,2022
11124,City of Lodi - (CA),CA,residential,36060.0,167427.0,23232,Municipal,2022
11208,Los Angeles Department of Water & Power,CA,residential,1892318.5,8508902.0,1389532,Municipal,2022
12312,Merced Irrigation District,CA,residential,17051.2,83283.0,10814,Political Subdivision,2022
12745,Modesto Irrigation District,CA,residential,177268.0,982856.0,102397,Political Subdivision,2022
14328,Pacific Gas & Electric Co.,CA,residential,6709466.0,11983409.0,1828738,Investor Owned,2022
14354,PacifiCorp,CA,residential,57980.3,392938.0,36303,Investor Owned,2022
14401,City of Palo Alto - (CA),CA,residential,27418.0,157370.0,25761,Municipal,2022
14534,City of Pasadena - (CA),CA,residential,74076.9,350158.0,57705,Municipal,2022
14999,"Pilot Power Group, LLC",CA,residential,4067.0,30697.0,4549,Retail Power Marketer,2022
15783,City of Redding - (CA),CA,residential,63382.0,381721.0,38196,Municipal,2022
16088,City of Riverside - (CA),CA,residential,143611.0,795300.0,99639,Municipal,2022
16295,City of Roseville - (CA),CA,residential,82089.3,503863.0,59755,Municipal,2022
16534,Sacramento Municipal Util Dist,CA,residential,797797.4,4766334.0,574344,Political Subdivision,2022
16609,San Diego Gas & Electric Co,CA,residential,1894970.9,3939825.0,838576,Investor Owned,2022
16612,City & County of San Francisco,CA,residential,3591.8,18317.0,1618,Municipal,2022
16655,City of Santa Clara - (CA),CA,residential,36361.9,261798.0,50889,Municipal,2022
17609,Southern California Edison Co,CA,residential,6726361.0,22517867.0,3339257,Investor Owned,2022
17612,Bear Valley Electric Service,CA,residential,26251.7,85587.0,23173,Investor Owned,2022
18260,Surprise Valley Electrification,CA,residential,3607.2,35932.0,2828,Cooperative,2022
19281,Turlock Irrigation District,CA,residential,130144.0,813781.0,78186,Political Subdivision,2022
19798,City of Vernon,CA,residential,48.1,326.0,73,Municipal,2022
19840,"Valley Electric Assn, Inc",CA,residential,18.3,117.0,12,Cooperative,2022
21093,3 Phases Renewables Inc,CA,residential,36.0,399.0,65,Retail Power Marketer,2022
55787,City of Moreno Valley - (CA),CA,residential,15352.1,48753.0,6859,Municipal,2022
56692,Marin Clean Energy,CA,residential,286681.4,2797083.0,510940,Community Choice Aggregator,2022
57483,Liberty Utilities,CA,residential,46741.5,294017.0,43856,Investor Owned,2022
59126,Sonoma Clean Power Authority,CA,residential,121017.0,1085640.0,197960,Community Choice Aggregator,2022
59625,Lancaster Choice Energy,CA,residential,37658.1,354992.0,45045,Community Choice Aggregator,2022
60181,CleanPowerSF,CA,residential,136051.1,1221826.0,352968,Community Choice Aggregator,2022
60402,Peninsula Clean Energy Authority,CA,residential,157815.0,1530250.0,277121,Community Choice Aggregator,2022
60758,Apple Valley Choice Energy,CA,residential,17819.7,178267.0,23217,Community Choice Aggregator,2022
60759,Silicon Valley Clean Energy Authority,CA,residential,151419.9,1353155.0,246179,Community Choice Aggregator,2022
60868,Redwood Coast Energy Authority,CA,residential,33003.3,300405.0,52855,Community Choice Aggregator,2022
61083,Pico Rivera Innovative Municipal Energy,CA,residential,9675.2,94572.0,15168,Community Choice Aggregator,2022
61431,Pioneer Community Energy,CA,residential,103221.8,942829.0,125052,Community Choice Aggregator,2022
61432,Central Coast Community Energy,CA,residential,171867.2,1757498.0,379108,Community Choice Aggregator,2022
61433,San Jacinto Power,CA,residential,11519.0,110088.0,12893,Community Choice Aggregator,2022
61462,Valley Clean Energy Alliance,CA,residential,35784.0,301363.0,54358,Community Choice Aggregator,2022
61471,Rancho Mirage Energy Authority,CA,residential,15224.0,144440.0,12379,Community Choice Aggregator,2022
61475,East Bay Community Energy,CA,residential,305853.0,2651484.0,579289,Community Choice Aggregator,2022
61526,Clean Power Alliance of Southern Califor,CA,residential,496706.0,5336999.0,719234,Community Choice Aggregator,2022
61570,King City Community Power,CA,residential,1138.0,10929.0,2822,Community Choice Aggregator,2022
61858,San Jose Clean Energy,CA,residential,215409.9,1638449.0,328267,Community Choice Aggregator,2022
63724,BPROUD,CA,residential,1317.4,15534.0,15032,Community Choice Aggregator,2022
63725,Pomona Choice Energy (PCE),CA,residential,24659.4,231169.0,35355,Community Choice Aggregator,2022
64195,Desert Community Energy,CA,residential,31233.7,229831.0,28528,Community Choice Aggregator,2022
64289,San Diego Community Power,CA,residential,261309.0,1612544.0,378763,Community Choice Aggregator,2022
64425,Clean Energy Alliance,CA,residential,26356.3,231058.0,51875,Community Choice Aggregator,2022
64555,Santa Barbara Clean Energy,CA,residential,14485.0,141977.0,32325,Community Choice Aggregator,2022
64928,Orange County Power Authority,CA,residential,16585.4,145601.0,123658,Community Choice Aggregator,2022
65259,Energy for Palmdale's Independent Choice,CA,residential,3993.1,36798.0,25069,Community Choice Aggregator,2022
3989,City of Colorado Springs - (CO),CO,residential,239161.0,1583420.0,209601,Municipal,2022
5086,Delta Montrose Electric Assn,CO,residential,41777.1,282943.0,31618,Cooperative,2022
5862,"Empire Electric Assn, Inc",CO,residential,15866.1,105840.0,12536,Cooperative,2022
6604,City of Fort Collins - (CO),CO,residential,64506.8,538944.0,69552,Municipal,2022
6610,City of Fort Morgan,CO,residential,3868.3,54929.0,5870,Municipal,2022
6638,City of Fountain,CO,residential,19399.0,155081.0,16795,Municipal,2022
7563,Grand Valley Power,CO,residential,25144.0,168748.0,16683,Cooperative,2022
8570,Highline Electric Assn,CO,residential,7405.6,57610.0,5045,Cooperative,2022
8773,"Holy Cross Electric Assn, Inc",CO,residential,83033.1,688858.0,49312,Cooperative,2022
9336,CORE Electric Cooperative,CO,residential,243062.0,1701697.0,158050,Cooperative,2022
10066,K C Electric Association,CO,residential,5312.1,41665.0,3398,Cooperative,2022
10539,"La Plata Electric Assn, Inc",CO,residential,50773.0,312611.0,39043,Cooperative,2022
11187,City of Longmont,CO,residential,37432.7,337384.0,39986,Municipal,2022
11256,City of Loveland - (CO),CO,residential,34426.4,275613.0,34917,Municipal,2022
12860,Morgan County Rural Elec Assn,CO,residential,9931.8,73654.0,5743,Cooperative,2022
12866,Moon Lake Electric Assn Inc,CO,residential,1377.4,16349.0,1552,Cooperative,2022
13050,"Mountain Parks Electric, Inc",CO,residential,23806.0,163681.0,18260,Cooperative,2022
13058,"Mountain View Elec Assn, Inc",CO,residential,88750.8,609384.0,56320,Cooperative,2022
15257,"Poudre Valley REA, Inc",CO,residential,60032.1,510902.0,45837,Cooperative,2022
15466,Public Service Co of Colorado,CO,residential,1391226.9,9847574.0,1328979,Investor Owned,2022
16603,"San Luis Valley R E C, Inc",CO,residential,12063.0,71218.0,8921,Cooperative,2022
16616,"San Isabel Electric Assn, Inc",CO,residential,30008.8,183552.0,22826,Cooperative,2022
16622,"San Miguel Power Assn, Inc",CO,residential,18152.3,114968.0,11741,Cooperative,2022
17592,Southeast Colorado Power Assn,CO,residential,12103.0,72404.0,7989,Cooperative,2022
17715,Southwestern Electric Coop Inc - (NM),CO,residential,18.2,88.0,5,Cooperative,2022
19160,"Tri-County Electric Coop, Inc (OK)",CO,residential,8.6,48.0,9,Cooperative,2022
19499,"United Power, Inc",CO,residential,126699.1,946371.0,95049,Cooperative,2022
20510,"Wheatland Electric Coop, Inc",CO,residential,31.1,181.0,29,Cooperative,2022
20576,"White River Electric Assn, Inc",CO,residential,2963.7,21678.0,2623,Cooperative,2022
21075,Y-W Electric Assn Inc,CO,residential,7210.0,48207.0,4887,Cooperative,2022
21081,Yampa Valley Electric Assn Inc,CO,residential,36660.4,247810.0,22692,Cooperative,2022
27058,"High West Energy, Inc",CO,residential,1024.0,6895.0,674,Cooperative,2022
56146,"Black Hills Colorado Electric, LLC",CO,residential,123042.0,634576.0,88112,Investor Owned,2022
2089,Bozrah Light & Power Company,CT,residential,4652.0,24006.0,2417,Municipal,2022
4176,Connecticut Light & Power Co,CT,residential,2444054.3,8907476.0,1035056,Investor Owned,2022
7716,Groton Dept of Utilities - (CT),CT,residential,18710.1,105850.0,12244,Municipal,2022
13374,"Constellation NewEnergy, Inc",CT,residential,54728.0,563997.0,61127,Retail Power Marketer,2022
13831,City of Norwich - (CT),CT,residential,31526.8,138218.0,18657,Municipal,2022
17710,"Spark Energy, LP",CT,residential,45.0,307.0,52,Retail Power Marketer,2022
19497,United Illuminating Co,CT,residential,475525.3,1797627.0,270343,Investor Owned,2022
20038,Town of Wallingford - (CT),CT,residential,34746.1,219811.0,21543,Municipal,2022
54820,Direct Energy Services,CT,residential,23254.6,224406.0,25239,Retail Power Marketer,2022
55874,"Energy Services Providers, Inc",CT,residential,857.0,6977.0,1352,Retail Power Marketer,2022
56212,"Ambit Energy Holdings, LLC",CT,residential,13685.0,140789.0,17258,Retail Power Marketer,2022
56265,Energy Plus Holdings LLC,CT,residential,405.0,3303.0,262,Retail Power Marketer,2022
56504,Major Energy Electric Services,CT,residential,6024.0,51467.0,5124,Retail Power Marketer,2022
57037,Reliant Energy Northeast LLC,CT,residential,1484.0,11247.0,1350,Retail Power Marketer,2022
57067,"ENGIE Retail, LLC",CT,residential,158.2,1722.0,183,Retail Power Marketer,2022
57487,"XOOM Energy Connecticut, LLC",CT,residential,3818.3,40257.0,5074,Retail Power Marketer,2022
58119,Public Power LLC (CT),CT,residential,5380.0,52376.0,7490,Retail Power Marketer,2022
58161,Viridian Energy LLC,CT,residential,942.0,6968.0,1281,Retail Power Marketer,2022
58667,"North American Power and Gas, LLC",CT,residential,9328.0,70397.0,8349,Retail Power Marketer,2022
58683,Everyday Energy LLC,CT,residential,240.1,2007.0,364,Retail Power Marketer,2022
58974,Clearview Electric Inc.,CT,residential,5.1,56.0,46,Retail Power Marketer,2022
59055,"Choice Energy, LLC",CT,residential,320.0,2128.0,1085,Retail Power Marketer,2022
59059,Town Square Energy,CT,residential,14605.9,149460.0,15874,Retail Power Marketer,2022
59127,"Sunwave Gas & Power Connecticut, Inc.",CT,residential,280.4,3227.0,1177,Retail Power Marketer,2022
59620,Verde Energy USA,CT,residential,8188.0,57359.0,7606,Retail Power Marketer,2022
59794,"Starion Energy, Inc.",CT,residential,2.3,29.0,20,Retail Power Marketer,2022
59993,Discount Power Inc - (CT),CT,residential,1865.4,16179.0,3137,Retail Power Marketer,2022
63232,"National Gas & Electric, LLC",CT,residential,13.8,163.0,18,Retail Power Marketer,2022
65310,Energywell LLC,CT,residential,16.6,146.0,108,Retail Power Marketer,2022
7279,"NextEra Energy Services, LLC",DC,residential,94.1,1011.0,84,Retail Power Marketer,2022
13374,"Constellation NewEnergy, Inc",DC,residential,1600.4,15977.0,1886,Retail Power Marketer,2022
15270,Potomac Electric Power Co,DC,residential,284248.0,2061710.0,267819,Investor Owned,2022
20659,"WGL Energy Services, Inc.",DC,residential,3689.0,34789.0,4319,Retail Power Marketer,2022
54820,Direct Energy Services,DC,residential,1421.5,12220.0,784,Retail Power Marketer,2022
55781,Liberty Power Corp.,DC,residential,0.6,6.0,18,Retail Power Marketer,2022
55815,"IDT Energy, Inc.",DC,residential,1937.2,12551.0,1340,Retail Power Marketer,2022
55874,"Energy Services Providers, Inc",DC,residential,327.0,2219.0,282,Retail Power Marketer,2022
56212,"Ambit Energy Holdings, LLC",DC,residential,326.0,2987.0,350,Retail Power Marketer,2022
56504,Major Energy Electric Services,DC,residential,746.0,4956.0,449,Retail Power Marketer,2022
57037,Reliant Energy Northeast LLC,DC,residential,457.0,3145.0,389,Retail Power Marketer,2022
57067,"ENGIE Retail, LLC",DC,residential,32.8,430.0,43,Retail Power Marketer,2022
58119,Public Power LLC (CT),DC,residential,1283.0,10170.0,701,Retail Power Marketer,2022
58162,Viridian Energy PA LLC,DC,residential,132.6,904.0,97,Retail Power Marketer,2022
58476,"Stream Energy Columbia, LLC",DC,residential,454.8,3093.0,387,Retail Power Marketer,2022
58951,"CleanChoice Energy, Inc.",DC,residential,13188.0,66960.0,9124,Retail Power Marketer,2022
58953,"Star Energy Partners, LLC",DC,residential,973.1,7606.0,1611,Retail Power Marketer,2022
58956,"SmartEnergy Holdings, LLC",DC,residential,5375.2,28137.0,3861,Retail Power Marketer,2022
58964,"Alpha Gas and Electric, LLC",DC,residential,40.4,281.0,28,Retail Power Marketer,2022
58974,Clearview Electric Inc.,DC,residential,702.7,3990.0,476,Retail Power Marketer,2022
59054,"Eligo Energy, LLC",DC,residential,324.1,1724.0,210,Retail Power Marketer,2022
59062,"Horizon Power and Light, LLC",DC,residential,223.2,1510.0,183,Retail Power Marketer,2022
59065,Titan Gas LLC,DC,residential,551.5,3837.0,357,Retail Power Marketer,2022
59310,"Inspire Energy Holdings, LLC",DC,residential,315.1,2519.0,317,Retail Power Marketer,2022
59312,"XOOM Energy Washington DC, LLC",DC,residential,1290.0,8847.0,1129,Retail Power Marketer,2022
59795,"Starion Energy PA, Inc.",DC,residential,0.1,2.0,2,Retail Power Marketer,2022
59797,Park Power LLC,DC,residential,591.5,4310.0,528,Retail Power Marketer,2022
59931,"MidAmerican Energy Services, LLC",DC,residential,75.1,805.0,23,Retail Power Marketer,2022
60218,MPower Energy NJ LLC,DC,residential,2243.3,13781.0,1819,Retail Power Marketer,2022
61059,"Renaissance Power & Gas, Inc.",DC,residential,228.0,1654.0,213,Retail Power Marketer,2022
61283,"Palmco Power DC, LLC",DC,residential,1301.2,4981.0,715,Retail Power Marketer,2022
61972,"SunSea Energy, LLC",DC,residential,2221.0,8532.0,1446,Retail Power Marketer,2022
63695,"RPA Energy, Inc.",DC,residential,201.0,1128.0,142,Retail Power Marketer,2022
65310,Energywell LLC,DC,residential,0.4,2.0,2,Retail Power Marketer,2022
4100,"Commerce Energy, Inc.",DE,residential,2831.1,23001.0,1980,Retail Power Marketer,2022
5027,Delmarva Power,DE,residential,413263.1,2959985.0,268944,Investor Owned,2022
5070,Delaware Electric Cooperative,DE,residential,165587.0,1277790.0,100127,Cooperative,2022
5335,City of Dover - (DE),DE,residential,30791.0,216310.0,21281,Municipal,2022
7279,"NextEra Energy Services, LLC",DE,residential,435.2,2816.0,240,Retail Power Marketer,2022
12478,Town of Middletown - (DE),DE,residential,13511.7,97381.0,8867,Municipal,2022
12540,City of Milford - (DE),DE,residential,10258.8,78254.0,6879,Municipal,2022
13374,"Constellation NewEnergy, Inc",DE,residential,814.9,9611.0,831,Retail Power Marketer,2022
13519,City of Newark - (DE),DE,residential,17014.2,100064.0,11725,Municipal,2022
17710,"Spark Energy, LP",DE,residential,288.0,2466.0,183,Retail Power Marketer,2022
20659,"WGL Energy Services, Inc.",DE,residential,2128.0,22823.0,2371,Retail Power Marketer,2022
54820,Direct Energy Services,DE,residential,5685.6,53496.0,4800,Retail Power Marketer,2022
55781,Liberty Power Corp.,DE,residential,3.2,31.0,127,Retail Power Marketer,2022
56212,"Ambit Energy Holdings, LLC",DE,residential,435.0,4708.0,404,Retail Power Marketer,2022
57037,Reliant Energy Northeast LLC,DE,residential,2385.0,17377.0,1607,Retail Power Marketer,2022
57067,"ENGIE Retail, LLC",DE,residential,22.5,120.0,15,Retail Power Marketer,2022
58162,Viridian Energy PA LLC,DE,residential,313.2,2309.0,200,Retail Power Marketer,2022
58632,"XOOM Energy Delaware, LLC",DE,residential,768.0,5193.0,471,Retail Power Marketer,2022
58951,"CleanChoice Energy, Inc.",DE,residential,5228.9,29995.0,3316,Retail Power Marketer,2022
58956,"SmartEnergy Holdings, LLC",DE,residential,4304.0,23030.0,2322,Retail Power Marketer,2022
58974,Clearview Electric Inc.,DE,residential,991.0,5373.0,591,Retail Power Marketer,2022
59310,"Inspire Energy Holdings, LLC",DE,residential,2220.0,21860.0,2244,Retail Power Marketer,2022
59793,"First Point Power, LLC",DE,residential,75.5,457.0,37,Retail Power Marketer,2022
59797,Park Power LLC,DE,residential,526.8,4240.0,435,Retail Power Marketer,2022
59807,"Rushmore Energy, LLC",DE,residential,2721.3,26820.0,3023,Retail Power Marketer,2022
59809,"Residents Energy, LLC",DE,residential,1294.7,8383.0,935,Retail Power Marketer,2022
59810,Greenlight Energy Inc.,DE,residential,17.0,108.0,14,Retail Power Marketer,2022
59848,"ResCom Energy, LLC",DE,residential,0.1,1.0,5,Retail Power Marketer,2022
59931,"MidAmerican Energy Services, LLC",DE,residential,92.7,1640.0,92,Retail Power Marketer,2022
59993,Discount Power Inc - (CT),DE,residential,281.5,1796.0,185,Retail Power Marketer,2022
61201,"Stream Energy Delaware, LLC",DE,residential,452.6,3523.0,331,Retail Power Marketer,2022
61349,"Palmco Power DE, LLC",DE,residential,914.3,3569.0,382,Retail Power Marketer,2022
63695,"RPA Energy, Inc.",DE,residential,266.0,1545.0,176,Retail Power Marketer,2022
65310,Energywell LLC,DE,residential,3.3,17.0,22,Retail Power Marketer,2022
1300,City of Bartow - (FL),FL,residential,20810.1,151095.0,10918,Municipal,2022
3245,"Central Florida Elec Coop, Inc",FL,residential,57488.0,393696.0,31784,Cooperative,2022
3502,"Choctawhatche Elec Coop, Inc",FL,residential,96115.9,761103.0,52816,Cooperative,2022
3757,"Clay Electric Cooperative, Inc",FL,residential,331749.1,2366748.0,165066,Cooperative,2022
6443,"Florida Keys El Coop Assn, Inc",FL,residential,65700.0,458435.0,28179,Cooperative,2022
6452,Florida Power & Light Co,FL,residential,9349311.5,69473785.0,5079787,Investor Owned,2022
6455,"Duke Energy Florida, LLC",FL,residential,3335666.2,21507943.0,1730814,Investor Owned,2022
6457,Florida Public Utilities Co,FL,residential,44727.0,305593.0,25516,Investor Owned,2022
6616,Fort Pierce Utilities Authority,FL,residential,39171.0,253034.0,23862,Municipal,2022
6909,Gainesville Regional Utilities,FL,residential,148603.9,839871.0,89751,Municipal,2022
7264,"Glades Electric Coop, Inc",FL,residential,30724.0,175967.0,13636,Cooperative,2022
7785,"Gulf Coast Electric Coop, Inc",FL,residential,39979.0,284511.0,20280,Cooperative,2022
8795,City of Homestead - (FL),FL,residential,46411.5,385270.0,28797,Municipal,2022
9616,Beaches Energy Services,FL,residential,53954.1,440699.0,30525,Municipal,2022
9617,JEA,FL,residential,810916.0,5723164.0,447308,Municipal,2022
10226,"Utility Board of the City of Key West, F",FL,residential,69977.0,388297.0,26831,Municipal,2022
10376,Kissimmee Utility Authority,FL,residential,141220.4,1016798.0,74568,Municipal,2022
10620,City of Lake Worth Beach - (FL),FL,residential,38966.0,282450.0,24432,Municipal,2022
10623,City of Lakeland - (FL),FL,residential,205750.6,1689706.0,116907,Municipal,2022
10857,"Lee County Electric Coop, Inc",FL,residential,424855.2,3162353.0,215106,Cooperative,2022
10868,City of Leesburg - (FL),FL,residential,41272.4,278088.0,23558,Municipal,2022
13485,New Smyrna Beach City of,FL,residential,33835.0,312973.0,27014,Municipal,2022
13955,City of Ocala,FL,residential,58541.9,550520.0,44316,Municipal,2022
14606,"Peace River Electric Coop, Inc",FL,residential,94869.8,673803.0,47390,Cooperative,2022
14610,Orlando Utilities Comm,FL,residential,392464.8,2790761.0,236057,Municipal,2022
15776,Reedy Creek Improvement Dist,FL,residential,12.0,111.0,9,Municipal,2022
18304,"Sumter Electric Coop, Inc",FL,residential,378745.0,2581354.0,210291,Cooperative,2022
18360,Suwannee Valley Elec Coop Inc,FL,residential,47805.0,325922.0,25154,Cooperative,2022
18445,City of Tallahassee - (FL),FL,residential,141823.0,1148688.0,106720,Municipal,2022
18449,"Talquin Electric Coop, Inc",FL,residential,98423.0,697590.0,52931,Cooperative,2022
18454,Tampa Electric Co,FL,residential,1380689.9,10109074.0,729334,Investor Owned,2022
19161,"Tri-County Electric Coop, Inc (FL)",FL,residential,28774.4,183448.0,18012,Cooperative,2022
20371,"West Florida El Coop Assn, Inc",FL,residential,49452.0,321035.0,25718,Cooperative,2022
20885,Withlacoochee River Elec Coop,FL,residential,410353.6,3093524.0,213311,Cooperative,2022
31833,Okefenoke Rural El Member Corp,FL,residential,22037.3,164475.0,10695,Cooperative,2022
58124,City of Winter Park - (FL),FL,residential,27428.8,191118.0,12304,Municipal,2022
230,Albany Utility Board,GA,residential,37417.3,339594.0,29062,Municipal,2022
407,Altamaha Electric Member Corp,GA,residential,34611.0,244092.0,19261,Cooperative,2022
562,Amicalola Electric Member Corp,GA,residential,83740.6,699415.0,47836,Cooperative,2022
1891,Blue Ridge Mountain EMC - (GA),GA,residential,45159.0,295721.0,29685,Cooperative,2022
2487,City of Buford,GA,residential,4894.8,37659.0,2925,Municipal,2022
2812,City of Calhoun - (GA),GA,residential,6483.1,47653.0,4392,Municipal,2022
2903,Canoochee Electric Member Corp,GA,residential,39565.7,316720.0,22664,Cooperative,2022
3081,Carroll Electric Member Corp - (GA),GA,residential,94360.0,729989.0,51513,Cooperative,2022
3108,City of Cartersville - (GA),GA,residential,10439.0,83025.0,6532,Municipal,2022
3248,Central Georgia El Member Corp,GA,residential,105164.0,895626.0,58255,Cooperative,2022
3408,City of Chattanooga - (TN),GA,residential,17202.0,141918.0,9815,Municipal,2022
3475,City of Chickamauga,GA,residential,1428.0,10914.0,834,Municipal,2022
3843,Coastal Electric Member Corp,GA,residential,40356.1,288254.0,19423,Cooperative,2022
3916,Cobb Electric Membership Corp,GA,residential,312727.8,2630027.0,196155,Cooperative,2022
3939,City of College Park - (GA),GA,residential,10118.8,71648.0,7498,Municipal,2022
4432,Coweta-Fayette El Member Corp,GA,residential,145755.9,1170511.0,80242,Cooperative,2022
4433,City of Covington - (GA),GA,residential,16944.5,146826.0,11289,Municipal,2022
4538,Crisp County Power Comm,GA,residential,18305.0,145576.0,9213,Political Subdivision,2022
4744,Dalton Utilities,GA,residential,18065.0,155218.0,12734,Municipal,2022
5325,City of Douglas,GA,residential,5865.3,56408.0,4091,Municipal,2022
5582,City of East Point - (GA),GA,residential,19228.7,160296.0,16114,Municipal,2022
5905,Excelsior Electric Member Corp,GA,residential,42090.0,327084.0,22763,Cooperative,2022
6411,Flint Electric Membership Corp,GA,residential,161300.7,1215797.0,79918,Cooperative,2022
7090,GreyStone Power Corporation,GA,residential,204914.0,1876572.0,131489,Cooperative,2022
7140,Georgia Power Co,GA,residential,4415254.4,29085636.0,2366818,Investor Owned,2022
7450,Grady Electric Membership Corp,GA,residential,37625.0,248393.0,19032,Cooperative,2022
7679,City of Griffin - (GA),GA,residential,20976.0,160493.0,13786,Municipal,2022
7887,Habersham Electric Membership Corp,GA,residential,56869.0,438518.0,33899,Cooperative,2022
8210,Hart Electric Member Corp,GA,residential,57504.0,410046.0,29326,Cooperative,2022
8333,Haywood Electric Member Corp,GA,residential,583.0,3612.0,421,Cooperative,2022
9431,Irwin Electric Membership Corp,GA,residential,20398.0,133760.0,10863,Cooperative,2022
9601,Jackson Electric Member Corp - (GA),GA,residential,404591.4,3327794.0,225116,Cooperative,2022
9689,Jefferson Electric Member Corp,GA,residential,58000.0,459678.0,34057,Cooperative,2022
10585,City of La Grange - (GA),GA,residential,16627.0,137140.0,11803,Municipal,2022
10624,Southern Rivers Energy,GA,residential,44102.0,298542.0,19704,Cooperative,2022
10800,City of Lawrenceville - (GA),GA,residential,14123.1,108057.0,11670,Municipal,2022
11646,City of Marietta - (GA),GA,residential,41150.0,351879.0,35618,Municipal,2022
12706,Mitchell Electric Member Corp,GA,residential,45401.7,289178.0,21178,Cooperative,2022
13547,"Newnan Wtr, Sewer & Light Comm",GA,residential,11229.0,94285.0,8720,Municipal,2022
13716,North Georgia Elec Member Corp,GA,residential,171649.0,1435545.0,88361,Cooperative,2022
13962,Oconee Electric Member Corp,GA,residential,20352.2,144165.0,10561,Cooperative,2022
14649,Planters Electric Member Corp,GA,residential,30491.1,225872.0,16152,Cooperative,2022
15700,Rayle Electric Membership Corp,GA,residential,30158.0,214462.0,16117,Cooperative,2022
16674,Satilla Rural Elec Member Corporation,GA,residential,99461.5,739023.0,52861,Cooperative,2022
16865,Sawnee Electric Membership Corporation,GA,residential,297589.0,2469224.0,174430,Cooperative,2022
17832,Snapping Shoals El Member Corp,GA,residential,188790.9,1574270.0,101592,Cooperative,2022
18305,Sumter Electric Member Corp,GA,residential,30436.9,227101.0,14921,Cooperative,2022
18397,City of Sylvania - (GA),GA,residential,2890.1,21324.0,1934,Municipal,2022
18499,Three Notch Elec Member Corp,GA,residential,21772.0,146333.0,13881,Cooperative,2022
18848,City of Thomasville - (GA),GA,residential,22330.7,187490.0,13668,Municipal,2022
18956,Tri-County Elec Member Corp (GA),GA,residential,42135.6,289840.0,20665,Cooperative,2022
19154,Tri-State Electric Member Corp,GA,residential,21465.0,156534.0,12740,Cooperative,2022
19219,Diverse Power Incorporated,GA,residential,75999.4,446648.0,30728,Cooperative,2022
20065,Walton Electric Member Corp,GA,residential,242083.3,1932954.0,127193,Cooperative,2022
20146,Washington Elec Member Corp,GA,residential,27226.0,187259.0,14981,Cooperative,2022
31833,Okefenoke Rural El Member Corp,GA,residential,50079.0,367000.0,26394,Cooperative,2022
40212,Colquitt Electric Membership Corp,GA,residential,115976.1,884946.0,64493,Cooperative,2022
8287,Hawaii Electric Light Co Inc,HI,residential,208195.4,434187.0,76932,Investor Owned,2022
10071,Kauai Island Utility Cooperative,HI,residential,75466.0,191955.0,29936,Cooperative,2022
11843,Maui Electric Co Ltd,HI,residential,174149.3,397618.0,63133,Investor Owned,2022
19547,Hawaiian Electric Co Inc,HI,residential,687629.3,1583392.0,274845,Investor Owned,2022
471,Amana Society Service Co,IA,residential,1088.0,7253.0,709,Investor Owned,2022
554,City of Ames - (IA),IA,residential,21208.0,180795.0,24889,Municipal,2022
2652,Butler County Rural Elec Coop - (IA),IA,residential,9754.0,71266.0,3890,Cooperative,2022
3203,Cedar Falls Utilities,IA,residential,20765.8,177578.0,17555,Municipal,2022
5588,East-Central Iowa Rural Elec Coop,IA,residential,15989.0,139574.0,8000,Cooperative,2022
5605,Eastern Iowa Light & Power Coop,IA,residential,40294.9,301356.0,20955,Cooperative,2022
6258,Federated Rural Electric Assn,IA,residential,102.0,946.0,53,Cooperative,2022
6782,Freeborn Mower Electric Cooperative,IA,residential,16.0,120.0,6,Cooperative,2022
8319,Heartland Power Coop,IA,residential,10741.1,87884.0,4339,Cooperative,2022
9230,City of Independence - (IA),IA,residential,3164.3,23119.0,2719,Municipal,2022
9417,Interstate Power and Light Co,IA,residential,673265.0,3792663.0,412497,Investor Owned,2022
9425,Iowa Lakes Electric Coop,IA,residential,22558.9,184628.0,9592,Cooperative,2022
11053,Linn County REC,IA,residential,40007.0,314181.0,28721,Cooperative,2022
11611,City of Maquoketa - (IA),IA,residential,3243.5,24941.0,2807,Municipal,2022
11788,Consumers Energy,IA,residential,12935.0,88579.0,6615,Cooperative,2022
12341,MidAmerican Energy Co,IA,residential,692489.1,6292473.0,618886,Investor Owned,2022
12450,Midland Power Coop,IA,residential,27457.0,217984.0,11683,Cooperative,2022
12642,Maquoketa Valley Rrl Elec Coop,IA,residential,18401.9,146956.0,10807,Cooperative,2022
13143,Board of Water Electric & Communications,IA,residential,12281.1,101809.0,10131,Municipal,2022
15291,Prairie Energy Coop,IA,residential,7538.3,58489.0,3468,Cooperative,2022
15349,City of Preston,IA,residential,570.8,3832.0,507,Municipal,2022
16611,Access Energy Coop,IA,residential,15534.8,119218.0,8806,Cooperative,2022
17260,North West Rural Electric Coop,IA,residential,22798.8,267162.0,9262,Cooperative,2022
19157,MiEnergy Cooperative,IA,residential,11862.7,76032.0,5970,Cooperative,2022
6169,Fall River Rural Elec Coop Inc,ID,residential,20446.0,207988.0,14225,Cooperative,2022
8699,Inland Power & Light Company,ID,residential,3079.6,36398.0,2035,Cooperative,2022
9187,City of Idaho Falls - (ID),ID,residential,26390.0,323413.0,26559,Municipal,2022
9191,Idaho Power Co,ID,residential,626554.7,5854670.0,498920,Investor Owned,2022
10454,Kootenai Electric Cooperative,ID,residential,43150.4,406138.0,28426,Cooperative,2022
11273,Lower Valley Energy Inc,ID,residential,1450.0,20455.0,1533,Cooperative,2022
12692,"Missoula Electric Coop, Inc",ID,residential,60.5,605.0,43,Cooperative,2022
13758,"Northern Lights, Inc",ID,residential,26959.0,238766.0,17343,Cooperative,2022
14354,PacifiCorp,ID,residential,88399.5,821083.0,71033,Investor Owned,2022
16565,Salmon River Electric Coop Inc,ID,residential,3430.0,37401.0,2317,Cooperative,2022
19502,"United Electric Co-op, Inc - (ID)",ID,residential,7459.0,106600.0,4863,Cooperative,2022
20169,Avista Corp,ID,residential,137048.0,1388385.0,123965,Investor Owned,2022
22814,Raft Rural Elec Coop Inc,ID,residential,2312.0,26037.0,1356,Cooperative,2022
970,Homefield Energy,IL,residential,169969.7,3675986.0,333852,Retail Power Marketer,2022
1325,City of Batavia - (IL),IL,residential,12467.0,88588.0,9893,Municipal,2022
3931,Coles-Moultrie Electric Coop,IL,residential,18607.0,121359.0,8461,Cooperative,2022
4100,"Commerce Energy, Inc.",IL,residential,32868.0,332907.0,34727,Retail Power Marketer,2022
4110,Commonwealth Edison Co,IL,residential,4007919.1,22049120.0,3006833,Investor Owned,2022
4362,Corn Belt Energy Corporation,IL,residential,57157.0,404431.0,34425,Cooperative,2022
5535,Egyptian Electric Coop Assn,IL,residential,28658.5,203273.0,13682,Cooperative,2022
5585,Eastern Illinois Elec Coop,IL,residential,26923.0,177443.0,11167,Cooperative,2022
6458,Energy Harbor Corp.,IL,residential,48283.6,806553.0,90824,Retail Power Marketer,2022
7096,City of Geneva- (IL),IL,residential,8924.0,78871.0,9032,Municipal,2022
7554,Green Mountain Energy Company,IL,residential,9229.2,66548.0,9647,Retail Power Marketer,2022
9750,"Jo-Carroll Energy, Inc",IL,residential,28710.6,160356.0,17473,Cooperative,2022
12341,MidAmerican Energy Co,IL,residential,68442.7,654994.0,73704,Investor Owned,2022
12395,Menard Electric Coop,IL,residential,18644.6,117813.0,9088,Cooperative,2022
13032,Mt Carmel Public Utility Co,IL,residential,7942.0,47349.0,4349,Investor Owned,2022
13208,City of Naperville - (IL),IL,residential,67323.8,517337.0,55329,Municipal,2022
13292,Norris Electric Coop,IL,residential,32714.0,256543.0,18004,Cooperative,2022
13374,"Constellation NewEnergy, Inc",IL,residential,61725.4,746309.0,82289,Retail Power Marketer,2022
14840,City of Peru - (IL),IL,residential,4415.0,37655.0,4728,Municipal,2022
16179,Rochelle Municipal Utilities,IL,residential,6218.0,73802.0,5906,Municipal,2022
16196,Rock Energy Cooperative,IL,residential,12236.0,85884.0,9347,Cooperative,2022
16740,Scenic Rivers Energy Coop,IL,residential,21.3,163.0,12,Cooperative,2022
17040,"Shelby Electric Coop, Inc",IL,residential,21817.6,129163.0,9755,Cooperative,2022
17585,"Southeastern IL Elec Coop, Inc",IL,residential,41705.0,340450.0,22500,Cooperative,2022
17697,Southwestern Electric Coop Inc - (IL),IL,residential,44328.6,341559.0,23557,Cooperative,2022
17710,"Spark Energy, LP",IL,residential,27745.0,157258.0,21472,Retail Power Marketer,2022
17828,City of Springfield - (IL),IL,residential,75071.4,630517.0,60222,Municipal,2022
17860,City of St Charles - (IL),IL,residential,17672.2,120352.0,13985,Municipal,2022
18955,"Tri-County Electric Coop, Inc (IL)",IL,residential,34306.1,242745.0,16159,Cooperative,2022
20222,Wayne-White Counties Elec Coop,IL,residential,23115.2,154764.0,11989,Cooperative,2022
54820,Direct Energy Services,IL,residential,47351.7,404693.0,49478,Retail Power Marketer,2022
55722,AEP Energy,IL,residential,18188.2,281451.0,27541,Retail Power Marketer,2022
55781,Liberty Power Corp.,IL,residential,1230.5,10199.0,4270,Retail Power Marketer,2022
55815,"IDT Energy, Inc.",IL,residential,4149.3,24745.0,4303,Retail Power Marketer,2022
55874,"Energy Services Providers, Inc",IL,residential,18459.0,162367.0,21314,Retail Power Marketer,2022
56212,"Ambit Energy Holdings, LLC",IL,residential,36031.0,388276.0,39958,Retail Power Marketer,2022
56265,Energy Plus Holdings LLC,IL,residential,8949.0,63837.0,7788,Retail Power Marketer,2022
56286,"Frontier Utilities, LLC",IL,residential,1217.5,8473.0,1282,Retail Power Marketer,2022
56379,"MC Squared Energy Services, LLC",IL,residential,61135.0,681440.0,66987,Retail Power Marketer,2022
56504,Major Energy Electric Services,IL,residential,591.0,3639.0,661,Retail Power Marketer,2022
56697,Ameren Illinois Company,IL,residential,1324693.0,6055726.0,531572,Investor Owned,2022
57037,Reliant Energy Northeast LLC,IL,residential,120007.0,964712.0,114251,Retail Power Marketer,2022
57067,"ENGIE Retail, LLC",IL,residential,1586.0,9048.0,1637,Retail Power Marketer,2022
57307,ENGIE Power & Gas LLC,IL,residential,590.0,3229.0,493,Retail Power Marketer,2022
57488,"XOOM Energy Illinois, LLC",IL,residential,13811.0,110825.0,14276,Retail Power Marketer,2022
58119,Public Power LLC (CT),IL,residential,826.0,7894.0,819,Retail Power Marketer,2022
58162,Viridian Energy PA LLC,IL,residential,4713.3,33584.0,3945,Retail Power Marketer,2022
58314,"Palmco Power IL, LLC",IL,residential,16428.7,133667.0,28826,Retail Power Marketer,2022
58667,"North American Power and Gas, LLC",IL,residential,2216.0,14160.0,1916,Retail Power Marketer,2022
58683,Everyday Energy LLC,IL,residential,335.1,2603.0,317,Retail Power Marketer,2022
58951,"CleanChoice Energy, Inc.",IL,residential,22250.2,131119.0,19370,Retail Power Marketer,2022
58952,Tomorow Energy Corp.,IL,residential,4177.9,17803.0,2589,Retail Power Marketer,2022
58953,"Star Energy Partners, LLC",IL,residential,7241.0,64487.0,10480,Retail Power Marketer,2022
58956,"SmartEnergy Holdings, LLC",IL,residential,25950.5,191307.0,26788,Retail Power Marketer,2022
58957,"Interstate Gas Supply, Inc.",IL,residential,19533.0,156809.0,20189,Retail Power Marketer,2022
58964,"Alpha Gas and Electric, LLC",IL,residential,4057.0,30541.0,4923,Retail Power Marketer,2022
58972,"Realgy, LLC",IL,residential,16729.9,140119.0,14466,Retail Power Marketer,2022
58974,Clearview Electric Inc.,IL,residential,17321.1,114423.0,13061,Retail Power Marketer,2022
59054,"Eligo Energy, LLC",IL,residential,24575.3,292573.0,38981,Retail Power Marketer,2022
59064,"Great American Power, LLC",IL,residential,2205.5,21429.0,3226,Retail Power Marketer,2022
59065,Titan Gas LLC,IL,residential,21.1,257.0,14,Retail Power Marketer,2022
59088,"Nordic Energy Services, LLC",IL,residential,10131.1,63430.0,6942,Retail Power Marketer,2022
59310,"Inspire Energy Holdings, LLC",IL,residential,9493.0,84539.0,10478,Retail Power Marketer,2022
59385,"Dynegy Energy Services, LLC",IL,residential,39167.6,622630.0,59147,Retail Power Marketer,2022
59795,"Starion Energy PA, Inc.",IL,residential,0.9,9.0,20,Retail Power Marketer,2022
59797,Park Power LLC,IL,residential,901.7,7058.0,1023,Retail Power Marketer,2022
59799,American Power & Gas,IL,residential,974.6,8361.0,940,Retail Power Marketer,2022
59807,"Rushmore Energy, LLC",IL,residential,4040.9,43665.0,6347,Retail Power Marketer,2022
59809,"Residents Energy, LLC",IL,residential,25281.0,192581.0,24431,Retail Power Marketer,2022
59810,Greenlight Energy Inc.,IL,residential,454.8,3341.0,525,Retail Power Marketer,2022
59811,Santanna Energy Services,IL,residential,7939.8,66435.0,7395,Retail Power Marketer,2022
59848,"ResCom Energy, LLC",IL,residential,33.2,313.0,118,Retail Power Marketer,2022
59931,"MidAmerican Energy Services, LLC",IL,residential,196.4,3071.0,283,Retail Power Marketer,2022
59958,"Mega Energy of Illinois, LLC",IL,residential,6716.0,46276.0,7320,Retail Power Marketer,2022
60218,MPower Energy NJ LLC,IL,residential,359.4,2474.0,469,Retail Power Marketer,2022
60696,"Vista Energy Marketing, L.P.",IL,residential,8548.4,59500.0,8783,Retail Power Marketer,2022
61092,"Stream Energy Illinois, LLC",IL,residential,3727.3,35554.0,4867,Retail Power Marketer,2022
61367,South Bay Energy Corp.,IL,residential,157.0,1049.0,164,Retail Power Marketer,2022
61922,"Pure Energy USA, LLC",IL,residential,3010.0,15376.0,2443,Retail Power Marketer,2022
62094,"SFE Energy Illinois, Inc.",IL,residential,426.0,4960.0,584,Retail Power Marketer,2022
63029,Josco Energy IL LLC,IL,residential,116.3,757.0,170,Retail Power Marketer,2022
63695,"RPA Energy, Inc.",IL,residential,11129.0,63127.0,10616,Retail Power Marketer,2022
64543,StateWise Energy Illinois LLC,IL,residential,61.0,1452.0,167,Retail Power Marketer,2022
65310,Energywell LLC,IL,residential,221.9,1157.0,1967,Retail Power Marketer,2022
636,City of Anderson - (IN),IN,residential,37186.3,312486.0,30442,Municipal,2022
994,City of Auburn - (IN),IN,residential,6950.4,65823.0,6753,Municipal,2022
1283,Bartholomew County Rural E M C,IN,residential,22519.7,159466.0,11262,Cooperative,2022
1896,City of Bluffton - (IN),IN,residential,4757.0,49705.0,4900,Municipal,2022
4508,"Crawfordsville Elec, Lgt & Pwr",IN,residential,10614.1,86697.0,8546,Municipal,2022
4848,Daviess Martin County R E M C,IN,residential,16964.0,123628.0,7824,Cooperative,2022
4960,Decatur County Rural E M C,IN,residential,16734.0,117739.0,7960,Cooperative,2022
5394,Dubois Rural Electric Coop Inc,IN,residential,21281.0,169439.0,13210,Cooperative,2022
6707,City of Frankfort - (IN),IN,residential,8303.0,75864.0,7750,Municipal,2022
7627,City of Greenfield - (IN),IN,residential,11990.0,104619.0,11114,Municipal,2022
8000,NineStar Connect,IN,residential,37319.0,254074.0,16478,Cooperative,2022
8179,Harrison County Rural E M C,IN,residential,44473.4,366291.0,22696,Cooperative,2022
8447,Hendricks County Rural E M C,IN,residential,66214.7,520225.0,35657,Cooperative,2022
9273,Indianapolis Power & Light Co,IN,residential,688487.0,5305095.0,458585,Investor Owned,2022
9324,Indiana Michigan Power Co,IN,residential,683180.0,4331864.0,416618,Investor Owned,2022
9576,Jackson County Rural E M C - (IN),IN,residential,51653.0,387596.0,23939,Cooperative,2022
9613,City of Lebanon - (IN),IN,residential,8833.8,79015.0,7816,Municipal,2022
9665,Jasper County Rural E M C,IN,residential,14675.6,104193.0,7618,Cooperative,2022
9667,City of Jasper - (IN),IN,residential,7430.9,72285.0,6346,Municipal,2022
9778,Johnson County Rural E M C,IN,residential,46983.2,363058.0,27200,Cooperative,2022
9999,Kankakee Valley Rural E M C,IN,residential,30241.2,220883.0,18821,Cooperative,2022
10448,Kosciusko County Rural E M C,IN,residential,23628.5,194129.0,17347,Cooperative,2022
11142,City of Logansport - (IN),IN,residential,10661.2,104225.0,11271,Municipal,2022
12377,Midwest Energy Cooperative,IN,residential,720.5,4031.0,308,Cooperative,2022
12674,City of Mishawaka,IN,residential,19290.1,184922.0,24832,Municipal,2022
12929,South Central Indiana REMC,IN,residential,70666.0,462724.0,34203,Cooperative,2022
13647,Noble County R E M C,IN,residential,17640.8,139612.0,10896,Cooperative,2022
13756,Northern Indiana Pub Serv Co,IN,residential,592426.1,3482939.0,424735,Investor Owned,2022
14599,"Paulding-Putman Elec Coop, Inc",IN,residential,6194.2,41311.0,3624,Cooperative,2022
14839,City of Peru - (IN),IN,residential,10297.0,91278.0,8867,Municipal,2022
15470,"Duke Energy Indiana, LLC",IN,residential,1429517.1,9437169.0,770371,Investor Owned,2022
15989,City of Richmond - (IN),IN,residential,21580.7,187915.0,16261,Municipal,2022
17038,RushShelby Energy,IN,residential,30701.0,209145.0,14622,Cooperative,2022
17599,Southeastern Indiana R E M C,IN,residential,53066.0,369795.0,25783,Cooperative,2022
17633,Southern Indiana Gas & Elec Co,IN,residential,242159.8,1398173.0,131706,Investor Owned,2022
18940,Tipmont Rural Elec Member Corp,IN,residential,49662.6,333992.0,27354,Cooperative,2022
19445,"Southern Indiana R E C, Inc",IN,residential,15121.0,111213.0,8852,Cooperative,2022
19667,Utilities Dist-Western IN REMC,IN,residential,37025.8,251643.0,18666,Cooperative,2022
20216,Whitewater Valley Rural EMC,IN,residential,23102.0,171945.0,11936,Cooperative,2022
20603,Northeastern Rural E M C,IN,residential,51360.1,360480.0,28628,Cooperative,2022
22822,Clark County Rural E M C - (IN),IN,residential,52283.1,386273.0,25826,Cooperative,2022
24753,Boone County Rural EMC,IN,residential,38261.0,254646.0,16710,Cooperative,2022
25295,Western Indiana Energy REMC,IN,residential,26995.7,221418.0,14941,Cooperative,2022
27599,Carroll-White REMC,IN,residential,27923.0,196425.0,14648,Cooperative,2022
59505,Heartland REMC,IN,residential,36863.0,269107.0,17777,Cooperative,2022
296,"Alfalfa Electric Coop, Inc",KS,residential,461.0,3889.0,216,Cooperative,2022
2774,CMS Electric Coop Inc,KS,residential,5412.4,27581.0,3187,Cooperative,2022
3355,City of Chanute,KS,residential,5354.0,45837.0,4583,Municipal,2022
3892,City of Coffeyville - (KS),KS,residential,6352.4,52025.0,4769,Municipal,2022
5860,Empire District Electric Co,KS,residential,16391.6,114286.0,8249,Investor Owned,2022
6941,City of Garden City,KS,residential,12100.0,86000.0,10300,Municipal,2022
9996,City of Kansas City - (KS),KS,residential,85000.0,598338.0,59859,Municipal,2022
10000,Evergy Metro,KS,residential,385528.5,2967054.0,239597,Investor Owned,2022
10005,"Evergy Kansas South, Inc",KS,residential,469849.7,3330071.0,295902,Investor Owned,2022
10019,FreeState Electric Coop,KS,residential,36401.0,231179.0,17263,Cooperative,2022
12208,City of McPherson - (KS),KS,residential,8638.3,95777.0,7405,Municipal,2022
12524,Midwest Energy Inc,KS,residential,39737.5,328352.0,29822,Cooperative,2022
13799,Prairie Land Electric Coop Inc,KS,residential,20310.8,139236.0,13399,Cooperative,2022
15073,"Pioneer Electric Coop, Inc - (KS)",KS,residential,8292.0,65859.0,5033,Cooperative,2022
19160,"Tri-County Electric Coop, Inc (OK)",KS,residential,1519.9,8964.0,1052,Cooperative,2022
19820,Victory Electric Coop Assn Inc,KS,residential,20216.0,150422.0,13986,Cooperative,2022
20476,Western Coop Electric Assn Inc,KS,residential,9412.1,63685.0,5766,Cooperative,2022
20510,"Wheatland Electric Coop, Inc",KS,residential,30796.3,220824.0,20323,Cooperative,2022
20813,City of Winfield - (KS),KS,residential,11344.8,61160.0,6499,Municipal,2022
22500,"Evergy Kansas Central, Inc",KS,residential,513197.3,3623878.0,338432,Investor Owned,2022
60839,Southern Pioneer Electric Company,KS,residential,21518.0,122688.0,12529,Cooperative,2022
690,City of Bardstown - (KY),KY,residential,4461.0,42524.0,3426,Municipal,2022
1582,City of Benton - (KY),KY,residential,3257.0,23894.0,1854,Municipal,2022
1708,Big Sandy Rural Elec Coop Corp,KY,residential,22501.0,164357.0,11712,Cooperative,2022
1886,Blue Grass Energy Coop Corp,KY,residential,109313.0,875129.0,58839,Cooperative,2022
2056,City of Bowling Green - (KY),KY,residential,34055.0,287022.0,26291,Municipal,2022
3687,Clark Energy Coop Inc - (KY),KY,residential,45636.0,337704.0,25633,Cooperative,2022
4622,"Cumberland Valley Electric, Inc.",KY,residential,39615.0,309274.0,22303,Cooperative,2022
6194,Farmers Rural Electric Coop Corp - (KY),KY,residential,41695.0,327573.0,24599,Cooperative,2022
6442,Fleming-Mason Energy Coop Inc,KY,residential,38034.0,300658.0,23667,Cooperative,2022
6708,City of Frankfort - (KY),KY,residential,22005.0,209154.0,16708,Municipal,2022
6718,City of Franklin - (KY),KY,residential,7152.0,53996.0,4371,Municipal,2022
6840,City of Fulton - (KY),KY,residential,1952.0,14570.0,1201,Municipal,2022
7174,Gibson Electric Members Corp,KY,residential,4841.0,36798.0,2541,Cooperative,2022
7270,City of Glasgow - (KY),KY,residential,9157.0,66503.0,5663,Municipal,2022
7558,Grayson Rural Electric Coop Corp,KY,residential,28108.0,172197.0,14329,Cooperative,2022
8449,Henderson City Utility Comm,KY,residential,10237.3,121179.0,10280,Municipal,2022
8548,City of Hickman,KY,residential,1451.0,9122.0,842,Municipal,2022
8846,City of Hopkinsville,KY,residential,14835.0,121019.0,9879,Municipal,2022
9292,Inter County Energy Coop Corp,KY,residential,51078.0,358189.0,26404,Cooperative,2022
9575,Jackson Energy Coop Corp - (KY),KY,residential,98170.4,705969.0,48954,Cooperative,2022
9605,Jackson Purchase Energy Corporation,KY,residential,55981.6,367449.0,25574,Cooperative,2022
9697,City of Jellico,KY,residential,2965.0,24093.0,1772,Municipal,2022
9964,Kenergy Corp,KY,residential,103117.0,707928.0,47119,Cooperative,2022
10171,Kentucky Utilities Co,KY,residential,752019.4,6169015.0,443576,Investor Owned,2022
11011,Licking Valley Rural E C C,KY,residential,27743.0,191769.0,16505,Cooperative,2022
11249,Louisville Gas & Electric Co,KY,residential,522265.0,4230691.0,378001,Investor Owned,2022
11488,Madisonville Municipal Utils,KY,residential,8191.0,63582.0,6914,Municipal,2022
11871,City of Mayfield Plant Board,KY,residential,6008.0,45026.0,4245,Municipal,2022
12243,Meade County Rural E C C,KY,residential,50767.2,355117.0,28813,Cooperative,2022
13138,City of Murray - (KY),KY,residential,8889.0,65664.0,6137,Municipal,2022
13651,Nolin Rural Electric Coop Corp,KY,residential,65724.0,500681.0,34725,Cooperative,2022
14251,Owen Electric Coop Inc,KY,residential,109240.0,849522.0,62542,Cooperative,2022
14268,City of Owensboro - (KY),KY,residential,28304.3,219311.0,23057,Municipal,2022
14371,City of Paducah - (KY),KY,residential,32973.7,209944.0,18862,Municipal,2022
14724,Pennyrile Rural Electric Coop,KY,residential,78939.0,608998.0,40062,Cooperative,2022
16459,City of Russellville - (KY),KY,residential,4705.0,39244.0,3292,Municipal,2022
16587,Salt River Electric Coop Corp,KY,residential,87207.0,780339.0,52081,Cooperative,2022
17044,"Shelby Energy Co-op, Inc",KY,residential,33031.0,253093.0,16866,Cooperative,2022
17564,South Kentucky Rural E C C,KY,residential,103745.6,805936.0,64149,Cooperative,2022
18498,Taylor County Rural E C C,KY,residential,36951.0,311990.0,24578,Cooperative,2022
19162,Tri-County Elec Member Corp (TN),KY,residential,36202.0,290829.0,20298,Cooperative,2022
19446,Duke Energy Kentucky,KY,residential,200134.4,1518206.0,134068,Investor Owned,2022
20130,Warren Rural Elec Coop Corp,KY,residential,110018.0,918414.0,58877,Cooperative,2022
20377,West Kentucky Rural E C C,KY,residential,59802.0,449480.0,30899,Cooperative,2022
22053,Kentucky Power Co,KY,residential,315955.0,1968490.0,132619,Investor Owned,2022
49998,City of Berea Municipal Utility,KY,residential,5318.3,59255.0,4710,Municipal,2022
298,City of Alexandria - (LA),LA,residential,34803.0,293739.0,20046,Municipal,2022
1458,"Beauregard Electric Coop, Inc",LA,residential,78874.0,634745.0,39678,Cooperative,2022
3265,Cleco Power LLC,LA,residential,558247.0,3787257.0,249860,Investor Owned,2022
3641,"Claiborne Electric Coop, Inc",LA,residential,35149.0,313742.0,21626,Cooperative,2022
4153,"Concordia Electric Coop, Inc",LA,residential,17210.0,141146.0,11884,Cooperative,2022
5202,Dixie Electric Membership Corp,LA,residential,243146.3,1685368.0,107079,Cooperative,2022
8884,Terrebonne Parish Consol Gov't,LA,residential,22053.7,167412.0,10716,Municipal,2022
9096,City of Lafayette - (LA),LA,residential,102150.0,851520.0,58774,Municipal,2022
9682,"Jefferson Davis Elec Coop, Inc",LA,residential,18578.0,132052.0,8718,Cooperative,2022
11241,Entergy Louisiana LLC,LA,residential,1775551.6,13986531.0,949440,Investor Owned,2022
13228,City of Natchitoches,LA,residential,10705.4,93276.0,7280,Municipal,2022
13478,"Entergy New Orleans, LLC",LA,residential,328757.4,2364348.0,187760,Investor Owned,2022
13783,Northeast Louisiana Power Coop Inc.,LA,residential,22117.0,199995.0,11583,Cooperative,2022
14424,"Panola-Harrison Elec Coop, Inc",LA,residential,18099.8,135848.0,8503,Cooperative,2022
15175,Pointe Coupee Elec Member Corp,LA,residential,15136.0,121626.0,8250,Cooperative,2022
16463,City of Ruston - (LA),LA,residential,4866.0,110804.0,9608,Municipal,2022
17565,South Louisiana Elec Coop Assn,LA,residential,29415.6,264727.0,17132,Cooperative,2022
17684,Southwest Louisiana E M C,LA,residential,199492.7,1819805.0,105517,Cooperative,2022
17698,Southwestern Electric Power Co,LA,residential,402137.7,3029121.0,207487,Investor Owned,2022
21567,"Washington-St Tammany E C, Inc",LA,residential,89766.3,811765.0,50076,Cooperative,2022
2144,Town of Braintree - (MA),MA,residential,17572.0,119243.0,14006,Municipal,2022
3477,City of Chicopee - (MA),MA,residential,32445.4,201694.0,23207,Municipal,2022
5480,Town of Danvers,MA,residential,15814.3,96531.0,11486,Municipal,2022
6374,Fitchburg Gas & Elec Light Co,MA,residential,43757.0,116212.0,18525,Investor Owned,2022
7279,"NextEra Energy Services, LLC",MA,residential,132047.0,1112685.0,113978,Retail Power Marketer,2022
7554,Green Mountain Energy Company,MA,residential,2013.8,11094.0,1797,Retail Power Marketer,2022
8774,City of Holyoke - (MA),MA,residential,15360.0,110165.0,14976,Municipal,2022
8973,Town of Hudson - (MA),MA,residential,12928.3,105020.0,11396,Municipal,2022
9949,Just Energy,MA,residential,4775.3,28143.0,5122,Retail Power Marketer,2022
11085,Town of Littleton - (MA),MA,residential,9471.3,69774.0,6684,Municipal,2022
11586,Town of Mansfield - (MA),MA,residential,12396.8,84148.0,9381,Municipal,2022
11804,Massachusetts Electric Co,MA,residential,1697538.7,4008052.0,611277,Investor Owned,2022
12473,Town of Middleborough - (MA),MA,residential,19957.0,138299.0,15165,Municipal,2022
13206,Nantucket Electric Co,MA,residential,21027.9,18578.0,2033,Investor Owned,2022
13374,"Constellation NewEnergy, Inc",MA,residential,337656.9,3052519.0,453240,Retail Power Marketer,2022
13679,Town of North Attleborough - (MA),MA,residential,17709.3,114521.0,12530,Municipal,2022
13839,City of Norwood - (MA),MA,residential,15681.0,90880.0,13791,Municipal,2022
14605,City of Peabody - (MA),MA,residential,24709.3,196321.0,22203,Municipal,2022
15748,Town of Reading - (MA),MA,residential,43930.0,259411.0,28410,Municipal,2022
17127,Town of Shrewsbury - (MA),MA,residential,18659.0,137976.0,15044,Municipal,2022
18087,Town of Sterling - (MA),MA,residential,5516.0,32639.0,3567,Municipal,2022
18488,City of Taunton,MA,residential,49193.0,285649.0,34401,Municipal,2022
20310,Town of Wellesley - (MA),MA,residential,16356.2,108115.0,9323,Municipal,2022
20481,City of Westfield - (MA),MA,residential,23139.3,133275.0,16170,Municipal,2022
54820,Direct Energy Services,MA,residential,236839.2,1984141.0,243537,Retail Power Marketer,2022
54913,NSTAR Electric Company,MA,residential,1579716.0,2446486.0,432255,Investor Owned,2022
55781,Liberty Power Corp.,MA,residential,199.3,992.0,1047,Retail Power Marketer,2022
55874,"Energy Services Providers, Inc",MA,residential,5369.0,30364.0,5045,Retail Power Marketer,2022
56212,"Ambit Energy Holdings, LLC",MA,residential,16109.0,88384.0,11550,Retail Power Marketer,2022
56265,Energy Plus Holdings LLC,MA,residential,1827.0,10495.0,1571,Retail Power Marketer,2022
56504,Major Energy Electric Services,MA,residential,4452.0,19553.0,3213,Retail Power Marketer,2022
57037,Reliant Energy Northeast LLC,MA,residential,49859.0,267755.0,38687,Retail Power Marketer,2022
57067,"ENGIE Retail, LLC",MA,residential,5144.3,26075.0,3494,Retail Power Marketer,2022
57489,"XOOM Energy Massachusetts, LLC",MA,residential,4256.0,27107.0,3891,Retail Power Marketer,2022
58119,Public Power LLC (CT),MA,residential,789.0,5505.0,684,Retail Power Marketer,2022
58161,Viridian Energy LLC,MA,residential,13576.4,82920.0,11427,Retail Power Marketer,2022
58683,Everyday Energy LLC,MA,residential,100.3,663.0,117,Retail Power Marketer,2022
58747,"Provider Power MASS, LLC",MA,residential,20597.0,117359.0,15935,Retail Power Marketer,2022
58799,"Mega Energy of New England, LLC",MA,residential,2468.0,10296.0,1476,Retail Power Marketer,2022
58951,"CleanChoice Energy, Inc.",MA,residential,51328.7,200111.0,34703,Retail Power Marketer,2022
58956,"SmartEnergy Holdings, LLC",MA,residential,15840.8,75660.0,13971,Retail Power Marketer,2022
58964,"Alpha Gas and Electric, LLC",MA,residential,4452.4,19553.0,3213,Retail Power Marketer,2022
58974,Clearview Electric Inc.,MA,residential,17578.6,89080.0,10715,Retail Power Marketer,2022
59052,Astral Energy LLC,MA,residential,13.1,120.0,13,Retail Power Marketer,2022
59054,"Eligo Energy, LLC",MA,residential,10200.9,47605.0,7584,Retail Power Marketer,2022
59059,Town Square Energy,MA,residential,11130.3,63034.0,8497,Retail Power Marketer,2022
59065,Titan Gas LLC,MA,residential,9953.3,75450.0,7685,Retail Power Marketer,2022
59088,"Nordic Energy Services, LLC",MA,residential,4513.0,21847.0,4547,Retail Power Marketer,2022
59127,"Sunwave Gas & Power Connecticut, Inc.",MA,residential,117.6,611.0,286,Retail Power Marketer,2022
59310,"Inspire Energy Holdings, LLC",MA,residential,60803.4,411908.0,57931,Retail Power Marketer,2022
59313,"Palmco Power MA, LLC",MA,residential,9665.7,36862.0,6591,Retail Power Marketer,2022
59385,"Dynegy Energy Services, LLC",MA,residential,132511.8,1277042.0,165707,Retail Power Marketer,2022
59620,Verde Energy USA,MA,residential,11339.0,44506.0,7052,Retail Power Marketer,2022
59734,"SFE Energy Massachusetts, Inc.",MA,residential,11409.0,59636.0,9852,Retail Power Marketer,2022
59793,"First Point Power, LLC",MA,residential,43397.8,373668.0,43038,Retail Power Marketer,2022
59794,"Starion Energy, Inc.",MA,residential,11.1,98.0,69,Retail Power Marketer,2022
59799,American Power & Gas,MA,residential,3.5,16.0,2,Retail Power Marketer,2022
59809,"Residents Energy, LLC",MA,residential,35328.2,225289.0,34584,Retail Power Marketer,2022
59931,"MidAmerican Energy Services, LLC",MA,residential,5.4,48.0,7,Retail Power Marketer,2022
59993,Discount Power Inc - (CT),MA,residential,9115.6,41550.0,6785,Retail Power Marketer,2022
61059,"Renaissance Power & Gas, Inc.",MA,residential,1371.0,6880.0,1273,Retail Power Marketer,2022
61200,"Summer Energy Northeast, LLC",MA,residential,845.0,3877.0,563,Retail Power Marketer,2022
63232,"National Gas & Electric, LLC",MA,residential,7683.3,35442.0,5779,Retail Power Marketer,2022
65310,Energywell LLC,MA,residential,626.8,3611.0,3193,Retail Power Marketer,2022
84,A & N Electric Coop,MD,residential,301.4,2337.0,261,Cooperative,2022
113,"Agway Energy Services, LLC",MD,residential,11.7,71.0,8,Retail Power Marketer,2022
1167,Baltimore Gas & Electric Co,MD,residential,1561122.8,10474761.0,965223,Investor Owned,2022
3503,"Choptank Electric Cooperative, Inc",MD,residential,107786.0,694080.0,50069,Cooperative,2022
4100,"Commerce Energy, Inc.",MD,residential,19222.6,162885.0,15517,Retail Power Marketer,2022
5027,Delmarva Power,MD,residential,332816.9,1970953.0,164904,Investor Owned,2022
5625,Easton Utilities Comm,MD,residential,14409.5,108615.0,8578,Municipal,2022
6458,Energy Harbor Corp.,MD,residential,2649.2,31820.0,2321,Retail Power Marketer,2022
7279,"NextEra Energy Services, LLC",MD,residential,127.1,1378.0,96,Retail Power Marketer,2022
7554,Green Mountain Energy Company,MD,residential,4315.8,27854.0,2682,Retail Power Marketer,2022
7908,Hagerstown Light Department,MD,residential,12736.3,165334.0,14914,Municipal,2022
13374,"Constellation NewEnergy, Inc",MD,residential,129991.2,1445166.0,80612,Retail Power Marketer,2022
15263,The Potomac Edison Company,MD,residential,335889.1,3125996.0,228961,Investor Owned,2022
15270,Potomac Electric Power Co,MD,residential,797844.6,4769046.0,458433,Investor Owned,2022
17637,Southern Maryland Elec Coop Inc,MD,residential,336551.6,2189282.0,153234,Cooperative,2022
17710,"Spark Energy, LP",MD,residential,3691.0,22096.0,2279,Retail Power Marketer,2022
20659,"WGL Energy Services, Inc.",MD,residential,34094.0,342508.0,33842,Retail Power Marketer,2022
54820,Direct Energy Services,MD,residential,30712.1,260803.0,23382,Retail Power Marketer,2022
55722,AEP Energy,MD,residential,2464.0,27236.0,1855,Retail Power Marketer,2022
55781,Liberty Power Corp.,MD,residential,5.2,46.0,119,Retail Power Marketer,2022
55815,"IDT Energy, Inc.",MD,residential,7854.1,45015.0,5364,Retail Power Marketer,2022
55874,"Energy Services Providers, Inc",MD,residential,11224.0,76224.0,7714,Retail Power Marketer,2022
56212,"Ambit Energy Holdings, LLC",MD,residential,10078.0,98614.0,8199,Retail Power Marketer,2022
56265,Energy Plus Holdings LLC,MD,residential,3277.0,22319.0,2022,Retail Power Marketer,2022
56504,Major Energy Electric Services,MD,residential,5143.0,35181.0,3252,Retail Power Marketer,2022
56571,AP Holdings LLC,MD,residential,460.9,3097.0,302,Retail Power Marketer,2022
56876,"Stream Energy Maryland, LLC",MD,residential,7434.3,48330.0,4152,Retail Power Marketer,2022
57037,Reliant Energy Northeast LLC,MD,residential,34958.0,248267.0,21601,Retail Power Marketer,2022
57067,"ENGIE Retail, LLC",MD,residential,691.1,3934.0,391,Retail Power Marketer,2022
57185,"Palmco Power MD, LLC",MD,residential,6282.0,26298.0,3932,Retail Power Marketer,2022
57307,ENGIE Power & Gas LLC,MD,residential,371.6,1865.0,187,Retail Power Marketer,2022
57490,"XOOM Energy Maryland, LLC",MD,residential,15162.0,104343.0,9573,Retail Power Marketer,2022
58116,"Public Power & Utility of Maryland, LLC",MD,residential,7041.0,61151.0,2870,Retail Power Marketer,2022
58162,Viridian Energy PA LLC,MD,residential,3367.9,21715.0,1985,Retail Power Marketer,2022
58667,"North American Power and Gas, LLC",MD,residential,3299.0,21810.0,1725,Retail Power Marketer,2022
58951,"CleanChoice Energy, Inc.",MD,residential,47138.2,248960.0,27191,Retail Power Marketer,2022
58952,Tomorow Energy Corp.,MD,residential,8678.3,51686.0,4907,Retail Power Marketer,2022
58953,"Star Energy Partners, LLC",MD,residential,2553.4,22064.0,3189,Retail Power Marketer,2022
58956,"SmartEnergy Holdings, LLC",MD,residential,9765.6,57929.0,5848,Retail Power Marketer,2022
58957,"Interstate Gas Supply, Inc.",MD,residential,1943.0,14727.0,1696,Retail Power Marketer,2022
58964,"Alpha Gas and Electric, LLC",MD,residential,1672.3,12859.0,1587,Retail Power Marketer,2022
58973,"Town Square Energy East, LLC",MD,residential,159.2,903.0,82,Retail Power Marketer,2022
58974,Clearview Electric Inc.,MD,residential,6932.6,44327.0,3817,Retail Power Marketer,2022
59052,Astral Energy LLC,MD,residential,16.4,221.0,9,Retail Power Marketer,2022
59054,"Eligo Energy, LLC",MD,residential,4599.2,26304.0,2309,Retail Power Marketer,2022
59062,"Horizon Power and Light, LLC",MD,residential,1463.0,12300.0,803,Retail Power Marketer,2022
59064,"Great American Power, LLC",MD,residential,1537.9,14801.0,1471,Retail Power Marketer,2022
59065,Titan Gas LLC,MD,residential,9712.7,81095.0,6575,Retail Power Marketer,2022
59084,"SFE Energy Maryland, Inc.",MD,residential,11860.0,100610.0,10640,Retail Power Marketer,2022
59088,"Nordic Energy Services, LLC",MD,residential,527.2,3202.0,478,Retail Power Marketer,2022
59310,"Inspire Energy Holdings, LLC",MD,residential,45574.0,363618.0,34958,Retail Power Marketer,2022
59410,"Shipley Choice, LLC",MD,residential,501.1,3919.0,305,Retail Power Marketer,2022
59793,"First Point Power, LLC",MD,residential,6.5,38.0,1,Retail Power Marketer,2022
59795,"Starion Energy PA, Inc.",MD,residential,0.9,14.0,24,Retail Power Marketer,2022
59797,Park Power LLC,MD,residential,2202.4,15570.0,2046,Retail Power Marketer,2022
59799,American Power & Gas,MD,residential,2117.2,12065.0,888,Retail Power Marketer,2022
59807,"Rushmore Energy, LLC",MD,residential,2393.5,21547.0,2242,Retail Power Marketer,2022
59810,Greenlight Energy Inc.,MD,residential,5503.0,34811.0,3496,Retail Power Marketer,2022
59931,"MidAmerican Energy Services, LLC",MD,residential,569.4,7942.0,489,Retail Power Marketer,2022
59993,Discount Power Inc - (CT),MD,residential,1158.9,6628.0,614,Retail Power Marketer,2022
60041,Planet Energy,MD,residential,89.3,1302.0,179,Retail Power Marketer,2022
60124,Spring Energy RRH LLC,MD,residential,2384.0,12914.0,1352,Retail Power Marketer,2022
60218,MPower Energy NJ LLC,MD,residential,5357.4,31242.0,5029,Retail Power Marketer,2022
61972,"SunSea Energy, LLC",MD,residential,979.0,3941.0,861,Retail Power Marketer,2022
62154,StateWise Energy Maryland LLC,MD,residential,4423.0,37062.0,3751,Retail Power Marketer,2022
63028,Josco Energy USA LLC,MD,residential,1522.8,9248.0,1309,Retail Power Marketer,2022
63168,Median Energy Corp.,MD,residential,277.8,1784.0,380,Retail Power Marketer,2022
63232,"National Gas & Electric, LLC",MD,residential,2313.1,13512.0,1272,Retail Power Marketer,2022
63695,"RPA Energy, Inc.",MD,residential,3022.0,15302.0,2261,Retail Power Marketer,2022
65310,Energywell LLC,MD,residential,108.6,564.0,548,Retail Power Marketer,2022
1179,Versant Power,ME,residential,201118.1,837572.0,129433,Investor Owned,2022
3266,Central Maine Power Co,ME,residential,855039.0,3643493.0,512210,Investor Owned,2022
5609,Eastern Maine Electric Coop,ME,residential,10528.8,62784.0,10667,Cooperative,2022
8883,Houlton Water Company,ME,residential,3787.0,33699.0,3907,Municipal,2022
11477,Town of Madison - (ME),ME,residential,2961.0,19376.0,2350,Municipal,2022
13374,"Constellation NewEnergy, Inc",ME,residential,541.1,7469.0,741,Retail Power Marketer,2022
56212,"Ambit Energy Holdings, LLC",ME,residential,5000.0,40449.0,5314,Retail Power Marketer,2022
56504,Major Energy Electric Services,ME,residential,128.7,642.0,217,Retail Power Marketer,2022
57067,"ENGIE Retail, LLC",ME,residential,1727.7,12504.0,1792,Retail Power Marketer,2022
58085,"Electricity Maine, LLC",ME,residential,24052.0,171601.0,26067,Retail Power Marketer,2022
58158,FairPoint Energy LLC,ME,residential,3819.1,24293.0,4756,Retail Power Marketer,2022
58196,"C. N. Brown Electricity, LLC",ME,residential,3191.0,32948.0,4301,Retail Power Marketer,2022
58630,"XOOM Energy Maine, LLC",ME,residential,814.0,4977.0,740,Retail Power Marketer,2022
58667,"North American Power and Gas, LLC",ME,residential,2540.0,17480.0,2509,Retail Power Marketer,2022
58956,"SmartEnergy Holdings, LLC",ME,residential,13718.3,84458.0,10986,Retail Power Marketer,2022
58974,Clearview Electric Inc.,ME,residential,971.0,5046.0,1116,Retail Power Marketer,2022
59057,"Mega Energy of Maine, LLC",ME,residential,139.0,851.0,122,Retail Power Marketer,2022
59059,Town Square Energy,ME,residential,1576.4,8823.0,1435,Retail Power Marketer,2022
59793,"First Point Power, LLC",ME,residential,168.3,2005.0,264,Retail Power Marketer,2022
65310,Energywell LLC,ME,residential,258.0,1938.0,1740,Retail Power Marketer,2022
305,Alger-Delta Coop Electric Assn,MI,residential,11015.9,53250.0,9741,Cooperative,2022
392,Alpena Power Co,MI,residential,12855.2,89727.0,13740,Investor Owned,2022
1196,Village of Baraga - (MI),MI,residential,402.5,2811.0,551,Municipal,2022
1366,City of Bay City - (MI),MI,residential,20821.3,130071.0,17936,Municipal,2022
3436,Cherryland Electric Coop Inc,MI,residential,43603.5,291679.0,34190,Cooperative,2022
3828,Cloverland Electric Co-op,MI,residential,39897.7,298461.0,35684,Cooperative,2022
3915,Coldwater Board of Public Util,MI,residential,5923.0,43605.0,5973,Municipal,2022
4254,Consumers Energy Co,MI,residential,2349950.0,12976844.0,1645580,Investor Owned,2022
4604,City of Crystal Falls,MI,residential,1298.0,8017.0,1296,Municipal,2022
5109,DTE Electric Company,MI,residential,2910770.0,15844478.0,2047944,Investor Owned,2022
7265,City of Gladstone,MI,residential,2341.3,16860.0,2535,Municipal,2022
7483,City of Grand Haven - (MI),MI,residential,12577.5,89722.0,12991,Municipal,2022
8723,City of Holland,MI,residential,21340.0,188945.0,25580,Municipal,2022
9324,Indiana Michigan Power Co,MI,residential,189196.0,1175727.0,111731,Investor Owned,2022
10508,Village of L'Anse - (MI),MI,residential,869.7,5045.0,966,Municipal,2022
10704,City of Lansing - (MI),MI,residential,91932.0,578323.0,86675,Municipal,2022
11701,City of Marquette - (MI),MI,residential,18070.2,98790.0,14912,Municipal,2022
12377,Midwest Energy Cooperative,MI,residential,63591.7,346588.0,29123,Cooperative,2022
13352,City of Negaunee,MI,residential,2160.1,11479.0,1962,Municipal,2022
13780,Northern States Power Co,MI,residential,8847.8,60287.0,7605,Investor Owned,2022
13826,City of Norway,MI,residential,2230.5,14084.0,1853,Municipal,2022
15340,Presque Isle Elec & Gas Coop,MI,residential,32236.5,184933.0,32009,Cooperative,2022
18252,City of Sturgis,MI,residential,6254.7,49802.0,6060,Municipal,2022
19125,City of Traverse City - (MI),MI,residential,7028.0,62600.0,8914,Municipal,2022
19396,Tri-County Electric Coop (MI),MI,residential,38550.9,228865.0,22837,Cooperative,2022
19578,Upper Peninsula Power Company,MI,residential,57249.5,248531.0,47281,Investor Owned,2022
21048,Wyandotte Municipal Serv Comm,MI,residential,11521.1,80731.0,11624,Municipal,2022
21158,City of Zeeland - (MI),MI,residential,4838.3,49880.0,5960,Municipal,2022
38084,Great Lakes Energy Coop,MI,residential,157935.1,929559.0,118922,Cooperative,2022
60631,Upper Michigan Energy Resources Corp.,MI,residential,42413.5,238994.0,33078,Investor Owned,2022
155,Agralite Electric Coop,MN,residential,10193.4,82914.0,4416,Cooperative,2022
295,City of Alexandria - (MN),MN,residential,8562.8,82711.0,8577,Municipal,2022
689,Connexus Energy,MN,residential,175334.4,1270824.0,130048,Cooperative,2022
691,City of Anoka,MN,residential,12227.0,77875.0,11462,Municipal,2022
1009,City of Austin - (MN),MN,residential,10928.0,79141.0,10643,Municipal,2022
1529,"Beltrami Electric Coop, Inc",MN,residential,40901.0,301298.0,20383,Cooperative,2022
1884,BENCO Electric Cooperative,MN,residential,32678.0,220025.0,17999,Cooperative,2022
3400,City of Chaska - (MN),MN,residential,14406.1,84490.0,9907,Municipal,2022
4577,Crow Wing Cooperative Power & Light Comp,MN,residential,59482.3,464803.0,43694,Cooperative,2022
5574,East Central Energy,MN,residential,86308.5,552857.0,52366,Cooperative,2022
5773,City of Elk River,MN,residential,15890.0,105883.0,11295,Municipal,2022
6258,Federated Rural Electric Assn,MN,residential,9626.0,88524.0,5642,Cooperative,2022
6782,Freeborn Mower Electric Cooperative,MN,residential,28206.0,192699.0,17799,Cooperative,2022
8319,Heartland Power Coop,MN,residential,122.1,1030.0,37,Cooperative,2022
9130,Hutchinson Utilities Comm,MN,residential,6129.0,56403.0,6613,Municipal,2022
9475,Itasca-Mantrap Co-op Electrical Assn,MN,residential,17452.9,137676.0,10997,Cooperative,2022
10596,City of Lake Crystal - (MN),MN,residential,1631.3,8286.0,1060,Municipal,2022
10618,Lake Region Electric Cooperative - (MN),MN,residential,41570.0,354738.0,26691,Cooperative,2022
10697,Lake Country Power,MN,residential,80800.8,516106.0,46658,Cooperative,2022
11731,City of Marshall - (MN),MN,residential,6101.1,65503.0,5797,Municipal,2022
12227,Meeker Coop Light & Power Assn,MN,residential,18143.3,149027.0,8518,Cooperative,2022
12546,Mille Lacs Energy Cooperative,MN,residential,20169.5,132457.0,14414,Cooperative,2022
12647,"ALLETE, Inc.",MN,residential,145676.9,1053658.0,125243,Investor Owned,2022
12651,Minnesota Valley Electric Coop,MN,residential,69808.0,512490.0,41967,Cooperative,2022
12894,City of Moorhead - (MN),MN,residential,20173.6,188707.0,18126,Municipal,2022
13781,Northern States Power Co - Minnesota,MN,residential,1419019.4,9095482.0,1199122,Investor Owned,2022
13815,Northwestern Wisconsin Elec Co,MN,residential,79.5,525.0,85,Investor Owned,2022
14232,Otter Tail Power Co,MN,residential,65179.0,560184.0,49840,Investor Owned,2022
14246,City of Owatonna - (MN),MN,residential,11129.1,85940.0,11038,Municipal,2022
14468,People's Cooperative Services,MN,residential,36721.4,232061.0,21355,Cooperative,2022
16181,Rochester Public Utilities,MN,residential,58727.9,376838.0,53047,Municipal,2022
16368,Runestone Electric Assn,MN,residential,26549.0,209829.0,14021,Cooperative,2022
16971,Shakopee Public Utilities Comm,MN,residential,21419.0,144192.0,17034,Municipal,2022
17267,Sioux Valley SW Elec Coop,MN,residential,10269.6,85766.0,3361,Cooperative,2022
17550,South Central Electric Assn,MN,residential,10677.0,81108.0,4690,Cooperative,2022
18019,Stearns Cooperative Elec Assn,MN,residential,46988.3,405358.0,25735,Cooperative,2022
18047,Steele-Waseca Cooperative Electric,MN,residential,18360.5,126574.0,10571,Cooperative,2022
19157,MiEnergy Cooperative,MN,residential,28007.6,182332.0,15085,Cooperative,2022
20639,"Wild Rice Electric Coop, Inc",MN,residential,28366.8,218733.0,13816,Cooperative,2022
20737,Willmar Municipal Utilities,MN,residential,8081.0,70118.0,8476,Municipal,2022
20996,Wright-Hennepin Coop Elec Assn,MN,residential,82538.3,605549.0,51517,Cooperative,2022
21013,City of Worthington - (MN),MN,residential,4282.6,36483.0,4646,Municipal,2022
25177,Dakota Electric Association,MN,residential,128561.0,951865.0,105223,Cooperative,2022
40304,Minnesota Valley Coop L&P Assn,MN,residential,14443.5,131615.0,4947,Cooperative,2022
1775,Black River Electric Coop - (MO),MO,residential,33071.0,300506.0,21299,Cooperative,2022
2001,Boone Electric Coop,MO,residential,52258.0,448656.0,32968,Cooperative,2022
3093,Carroll Electric Coop Corp - (AR),MO,residential,16557.0,134521.0,11797,Cooperative,2022
3113,City of Carthage - (MO),MO,residential,10811.0,82493.0,6917,Municipal,2022
3268,Central Missouri Elec Coop Inc,MO,residential,21416.4,192543.0,10909,Cooperative,2022
3600,Citizens Electric Corporation - (MO),MO,residential,43454.0,311918.0,25027,Cooperative,2022
3712,Clay County Electric Coop Corp,MO,residential,81.0,517.0,47,Cooperative,2022
4045,City of Columbia - (MO),MO,residential,53774.0,450623.0,45169,Municipal,2022
4063,Co-Mo Electric Coop Inc,MO,residential,51850.0,423306.0,30444,Cooperative,2022
4160,Callaway Electric Cooperative,MO,residential,26015.0,185817.0,12462,Cooperative,2022
4237,Consolidated Electric Coop,MO,residential,13870.3,126534.0,7602,Cooperative,2022
4524,"Crawford Electric Coop, Inc",MO,residential,32557.3,278209.0,19417,Cooperative,2022
4675,Cuivre River Electric Coop Inc,MO,residential,108538.1,1134645.0,69629,Cooperative,2022
5860,Empire District Electric Co,MO,residential,279761.9,1840893.0,136488,Investor Owned,2022
6181,"Farmers Electric Coop, Inc - (MO)",MO,residential,21560.5,170031.0,12261,Cooperative,2022
6205,City of Farmington - (MO),MO,residential,9228.9,90967.0,6790,Municipal,2022
7024,Gascosage Electric Coop,MO,residential,15131.0,146466.0,9134,Cooperative,2022
8055,City of Hannibal - (MO),MO,residential,9184.9,80652.0,7537,Municipal,2022
8934,"Howell-Oregon Elec Coop, Inc",MO,residential,36376.1,323867.0,22666,Cooperative,2022
9231,City of Independence - (MO),MO,residential,76111.9,538039.0,53424,Municipal,2022
9331,Intercounty Electric Coop Assn,MO,residential,52004.4,451739.0,29201,Cooperative,2022
10000,Evergy Metro,MO,residential,358687.9,2765392.0,269157,Investor Owned,2022
10370,City of Kirkwood - (MO),MO,residential,11327.1,98735.0,8910,Municipal,2022
10603,"Laclede Electric Coop, Inc",MO,residential,57420.0,560451.0,34525,Cooperative,2022
10832,City of Lebanon - (MO),MO,residential,7876.0,84843.0,5909,Municipal,2022
11463,Macon Electric Coop,MO,residential,16289.5,131036.0,9893,Cooperative,2022
12698,Evergy Missouri West,MO,residential,447318.8,3807533.0,299085,Investor Owned,2022
12700,Missouri Rural Electric Coop,MO,residential,7969.0,70346.0,4956,Cooperative,2022
12782,City of Monett - (MO),MO,residential,5691.7,48071.0,4018,Municipal,2022
13520,"New-Mac Electric Coop, Inc",MO,residential,37106.0,315220.0,18769,Cooperative,2022
14192,Osage Valley Elec Coop Assn,MO,residential,34534.0,268403.0,16628,Cooperative,2022
14285,Ozark Border Electric Coop,MO,residential,55794.0,544277.0,33187,Cooperative,2022
14288,Ozark Electric Coop Inc - (MO),MO,residential,51640.1,449267.0,31204,Cooperative,2022
15138,"Platte-Clay Electric Coop, Inc",MO,residential,41296.0,370204.0,22885,Cooperative,2022
15229,City of Poplar Bluff - (MO),MO,residential,11596.0,125633.0,7696,Municipal,2022
16259,City of Rolla - (MO),MO,residential,10647.0,105916.0,8059,Municipal,2022
16751,Three Rivers Electric Coop,MO,residential,35406.0,319057.0,22064,Cooperative,2022
16805,SEMO Electric Cooperative,MO,residential,20093.0,179894.0,10716,Cooperative,2022
17177,City of Sikeston - (MO),MO,residential,11813.0,119975.0,7044,Municipal,2022
17833,City Utilities of Springfield - (MO),MO,residential,117799.0,1108601.0,103139,Municipal,2022
19436,Union Electric Co - (MO),MO,residential,1575282.2,13885428.0,1082243,Investor Owned,2022
20318,Webster Electric Coop,MO,residential,27268.0,314947.0,18294,Cooperative,2022
20363,West Central Electric Coop Inc - (MO),MO,residential,30840.0,272287.0,14738,Cooperative,2022
20574,White River Valley El Coop Inc,MO,residential,68038.0,519546.0,38403,Cooperative,2022
27238,"Southwest Electric Coop, Inc",MO,residential,59810.0,556060.0,40312,Cooperative,2022
55,City of Aberdeen - (MS),MS,residential,4345.0,34383.0,2588,Municipal,2022
276,Alcorn County Elec Power Assn,MS,residential,27579.0,216127.0,14803,Cooperative,2022
571,City of Amory,MS,residential,4646.0,38463.0,2877,Municipal,2022
2849,Central Electric Power Assn - (MS),MS,residential,57416.0,464465.0,30520,Cooperative,2022
3841,Coast Electric Power Assn,MS,residential,147523.0,1196321.0,80125,Cooperative,2022
4068,City of Columbus - (MS),MS,residential,15103.0,121624.0,8970,Municipal,2022
5175,Dixie Electric Power Assn,MS,residential,66909.1,541455.0,37127,Cooperative,2022
5578,East Mississippi Elec Pwr Assn,MS,residential,18018.0,127026.0,9815,Cooperative,2022
6641,4-County Electric Power Assn,MS,residential,75010.0,586361.0,39894,Cooperative,2022
7651,Greenwood Utilities Comm,MS,residential,12216.2,96788.0,7537,Municipal,2022
8748,City of Holly Springs,MS,residential,16937.0,135703.0,9182,Municipal,2022
11247,Louisville Electric System,MS,residential,3389.0,30299.0,2460,Municipal,2022
11458,City of Macon - (MS),MS,residential,1528.0,11689.0,918,Municipal,2022
11519,Magnolia Electric Power Assn,MS,residential,53427.0,409548.0,30691,Cooperative,2022
12685,Entergy Mississippi LLC,MS,residential,651455.1,5608027.0,383643,Investor Owned,2022
12686,Mississippi Power Co,MS,residential,299311.0,2133666.0,156725,Investor Owned,2022
13227,Natchez Trace Elec Power Assn,MS,residential,21832.0,170454.0,12533,Cooperative,2022
13412,City of New Albany - (MS),MS,residential,13944.0,114314.0,8022,Municipal,2022
13735,Northcentral Mississippi E P A,MS,residential,59830.0,481774.0,28283,Cooperative,2022
14078,City of Okolona,MS,residential,7536.0,60350.0,4225,Municipal,2022
14275,City of Oxford - (MS),MS,residential,11153.0,93049.0,8183,Municipal,2022
14563,Pearl River Valley El Pwr Assn,MS,residential,98629.0,736935.0,50838,Cooperative,2022
14947,City of Philadelphia - (MS),MS,residential,4321.0,33657.0,2693,Municipal,2022
15211,Pontotoc Electric Power Assn,MS,residential,30492.0,237445.0,16004,Cooperative,2022
15334,Prentiss County Elec Pwr Assn,MS,residential,17090.0,158165.0,10972,Cooperative,2022
17252,Singing River Elec Cooperative,MS,residential,121709.3,1040578.0,70297,Cooperative,2022
17647,Southern Pine Electric Cooperative,MS,residential,113860.3,904081.0,64372,Cooperative,2022
17683,Southwest Mississippi E P A,MS,residential,39413.1,287841.0,23292,Cooperative,2022
18006,City of Starkville,MS,residential,15816.0,130154.0,12478,Municipal,2022
18447,Tallahatchie Valley E P A,MS,residential,37158.0,298738.0,21477,Cooperative,2022
18943,Tippah Electric Power Assn,MS,residential,17323.0,143735.0,11701,Cooperative,2022
18951,Tishomingo County E P A,MS,residential,18453.0,148291.0,11049,Cooperative,2022
19007,Tombigbee Electric Power Assn,MS,residential,69058.0,570989.0,36797,Cooperative,2022
19273,City of Tupelo - (MS),MS,residential,15475.0,139313.0,10552,Municipal,2022
20176,City of Water Valley - (MS),MS,residential,2566.0,20447.0,1527,Municipal,2022
20394,City of West Point - (MS),MS,residential,4381.0,34345.0,2994,Municipal,2022
21114,Yazoo Valley Elec Power Assn,MS,residential,18528.0,122299.0,9495,Cooperative,2022
22815,Delta Electric Power Assn,MS,residential,32443.6,253259.0,21178,Cooperative,2022
40302,North East Mississippi EPA,MS,residential,47059.0,355154.0,25119,Cooperative,2022
40303,Monroe County Elec Power Assn,MS,residential,20462.0,163134.0,10016,Cooperative,2022
6169,Fall River Rural Elec Coop Inc,MT,residential,2077.0,20772.0,1480,Cooperative,2022
6395,Flathead Electric Coop Inc,MT,residential,85136.0,899004.0,60335,Cooperative,2022
11272,"Lower Yellowstone R E A, Inc",MT,residential,4619.0,53932.0,3449,Cooperative,2022
12087,McKenzie Electric Coop Inc,MT,residential,39.0,469.0,26,Cooperative,2022
12199,Montana-Dakota Utilities Co,MT,residential,21772.0,193296.0,19658,Investor Owned,2022
12692,"Missoula Electric Coop, Inc",MT,residential,18913.9,192094.0,14292,Cooperative,2022
12825,NorthWestern Energy LLC - (MT),MT,residential,356172.1,2865830.0,316799,Investor Owned,2022
13758,"Northern Lights, Inc",MT,residential,6571.0,53113.0,4611,Cooperative,2022
19156,Powder River Energy Corp,MT,residential,62.4,484.0,51,Cooperative,2022
19545,"Black Hills Power, Inc.",MT,residential,11.0,163.0,13,Investor Owned,2022
19603,USBIA-Mission Valley Power,MT,residential,18529.0,266491.0,15830,Federal,2022
20169,Avista Corp,MT,residential,19.0,223.0,9,Investor Owned,2022
20997,Yellowstone Valley Elec Co-op,MT,residential,29320.0,236911.0,20354,Cooperative,2022
21513,"Fergus Electric Coop, Inc",MT,residential,10565.0,69465.0,6388,Cooperative,2022
232,City of Albemarle - (NC),NC,residential,15770.9,132005.0,10396,Municipal,2022
240,Albemarle Electric Member Corp,NC,residential,25950.0,190321.0,12370,Cooperative,2022
719,Town of Apex- (NC),NC,residential,29873.9,251133.0,25332,Municipal,2022
1889,Blue Ridge Elec Member Corp - (NC),NC,residential,100803.0,770827.0,70401,Cooperative,2022
1891,Blue Ridge Mountain EMC - (GA),NC,residential,23317.0,155063.0,15230,Cooperative,2022
2212,"Broad River Electric Coop, Inc",NC,residential,873.5,6284.0,473,Cooperative,2022
3046,Duke Energy Progress - (NC),NC,residential,2057449.1,16894870.0,1292259,Investor Owned,2022
3107,Carteret-Craven El Member Corp,NC,residential,52996.0,468116.0,37956,Cooperative,2022
3250,Central Electric Membership Corp. - (NC),NC,residential,45108.9,336453.0,21493,Cooperative,2022
4150,City of Concord - (NC),NC,residential,41274.5,351273.0,28391,Municipal,2022
5416,"Duke Energy Carolinas, LLC",NC,residential,2403248.7,23015861.0,1837991,Investor Owned,2022
5656,Edgecombe-Martin County E M C,NC,residential,20867.0,146716.0,10571,Cooperative,2022
5760,City of Elizabeth City - (NC),NC,residential,18559.0,150239.0,11077,Municipal,2022
6235,Fayetteville Public Works Commission,NC,residential,101075.0,914826.0,74878,Municipal,2022
6640,Four County Elec Member Corp,NC,residential,57615.0,449517.0,29864,Cooperative,2022
6784,French Broad Elec Member Corp,NC,residential,46041.3,333401.0,35438,Cooperative,2022
7027,City of Gastonia - (NC),NC,residential,36820.3,287465.0,25777,Municipal,2022
7639,Greenville Utilities Comm,NC,residential,92623.5,844243.0,63863,Municipal,2022
8333,Haywood Electric Member Corp,NC,residential,43924.2,276206.0,27518,Cooperative,2022
8571,Town of High Point,NC,residential,46241.7,395074.0,37111,Municipal,2022
9087,Town of Huntersville - (NC),NC,residential,10135.0,80340.0,7332,Municipal,2022
9837,Jones-Onslow Elec Member Corp,NC,residential,122639.3,1026566.0,76223,Cooperative,2022
10345,City of Kinston - (NC),NC,residential,16692.4,127732.0,9927,Municipal,2022
10966,City of Lexington - (NC),NC,residential,27631.6,228562.0,17377,Municipal,2022
11291,Lumbee River Elec Member Corp,NC,residential,116175.7,999059.0,62298,Cooperative,2022
11318,City of Lumberton - (NC),NC,residential,12872.5,95044.0,9438,Municipal,2022
12260,Mecklenburg Electric Cooperative,NC,residential,246.8,1775.0,131,Cooperative,2022
12801,City of Monroe - (NC),NC,residential,14195.3,108304.0,9438,Municipal,2022
12944,City of Morganton - (NC),NC,residential,8098.8,72626.0,6868,Municipal,2022
13027,"Mountain Electric Coop, Inc",NC,residential,21145.0,175858.0,15525,Cooperative,2022
13416,City of New Bern - (NC),NC,residential,30299.4,248292.0,20249,Municipal,2022
13482,New River Light & Power Co,NC,residential,8637.7,62698.0,7166,State,2022
14717,Pee Dee Electric Member Corp,NC,residential,35653.3,270296.0,19285,Cooperative,2022
15023,Piedmont Electric Member Corp,NC,residential,57119.2,425478.0,29709,Cooperative,2022
15671,Randolph Electric Member Corp,NC,residential,55279.0,386851.0,30679,Cooperative,2022
16101,Roanoke Electric Member Corp,NC,residential,27215.0,168037.0,12097,Cooperative,2022
16226,City of Rocky Mount - (NC),NC,residential,37729.0,313889.0,25018,Municipal,2022
16496,Rutherford Elec Member Corp,NC,residential,110697.0,937088.0,69210,Cooperative,2022
17572,South River Elec Member Corp,NC,residential,87954.7,695898.0,44604,Cooperative,2022
18022,City of Statesville - (NC),NC,residential,13412.7,124591.0,11598,Municipal,2022
18339,Surry-Yadkin Elec Member Corp,NC,residential,51602.4,353422.0,27585,Cooperative,2022
18466,Town of Tarboro - (NC),NC,residential,7746.0,61735.0,5363,Municipal,2022
18957,Tri-County Elec Member Corp (NC),NC,residential,39859.5,346214.0,21918,Cooperative,2022
19108,Tideland Electric Member Corp,NC,residential,37460.0,236551.0,20944,Cooperative,2022
19154,Tri-State Electric Member Corp,NC,residential,2049.0,14332.0,1475,Cooperative,2022
19435,Union Electric Membership Corp - (NC),NC,residential,144955.0,1188766.0,81656,Cooperative,2022
19876,Virginia Electric & Power Co,NC,residential,191274.5,1641664.0,106473,Investor Owned,2022
19981,Wake Electric Membership Corp,NC,residential,84065.0,658742.0,50141,Cooperative,2022
20142,City of Washington - (NC),NC,residential,17719.1,136514.0,11410,Municipal,2022
20785,City of Wilson,NC,residential,48161.0,418161.0,31187,Municipal,2022
21002,York Electric Coop Inc,NC,residential,26.0,215.0,14,Cooperative,2022
21632,EnergyUnited Elec Member Corp,NC,residential,189737.0,1746587.0,117713,Cooperative,2022
24889,Brunswick Electric Member Corp,NC,residential,156151.5,1124002.0,93375,Cooperative,2022
40441,Town of Murphy - (NC),NC,residential,6071.0,46346.0,3605,Municipal,2022
2394,Burke-Divide Electric Coop Inc,ND,residential,3785.0,45376.0,2244,Cooperative,2022
2985,"Capital Electric Coop, Inc",ND,residential,25310.5,244286.0,18921,Cooperative,2022
4717,Dakota Valley Elec Coop Inc,ND,residential,13807.5,131542.0,5623,Cooperative,2022
11272,"Lower Yellowstone R E A, Inc",ND,residential,1178.0,13410.0,787,Cooperative,2022
12087,McKenzie Electric Coop Inc,ND,residential,8905.8,121532.0,5334,Cooperative,2022
12090,"McLean Electric Coop, Inc",ND,residential,7307.0,56930.0,3661,Cooperative,2022
12199,Montana-Dakota Utilities Co,ND,residential,88062.0,808839.0,79183,Investor Owned,2022
12301,Nodak Electric Coop Inc,ND,residential,45974.0,391508.0,20244,Cooperative,2022
13196,Northern Plains Electric Coop,ND,residential,24095.0,237668.0,10251,Cooperative,2022
13694,"North Central Elec Coop, Inc",ND,residential,13745.5,144481.0,6131,Cooperative,2022
13781,Northern States Power Co - Minnesota,ND,residential,100518.6,796023.0,82122,Investor Owned,2022
14232,Otter Tail Power Co,ND,residential,65293.9,627151.0,45565,Investor Owned,2022
17261,Slope Electric Coop Inc,ND,residential,5750.0,46843.0,3184,Cooperative,2022
19790,Verendrye Electric Coop Inc,ND,residential,24007.4,237100.0,14207,Cooperative,2022
20413,Mountrail-Williams Elec Coop,ND,residential,14994.6,208158.0,11188,Cooperative,2022
24949,Cass County Elec Coop Inc,ND,residential,76949.0,651336.0,49333,Cooperative,2022
55959,Roughrider Electric Cooperativ,ND,residential,17530.0,176716.0,11037,Cooperative,2022
3205,Cedar-Knox Public Power Dist,NE,residential,7948.0,99420.0,5531,Political Subdivision,2022
4373,Cornhusker Public Power Dist,NE,residential,14017.8,137065.0,7294,Political Subdivision,2022
4911,Dawson Power District,NE,residential,28982.5,257777.0,15939,Political Subdivision,2022
5780,Elkhorn Rural Public Pwr Dist,NE,residential,10439.0,110654.0,6099,Political Subdivision,2022
6779,City of Fremont - (NE),NE,residential,16983.5,149433.0,13618,Municipal,2022
8245,City of Hastings - (NE),NE,residential,11647.0,113538.0,11354,Municipal,2022
8570,Highline Electric Assn,NE,residential,1123.0,8700.0,757,Cooperative,2022
10967,City of Lexington - (NE),NE,residential,5562.0,56603.0,3645,Municipal,2022
11018,Lincoln Electric System,NE,residential,130690.8,1345068.0,130067,Municipal,2022
11251,Loup River Public Power Dist,NE,residential,25251.1,254288.0,16047,Political Subdivision,2022
12539,Midwest Electric Member Corp,NE,residential,4070.8,37161.0,2334,Cooperative,2022
13337,Nebraska Public Power District,NE,residential,90586.0,881833.0,72743,Political Subdivision,2022
13664,Norris Public Power District,NE,residential,29430.9,345897.0,16877,Political Subdivision,2022
13725,City of North Platte,NE,residential,13054.0,123326.0,11682,Municipal,2022
13739,Northeast Power,NE,residential,10752.0,118755.0,6754,Political Subdivision,2022
14127,Omaha Public Power District,NE,residential,465262.0,3983478.0,351712,Political Subdivision,2022
17577,City of South Sioux City,NE,residential,6362.6,50268.0,4999,Municipal,2022
17642,Southern Public Power District,NE,residential,22996.5,250862.0,15216,Political Subdivision,2022
17692,Southwest Public Power Dist,NE,residential,3653.3,36929.0,2177,Political Subdivision,2022
21111,Perennial Public Power Dist,NE,residential,7876.0,73980.0,3514,Political Subdivision,2022
27058,"High West Energy, Inc",NE,residential,2837.0,19903.0,1760,Cooperative,2022
40606,City of Grand Island - (NE),NE,residential,21921.0,225320.0,21994,Municipal,2022
13374,"Constellation NewEnergy, Inc",NH,residential,1231.4,15899.0,815,Retail Power Marketer,2022
13441,New Hampshire Elec Coop Inc,NH,residential,131296.3,510825.0,72547,Cooperative,2022
15472,Public Service Co of NH,NH,residential,797142.9,2812800.0,380922,Investor Owned,2022
24590,Unitil Energy Systems,NH,residential,116712.0,463039.0,62313,Investor Owned,2022
26510,Liberty Utilities (Granite State Electri,NH,residential,77038.3,285392.0,35789,Investor Owned,2022
54820,Direct Energy Services,NH,residential,27517.0,231701.0,30634,Retail Power Marketer,2022
56212,"Ambit Energy Holdings, LLC",NH,residential,3283.0,21108.0,2660,Retail Power Marketer,2022
57067,"ENGIE Retail, LLC",NH,residential,443.5,3794.0,618,Retail Power Marketer,2022
58086,"Electricity NH, LLC",NH,residential,16971.0,121155.0,17769,Retail Power Marketer,2022
58158,FairPoint Energy LLC,NH,residential,3626.0,22923.0,3418,Retail Power Marketer,2022
58633,"XOOM Energy New Hampshire, LLC",NH,residential,1237.0,10248.0,1328,Retail Power Marketer,2022
58667,"North American Power and Gas, LLC",NH,residential,18334.0,124106.0,16640,Retail Power Marketer,2022
58956,"SmartEnergy Holdings, LLC",NH,residential,6383.6,37132.0,5847,Retail Power Marketer,2022
58974,Clearview Electric Inc.,NH,residential,1659.2,7079.0,1351,Retail Power Marketer,2022
59012,"Mega Energy of New Hampshire, LLC",NH,residential,600.0,2656.0,410,Retail Power Marketer,2022
59059,Town Square Energy,NH,residential,5460.9,31103.0,4733,Retail Power Marketer,2022
59127,"Sunwave Gas & Power Connecticut, Inc.",NH,residential,17.8,199.0,112,Retail Power Marketer,2022
59793,"First Point Power, LLC",NH,residential,1600.7,16339.0,1634,Retail Power Marketer,2022
61200,"Summer Energy Northeast, LLC",NH,residential,91.0,538.0,63,Retail Power Marketer,2022
65310,Energywell LLC,NH,residential,292.4,1726.0,1414,Retail Power Marketer,2022
963,Atlantic City Electric Co,NJ,residential,763396.0,3769220.0,458134,Investor Owned,2022
4100,"Commerce Energy, Inc.",NJ,residential,2248.6,13654.0,1444,Retail Power Marketer,2022
6458,Energy Harbor Corp.,NJ,residential,45823.0,438912.0,40294,Retail Power Marketer,2022
7279,"NextEra Energy Services, LLC",NJ,residential,753.2,4942.0,425,Retail Power Marketer,2022
7554,Green Mountain Energy Company,NJ,residential,943.8,5970.0,737,Retail Power Marketer,2022
9726,Jersey Central Power & Lt Co,NJ,residential,1251994.5,8840013.0,919604,Investor Owned,2022
13374,"Constellation NewEnergy, Inc",NJ,residential,13828.4,129631.0,6769,Retail Power Marketer,2022
15477,Public Service Elec & Gas Co,NJ,residential,2332508.9,13171809.0,1901659,Investor Owned,2022
16213,Rockland Electric Co,NJ,residential,126367.1,697562.0,62028,Investor Owned,2022
17710,"Spark Energy, LP",NJ,residential,54.0,304.0,45,Retail Power Marketer,2022
19126,"TriEagle Energy, L.P.",NJ,residential,1004.0,9167.0,691,Retail Power Marketer,2022
19856,City of Vineland - (NJ),NJ,residential,34548.8,207666.0,22696,Municipal,2022
54820,Direct Energy Services,NJ,residential,24170.0,174543.0,22919,Retail Power Marketer,2022
55722,AEP Energy,NJ,residential,355.7,3640.0,293,Retail Power Marketer,2022
55781,Liberty Power Corp.,NJ,residential,41.0,291.0,198,Retail Power Marketer,2022
55815,"IDT Energy, Inc.",NJ,residential,6669.1,35338.0,5127,Retail Power Marketer,2022
55874,"Energy Services Providers, Inc",NJ,residential,2791.0,17845.0,2775,Retail Power Marketer,2022
56212,"Ambit Energy Holdings, LLC",NJ,residential,12562.0,97788.0,9513,Retail Power Marketer,2022
56265,Energy Plus Holdings LLC,NJ,residential,7125.0,42833.0,4686,Retail Power Marketer,2022
56286,"Frontier Utilities, LLC",NJ,residential,2594.3,15634.0,1300,Retail Power Marketer,2022
56501,"Palmco Power NJ, LLC",NJ,residential,6187.0,21623.0,5496,Retail Power Marketer,2022
56571,AP Holdings LLC,NJ,residential,410.2,2124.0,322,Retail Power Marketer,2022
57037,Reliant Energy Northeast LLC,NJ,residential,20657.0,136703.0,13704,Retail Power Marketer,2022
57067,"ENGIE Retail, LLC",NJ,residential,199.9,1771.0,273,Retail Power Marketer,2022
57074,"Stream Energy New Jersey, LLC",NJ,residential,12736.2,79991.0,8651,Retail Power Marketer,2022
57307,ENGIE Power & Gas LLC,NJ,residential,1297.0,6855.0,677,Retail Power Marketer,2022
57491,"XOOM Energy New Jersey, LLC",NJ,residential,5042.0,28990.0,3305,Retail Power Marketer,2022
58162,Viridian Energy PA LLC,NJ,residential,14308.9,85705.0,9100,Retail Power Marketer,2022
58663,Respond Power LLC,NJ,residential,2716.0,15682.0,1939,Retail Power Marketer,2022
58667,"North American Power and Gas, LLC",NJ,residential,10007.0,61678.0,6008,Retail Power Marketer,2022
58683,Everyday Energy LLC,NJ,residential,323.9,2109.0,269,Retail Power Marketer,2022
58951,"CleanChoice Energy, Inc.",NJ,residential,15762.0,69561.0,9780,Retail Power Marketer,2022
58952,Tomorow Energy Corp.,NJ,residential,4036.6,17527.0,2472,Retail Power Marketer,2022
58953,"Star Energy Partners, LLC",NJ,residential,2951.4,15443.0,3388,Retail Power Marketer,2022
58956,"SmartEnergy Holdings, LLC",NJ,residential,21380.2,100143.0,17558,Retail Power Marketer,2022
58964,"Alpha Gas and Electric, LLC",NJ,residential,1799.2,12214.0,1488,Retail Power Marketer,2022
58966,Marathon Power LLC,NJ,residential,687.3,5715.0,374,Retail Power Marketer,2022
58973,"Town Square Energy East, LLC",NJ,residential,405.7,2244.0,290,Retail Power Marketer,2022
58974,Clearview Electric Inc.,NJ,residential,7215.2,36302.0,3623,Retail Power Marketer,2022
58978,"Harborside Energy, LLC",NJ,residential,745.2,3232.0,468,Retail Power Marketer,2022
59052,Astral Energy LLC,NJ,residential,1087.6,4875.0,520,Retail Power Marketer,2022
59054,"Eligo Energy, LLC",NJ,residential,1090.9,6517.0,613,Retail Power Marketer,2022
59055,"Choice Energy, LLC",NJ,residential,1127.0,8219.0,1053,Retail Power Marketer,2022
59065,Titan Gas LLC,NJ,residential,1219.1,10202.0,1038,Retail Power Marketer,2022
59085,"SFE Energy NJ, Inc.",NJ,residential,4807.0,35705.0,4654,Retail Power Marketer,2022
59088,"Nordic Energy Services, LLC",NJ,residential,102.1,591.0,71,Retail Power Marketer,2022
59127,"Sunwave Gas & Power Connecticut, Inc.",NJ,residential,22.5,190.0,43,Retail Power Marketer,2022
59310,"Inspire Energy Holdings, LLC",NJ,residential,44771.3,277577.0,32234,Retail Power Marketer,2022
59620,Verde Energy USA,NJ,residential,17259.0,81468.0,10453,Retail Power Marketer,2022
59793,"First Point Power, LLC",NJ,residential,10.1,62.0,4,Retail Power Marketer,2022
59795,"Starion Energy PA, Inc.",NJ,residential,8.6,70.0,55,Retail Power Marketer,2022
59797,Park Power LLC,NJ,residential,206.7,1322.0,183,Retail Power Marketer,2022
59799,American Power & Gas,NJ,residential,3870.3,19719.0,1954,Retail Power Marketer,2022
59807,"Rushmore Energy, LLC",NJ,residential,1691.5,11793.0,1746,Retail Power Marketer,2022
59809,"Residents Energy, LLC",NJ,residential,2692.0,13831.0,2013,Retail Power Marketer,2022
59810,Greenlight Energy Inc.,NJ,residential,530.0,2668.0,481,Retail Power Marketer,2022
59848,"ResCom Energy, LLC",NJ,residential,8.9,50.0,14,Retail Power Marketer,2022
59933,"Texpo Power, L.P.",NJ,residential,165.9,987.0,80,Retail Power Marketer,2022
59993,Discount Power Inc - (CT),NJ,residential,1414.3,7230.0,1067,Retail Power Marketer,2022
60124,Spring Energy RRH LLC,NJ,residential,1349.0,6249.0,795,Retail Power Marketer,2022
60218,MPower Energy NJ LLC,NJ,residential,4578.8,26263.0,5083,Retail Power Marketer,2022
60696,"Vista Energy Marketing, L.P.",NJ,residential,196.0,889.0,179,Retail Power Marketer,2022
61367,South Bay Energy Corp.,NJ,residential,1104.0,5594.0,787,Retail Power Marketer,2022
61920,"All American Power and Gas, LLC",NJ,residential,1056.5,3463.0,438,Retail Power Marketer,2022
61922,"Pure Energy USA, LLC",NJ,residential,5707.0,18544.0,2591,Retail Power Marketer,2022
61972,"SunSea Energy, LLC",NJ,residential,3438.0,9918.0,1724,Retail Power Marketer,2022
62156,"Power UP Energy, LLC",NJ,residential,616.0,2013.0,124,Retail Power Marketer,2022
63028,Josco Energy USA LLC,NJ,residential,1266.4,6175.0,1582,Retail Power Marketer,2022
63122,"Approved Energy II, LLC",NJ,residential,0.9,6.0,1,Retail Power Marketer,2022
63168,Median Energy Corp.,NJ,residential,876.7,4796.0,781,Retail Power Marketer,2022
63232,"National Gas & Electric, LLC",NJ,residential,321.2,2720.0,246,Retail Power Marketer,2022
63695,"RPA Energy, Inc.",NJ,residential,1647.0,6920.0,1406,Retail Power Marketer,2022
64544,"Mega Energy of New Jersey, LLC",NJ,residential,168.0,848.0,193,Retail Power Marketer,2022
65310,Energywell LLC,NJ,residential,24.4,221.0,258,Retail Power Marketer,2022
3273,"Central New Mexico El Coop, Inc",NM,residential,20762.0,125471.0,16895,Cooperative,2022
3287,"Central Valley Elec Coop, Inc",NM,residential,10156.7,86950.0,5884,Cooperative,2022
4265,Continental Divide El Coop Inc,NM,residential,21371.0,147715.0,20585,Cooperative,2022
5701,El Paso Electric Co,NM,residential,98489.0,798370.0,93609,Investor Owned,2022
6198,"Farmers Electric Coop, Inc - (NM)",NM,residential,14151.8,104617.0,10122,Cooperative,2022
6204,City of Farmington - (NM),NM,residential,32944.0,283807.0,35988,Municipal,2022
9699,"Jemez Mountains Elec Coop, Inc",NM,residential,25903.3,191936.0,28006,Cooperative,2022
10378,"Kit Carson Electric Coop, Inc",NM,residential,25477.8,160486.0,25650,Cooperative,2022
10817,"Lea County Electric Coop, Inc",NM,residential,11200.0,96036.0,7165,Cooperative,2022
11204,Los Alamos County,NM,residential,7329.4,59591.0,7887,Municipal,2022
13314,Navajo Tribal Utility Authority,NM,residential,10393.0,66279.0,9988,State,2022
13318,"Navopache Electric Coop, Inc",NM,residential,1245.0,7632.0,1473,Cooperative,2022
14224,Otero County Electric Coop Inc,NM,residential,21100.8,116579.0,16372,Cooperative,2022
15473,Public Service Co of NM,NM,residential,484699.0,3367993.0,484071,Investor Owned,2022
16057,"Rio Grande Electric Coop, Inc",NM,residential,306.3,1822.0,239,Cooperative,2022
17715,Southwestern Electric Coop Inc - (NM),NM,residential,2409.2,9946.0,1446,Cooperative,2022
17718,Southwestern Public Service Co,NM,residential,154498.5,1216818.0,99338,Investor Owned,2022
17826,"Springer Electric Coop, Inc",NM,residential,2722.0,15142.0,2456,Cooperative,2022
19160,"Tri-County Electric Coop, Inc (OK)",NM,residential,2.3,8.0,3,Cooperative,2022
22690,Roosevelt County Elec Coop Inc,NM,residential,6256.0,52571.0,3901,Cooperative,2022
2008,City of Boulder City - (NV),NV,residential,9909.0,98691.0,7122,Municipal,2022
13073,"Mt Wheeler Power, Inc",NV,residential,7037.4,86355.0,5163,Cooperative,2022
13407,Nevada Power Co,NV,residential,1454954.0,10299680.0,886142,Investor Owned,2022
14245,Overton Power District No 5,NV,residential,22524.0,213897.0,14714,Political Subdivision,2022
17166,Sierra Pacific Power Co,NV,residential,365490.3,2747233.0,321309,Investor Owned,2022
18260,Surprise Valley Electrification,NV,residential,5.4,53.0,4,Cooperative,2022
19840,"Valley Electric Assn, Inc",NV,residential,46443.1,323652.0,21626,Cooperative,2022
20332,Wells Rural Electric Co,NV,residential,5980.8,60134.0,4599,Cooperative,2022
22814,Raft Rural Elec Coop Inc,NV,residential,1746.0,17965.0,1521,Cooperative,2022
113,"Agway Energy Services, LLC",NY,residential,16996.2,125646.0,16583,Retail Power Marketer,2022
3249,Central Hudson Gas & Elec Corp,NY,residential,515078.0,2122918.0,233720,Investor Owned,2022
4226,Consolidated Edison Co-NY Inc,NY,residential,3810232.0,11875490.0,2609391,Investor Owned,2022
5880,"Energy Coop of New York, Inc",NY,residential,17841.0,216636.0,4153,Retail Power Marketer,2022
5930,Village of Fairport - (NY),NY,residential,14700.7,247895.0,16283,Municipal,2022
6369,Fishers Island Utility Co Inc,NY,residential,1825.1,4763.0,646,Investor Owned,2022
6775,Village of Freeport - (NY),NY,residential,17052.0,121595.0,13288,Municipal,2022
7554,Green Mountain Energy Company,NY,residential,53198.0,329098.0,66210,Retail Power Marketer,2022
9645,Jamestown Board of Public Util,NY,residential,13181.6,160593.0,16150,Municipal,2022
11171,Long Island Power Authority,NY,residential,2368255.9,9390851.0,1026687,State,2022
11811,Town of Massena - (NY),NY,residential,7502.0,120600.0,8198,Municipal,2022
13374,"Constellation NewEnergy, Inc",NY,residential,117976.5,1576283.0,192516,Retail Power Marketer,2022
13511,New York State Elec & Gas Corp,NY,residential,1032482.6,6188500.0,700370,Investor Owned,2022
13573,Niagara Mohawk Power Corp.,NY,residential,2104981.6,10679796.0,1379221,Investor Owned,2022
14154,Orange & Rockland Utils Inc,NY,residential,353961.2,1218224.0,152372,Investor Owned,2022
14711,Pennsylvania Electric Co,NY,residential,4056.5,31501.0,3304,Investor Owned,2022
15145,City of Plattsburgh - (NY),NY,residential,8341.1,163353.0,8806,Municipal,2022
16177,"Robison Energy, LLC",NY,residential,7670.1,61375.0,2199,Retail Power Marketer,2022
16183,Rochester Gas & Electric Corp,NY,residential,411807.3,2276305.0,276292,Investor Owned,2022
17512,Village of Solvay - (NY),NY,residential,3846.0,60000.0,4706,Municipal,2022
49922,U.S. Energy Partners LLC,NY,residential,938.0,11313.0,955,Retail Power Marketer,2022
54820,Direct Energy Services,NY,residential,45572.4,377483.0,47918,Retail Power Marketer,2022
54893,NOCO Electric,NY,residential,8680.0,116850.0,9716,Retail Power Marketer,2022
55781,Liberty Power Corp.,NY,residential,4.8,44.0,64,Retail Power Marketer,2022
55814,"Columbia Utilities Power, LLC",NY,residential,9296.6,121250.0,15323,Retail Power Marketer,2022
55815,"IDT Energy, Inc.",NY,residential,23783.3,116525.0,22241,Retail Power Marketer,2022
55874,"Energy Services Providers, Inc",NY,residential,11961.0,96868.0,13860,Retail Power Marketer,2022
55878,Hudson Energy Services,NY,residential,259.7,2366.0,59,Retail Power Marketer,2022
56196,Just Energy New York Corp.,NY,residential,9917.8,109715.0,15136,Retail Power Marketer,2022
56212,"Ambit Energy Holdings, LLC",NY,residential,49634.0,564078.0,64689,Retail Power Marketer,2022
56265,Energy Plus Holdings LLC,NY,residential,7892.0,52485.0,9315,Retail Power Marketer,2022
56504,Major Energy Electric Services,NY,residential,7230.0,75104.0,9488,Retail Power Marketer,2022
57037,Reliant Energy Northeast LLC,NY,residential,15210.0,133307.0,15565,Retail Power Marketer,2022
57067,"ENGIE Retail, LLC",NY,residential,27.5,369.0,40,Retail Power Marketer,2022
57307,ENGIE Power & Gas LLC,NY,residential,60.5,330.0,69,Retail Power Marketer,2022
58119,Public Power LLC (CT),NY,residential,3461.0,36875.0,4686,Retail Power Marketer,2022
58160,Viridian Energy NY LLC,NY,residential,7806.2,67713.0,8405,Retail Power Marketer,2022
58181,"Stream Energy New York, LLC",NY,residential,2739.0,35335.0,4862,Retail Power Marketer,2022
58248,"EnergyMark, LLC",NY,residential,1574.9,23951.0,3702,Retail Power Marketer,2022
58367,"XOOM Energy New York, LLC",NY,residential,15642.0,100780.0,15771,Retail Power Marketer,2022
58667,"North American Power and Gas, LLC",NY,residential,1734.0,11829.0,1463,Retail Power Marketer,2022
58853,Kiwi Energy NY LLC,NY,residential,14835.0,85801.0,14926,Retail Power Marketer,2022
58951,"CleanChoice Energy, Inc.",NY,residential,59108.3,233145.0,43991,Retail Power Marketer,2022
58956,"SmartEnergy Holdings, LLC",NY,residential,2820.1,35210.0,6281,Retail Power Marketer,2022
58964,"Alpha Gas and Electric, LLC",NY,residential,7789.4,64011.0,9502,Retail Power Marketer,2022
58966,Marathon Power LLC,NY,residential,5003.1,58707.0,1835,Retail Power Marketer,2022
58974,Clearview Electric Inc.,NY,residential,3683.0,35915.0,4442,Retail Power Marketer,2022
59052,Astral Energy LLC,NY,residential,693.9,5078.0,721,Retail Power Marketer,2022
59053,"Abest Power & Gas, LLC",NY,residential,3530.0,19069.0,3450,Retail Power Marketer,2022
59054,"Eligo Energy, LLC",NY,residential,14309.0,91905.0,12929,Retail Power Marketer,2022
59082,"Family Energy, Inc. New York",NY,residential,14040.0,151347.0,26685,Retail Power Marketer,2022
59088,"Nordic Energy Services, LLC",NY,residential,178.6,1543.0,152,Retail Power Marketer,2022
59128,MPower Energy LLC,NY,residential,22315.7,121334.0,31674,Retail Power Marketer,2022
59310,"Inspire Energy Holdings, LLC",NY,residential,11765.0,112702.0,16649,Retail Power Marketer,2022
59620,Verde Energy USA,NY,residential,3795.0,40794.0,5865,Retail Power Marketer,2022
59796,"Starion Energy NY, Inc.",NY,residential,6.2,92.0,162,Retail Power Marketer,2022
59799,American Power & Gas,NY,residential,17583.4,111004.0,11742,Retail Power Marketer,2022
59809,"Residents Energy, LLC",NY,residential,4297.7,20990.0,3921,Retail Power Marketer,2022
59810,Greenlight Energy Inc.,NY,residential,3089.0,18307.0,3179,Retail Power Marketer,2022
59812,New Wave Energy Corporation,NY,residential,6002.3,58491.0,3586,Retail Power Marketer,2022
59931,"MidAmerican Energy Services, LLC",NY,residential,300.8,3338.0,70,Retail Power Marketer,2022
60583,Atlantic Energy LLC,NY,residential,1873.2,11418.0,1839,Retail Power Marketer,2022
61059,"Renaissance Power & Gas, Inc.",NY,residential,2564.0,14362.0,2631,Retail Power Marketer,2022
61367,South Bay Energy Corp.,NY,residential,1971.0,8955.0,2118,Retail Power Marketer,2022
61920,"All American Power and Gas, LLC",NY,residential,1234.0,3938.0,734,Retail Power Marketer,2022
61922,"Pure Energy USA, LLC",NY,residential,7004.0,24079.0,4917,Retail Power Marketer,2022
61972,"SunSea Energy, LLC",NY,residential,4363.0,18449.0,3577,Retail Power Marketer,2022
62156,"Power UP Energy, LLC",NY,residential,14.0,47.0,8,Retail Power Marketer,2022
63007,First Choice Energy LLC,NY,residential,1012.8,7815.0,207,Retail Power Marketer,2022
63027,Josco Energy Corp-  NY,NY,residential,5339.9,30325.0,7999,Retail Power Marketer,2022
63122,"Approved Energy II, LLC",NY,residential,41.8,387.0,56,Retail Power Marketer,2022
63168,Median Energy Corp.,NY,residential,2532.9,14376.0,3407,Retail Power Marketer,2022
63364,"Mirabito Power & Gas, LLC",NY,residential,302.0,3874.0,223,Retail Power Marketer,2022
63570,"Chief Energy Power, LLC",NY,residential,2166.0,16109.0,1277,Retail Power Marketer,2022
64326,"Phoenix Energy Group, LLC",NY,residential,63.9,420.0,76,Retail Power Marketer,2022
65310,Energywell LLC,NY,residential,1.3,19.0,11,Retail Power Marketer,2022
65335,Pay Less Energy LLC,NY,residential,0.1,1.0,2,Retail Power Marketer,2022
2054,City of Bowling Green - (OH),OH,residential,15348.0,100232.0,12901,Municipal,2022
2502,"Buckeye Rural Elec Coop, Inc",OH,residential,39156.9,227265.0,17767,Cooperative,2022
2651,Butler Rural Electric Coop Inc - (OH),OH,residential,32224.0,186043.0,11244,Cooperative,2022
3216,City of Celina - (OH),OH,residential,9892.0,88920.0,7110,Municipal,2022
3542,Duke Energy Ohio Inc,OH,residential,661557.1,3392162.0,307110,Investor Owned,2022
3755,Cleveland Electric Illum Co,OH,residential,506401.0,1795431.0,252788,Investor Owned,2022
3762,City of Cleveland - (OH),OH,residential,56111.9,393878.0,64594,Municipal,2022
3824,Clyde Light & Power,OH,residential,2992.0,25139.0,2760,Municipal,2022
4065,City of Columbus - (OH),OH,residential,10854.3,92846.0,13640,Municipal,2022
4100,"Commerce Energy, Inc.",OH,residential,27259.9,323353.0,29481,Retail Power Marketer,2022
4683,City of Cuyahoga Falls - (OH),OH,residential,22350.9,177389.0,23961,Municipal,2022
4922,Dayton Power & Light Co,OH,residential,467318.0,2945538.0,259056,Investor Owned,2022
5336,City of Dover - (OH),OH,residential,7946.0,53893.0,5836,Municipal,2022
6458,Energy Harbor Corp.,OH,residential,339761.3,6632187.0,631990,Retail Power Marketer,2022
7891,Guernsey-Muskingum El Coop Inc,OH,residential,27293.4,174081.0,15155,Cooperative,2022
7977,City of Hamilton - (OH),OH,residential,39694.0,249108.0,26707,Municipal,2022
8034,Hancock-Wood Electric Coop Inc,OH,residential,23664.3,151458.0,11176,Cooperative,2022
8761,Holmes-Wayne Electric Coop Inc,OH,residential,26771.7,180296.0,14530,Cooperative,2022
10668,Licking Rural Electric Inc,OH,residential,51351.0,324961.0,25376,Cooperative,2022
10830,City of Lebanon - (OH),OH,residential,10526.0,87959.0,8648,Municipal,2022
11200,"Lorain-Medina R E C, Inc",OH,residential,35246.2,217941.0,15130,Cooperative,2022
12377,Midwest Energy Cooperative,OH,residential,1975.9,10898.0,868,Cooperative,2022
12515,"Midwest Electric, Inc",OH,residential,23106.9,175832.0,10736,Cooperative,2022
12990,Consolidated Cooperative,OH,residential,39585.0,254743.0,16461,Cooperative,2022
13374,"Constellation NewEnergy, Inc",OH,residential,46195.2,785894.0,60717,Retail Power Marketer,2022
13602,City of Niles - (OH),OH,residential,7387.7,91770.0,12119,Municipal,2022
13693,"North Central Elec Coop, Inc",OH,residential,19029.4,123659.0,8426,Cooperative,2022
13998,Ohio Edison Co,OH,residential,852023.9,3507845.0,356619,Investor Owned,2022
14006,Ohio Power Co,OH,residential,1806578.0,8442418.0,738395,Investor Owned,2022
14194,City of Orrville - (OH),OH,residential,8250.5,75188.0,6301,Municipal,2022
14381,City of Painesville,OH,residential,12259.7,86236.0,10782,Municipal,2022
14599,"Paulding-Putman Elec Coop, Inc",OH,residential,19651.9,138799.0,9123,Cooperative,2022
15054,"Pioneer Rural Elec Coop, Inc - (OH)",OH,residential,38748.6,255354.0,16010,Cooperative,2022
15095,City of Piqua - (OH),OH,residential,10910.6,88345.0,9744,Municipal,2022
17891,City of St Marys - (OH),OH,residential,4802.6,36973.0,3755,Municipal,2022
18085,South Central Power Company,OH,residential,209920.9,1543256.0,114593,Cooperative,2022
18997,The Toledo Edison Co,OH,residential,238419.6,844563.0,88868,Investor Owned,2022
19501,"Union Rural Electric Coop, Inc",OH,residential,23192.4,157340.0,11009,Cooperative,2022
19951,City of Wadsworth - (OH),OH,residential,12874.0,111877.0,12105,Municipal,2022
20077,City of Wapakoneta - (OH),OH,residential,5484.0,48349.0,4926,Municipal,2022
20477,City of Westerville - (OH),OH,residential,22353.0,168392.0,15691,Municipal,2022
54820,Direct Energy Services,OH,residential,45495.5,510795.0,54863,Retail Power Marketer,2022
55722,AEP Energy,OH,residential,221674.1,3317271.0,328952,Retail Power Marketer,2022
55781,Liberty Power Corp.,OH,residential,92.6,1062.0,688,Retail Power Marketer,2022
55815,"IDT Energy, Inc.",OH,residential,5267.5,38085.0,5076,Retail Power Marketer,2022
55874,"Energy Services Providers, Inc",OH,residential,3615.0,32941.0,3499,Retail Power Marketer,2022
56212,"Ambit Energy Holdings, LLC",OH,residential,2535.0,32612.0,2959,Retail Power Marketer,2022
56265,Energy Plus Holdings LLC,OH,residential,260.0,2101.0,214,Retail Power Marketer,2022
56286,"Frontier Utilities, LLC",OH,residential,1471.1,11267.0,1393,Retail Power Marketer,2022
56504,Major Energy Electric Services,OH,residential,522.0,4026.0,540,Retail Power Marketer,2022
56571,AP Holdings LLC,OH,residential,2349.0,16141.0,1584,Retail Power Marketer,2022
57037,Reliant Energy Northeast LLC,OH,residential,95205.0,905943.0,85370,Retail Power Marketer,2022
57067,"ENGIE Retail, LLC",OH,residential,1231.6,8042.0,1111,Retail Power Marketer,2022
57307,ENGIE Power & Gas LLC,OH,residential,315.0,2007.0,267,Retail Power Marketer,2022
58119,Public Power LLC (CT),OH,residential,3068.0,38381.0,3312,Retail Power Marketer,2022
58142,Viridian Energy Ohio LLC,OH,residential,13437.9,129063.0,11083,Retail Power Marketer,2022
58162,Viridian Energy PA LLC,OH,residential,74.7,679.0,63,Retail Power Marketer,2022
58667,"North American Power and Gas, LLC",OH,residential,4061.0,34703.0,3285,Retail Power Marketer,2022
58683,Everyday Energy LLC,OH,residential,243.6,2046.0,243,Retail Power Marketer,2022
58853,Kiwi Energy NY LLC,OH,residential,2288.0,14992.0,2124,Retail Power Marketer,2022
58951,"CleanChoice Energy, Inc.",OH,residential,21864.4,151660.0,19142,Retail Power Marketer,2022
58952,Tomorow Energy Corp.,OH,residential,6617.1,37228.0,4631,Retail Power Marketer,2022
58953,"Star Energy Partners, LLC",OH,residential,3074.8,33504.0,4852,Retail Power Marketer,2022
58956,"SmartEnergy Holdings, LLC",OH,residential,30863.9,205375.0,25749,Retail Power Marketer,2022
58957,"Interstate Gas Supply, Inc.",OH,residential,182871.0,1802839.0,193588,Retail Power Marketer,2022
58964,"Alpha Gas and Electric, LLC",OH,residential,932.5,9740.0,907,Retail Power Marketer,2022
58972,"Realgy, LLC",OH,residential,3336.4,30210.0,3196,Retail Power Marketer,2022
58973,"Town Square Energy East, LLC",OH,residential,889.8,5921.0,649,Retail Power Marketer,2022
58974,Clearview Electric Inc.,OH,residential,1847.7,15781.0,1914,Retail Power Marketer,2022
59052,Astral Energy LLC,OH,residential,3.2,43.0,5,Retail Power Marketer,2022
59054,"Eligo Energy, LLC",OH,residential,10789.0,85322.0,7550,Retail Power Marketer,2022
59055,"Choice Energy, LLC",OH,residential,599.0,5320.0,580,Retail Power Marketer,2022
59064,"Great American Power, LLC",OH,residential,401.7,5371.0,471,Retail Power Marketer,2022
59065,Titan Gas LLC,OH,residential,10692.6,81378.0,7735,Retail Power Marketer,2022
59088,"Nordic Energy Services, LLC",OH,residential,5263.6,39536.0,6062,Retail Power Marketer,2022
59127,"Sunwave Gas & Power Connecticut, Inc.",OH,residential,40.3,743.0,155,Retail Power Marketer,2022
59310,"Inspire Energy Holdings, LLC",OH,residential,38895.3,371367.0,41635,Retail Power Marketer,2022
59311,"XOOM Energy Ohio, LLC",OH,residential,10888.0,101466.0,10088,Retail Power Marketer,2022
59385,"Dynegy Energy Services, LLC",OH,residential,194937.0,3720279.0,330707,Retail Power Marketer,2022
59410,"Shipley Choice, LLC",OH,residential,1699.5,25089.0,2014,Retail Power Marketer,2022
59620,Verde Energy USA,OH,residential,9598.0,48790.0,5867,Retail Power Marketer,2022
59795,"Starion Energy PA, Inc.",OH,residential,3.0,37.0,77,Retail Power Marketer,2022
59797,Park Power LLC,OH,residential,2683.3,18219.0,2072,Retail Power Marketer,2022
59799,American Power & Gas,OH,residential,9580.1,70493.0,5710,Retail Power Marketer,2022
59807,"Rushmore Energy, LLC",OH,residential,4055.8,41670.0,4583,Retail Power Marketer,2022
59809,"Residents Energy, LLC",OH,residential,3577.0,31107.0,3575,Retail Power Marketer,2022
59810,Greenlight Energy Inc.,OH,residential,168.0,1245.0,171,Retail Power Marketer,2022
59811,Santanna Energy Services,OH,residential,6094.4,73203.0,7790,Retail Power Marketer,2022
59812,New Wave Energy Corporation,OH,residential,1343.3,14425.0,1144,Retail Power Marketer,2022
59848,"ResCom Energy, LLC",OH,residential,3.3,52.0,56,Retail Power Marketer,2022
59931,"MidAmerican Energy Services, LLC",OH,residential,174.2,2931.0,445,Retail Power Marketer,2022
59932,Switch Energy,OH,residential,0.1,2.0,6,Retail Power Marketer,2022
59993,Discount Power Inc - (CT),OH,residential,929.5,6556.0,661,Retail Power Marketer,2022
60041,Planet Energy,OH,residential,311.2,5202.0,1037,Retail Power Marketer,2022
60218,MPower Energy NJ LLC,OH,residential,3366.6,23742.0,3290,Retail Power Marketer,2022
60579,"SFE Energy Ohio, Inc.",OH,residential,2917.0,32698.0,4236,Retail Power Marketer,2022
60696,"Vista Energy Marketing, L.P.",OH,residential,4322.0,26742.0,3921,Retail Power Marketer,2022
60914,Current Power & Gas Inc.,OH,residential,9.2,186.0,28,Retail Power Marketer,2022
60977,StateWise Energy Ohio LLC,OH,residential,6147.0,63690.0,7097,Retail Power Marketer,2022
61059,"Renaissance Power & Gas, Inc.",OH,residential,310.0,2339.0,262,Retail Power Marketer,2022
61367,South Bay Energy Corp.,OH,residential,300.0,2177.0,226,Retail Power Marketer,2022
61479,"Stream Ohio Gas & Electric, LLC",OH,residential,2364.3,23318.0,2037,Retail Power Marketer,2022
61920,"All American Power and Gas, LLC",OH,residential,71.5,367.0,44,Retail Power Marketer,2022
61922,"Pure Energy USA, LLC",OH,residential,893.0,4472.0,469,Retail Power Marketer,2022
61972,"SunSea Energy, LLC",OH,residential,1165.0,6459.0,701,Retail Power Marketer,2022
62148,Powervine Energy,OH,residential,1900.7,32746.0,2115,Retail Power Marketer,2022
62790,"Summer Energy Midwest, LLC",OH,residential,2.0,24.0,1,Retail Power Marketer,2022
63028,Josco Energy USA LLC,OH,residential,413.8,3728.0,661,Retail Power Marketer,2022
63168,Median Energy Corp.,OH,residential,587.4,4911.0,685,Retail Power Marketer,2022
63232,"National Gas & Electric, LLC",OH,residential,2118.1,15928.0,1637,Retail Power Marketer,2022
63546,"Provision Power & Gas, LLC",OH,residential,8864.2,62793.0,7822,Retail Power Marketer,2022
63695,"RPA Energy, Inc.",OH,residential,1949.0,15225.0,2050,Retail Power Marketer,2022
64601,LE Energy,OH,residential,14787.2,111091.0,11677,Retail Power Marketer,2022
64705,"NTHERM, LLC",OH,residential,2966.9,20261.0,2298,Retail Power Marketer,2022
64975,Mega Energy of Ohio,OH,residential,452.0,3000.0,397,Retail Power Marketer,2022
65262,"Archer Energy, LLC",OH,residential,7.4,115.0,135,Retail Power Marketer,2022
65310,Energywell LLC,OH,residential,165.2,1001.0,1639,Retail Power Marketer,2022
296,"Alfalfa Electric Coop, Inc",OK,residential,6054.0,52125.0,2674,Cooperative,2022
817,Arkansas Valley Elec Coop Corp,OK,residential,8064.8,61494.0,4187,Cooperative,2022
2911,"Canadian Valley Elec Coop, Inc",OK,residential,47538.7,390468.0,23658,Cooperative,2022
3226,"Central Rural Electric Cooperative, Inc",OK,residential,36612.5,369204.0,18770,Cooperative,2022
3478,Cimarron Electric Coop,OK,residential,23663.8,179737.0,14653,Cooperative,2022
3527,Choctaw Electric Coop Inc,OK,residential,43329.3,298265.0,20623,Cooperative,2022
3647,City of Claremore,OK,residential,20114.0,128614.0,11453,Municipal,2022
4296,"Cookson Hills Elec Coop, Inc",OK,residential,30983.3,258906.0,17208,Cooperative,2022
4401,"Cotton Electric Coop, Inc",OK,residential,42107.8,323758.0,19241,Cooperative,2022
5598,East Central Oklahoma Elec Coop Inc,OK,residential,49906.0,459486.0,32388,Cooperative,2022
5661,City of Edmond - (OK),OK,residential,60524.8,549830.0,37596,Municipal,2022
5860,Empire District Electric Co,OK,residential,6695.6,53985.0,3807,Investor Owned,2022
9246,"Indian Electric Coop, Inc",OK,residential,26638.7,244593.0,14558,Cooperative,2022
10012,Kay Electric Coop,OK,residential,7725.0,56241.0,4323,Cooperative,2022
10170,"Kiamichi Electric Coop, Inc",OK,residential,37419.0,284161.0,20657,Cooperative,2022
10599,"Lake Region Electric Coop, Inc - (OK)",OK,residential,37316.0,360143.0,24212,Cooperative,2022
13734,Northeast Oklahoma Electric Co,OK,residential,60455.0,530179.0,36982,Cooperative,2022
13807,Northwestern Electric Coop Inc - (OK),OK,residential,18672.0,112941.0,9608,Cooperative,2022
14062,Oklahoma Electric Coop Inc,OK,residential,118535.0,909175.0,56267,Cooperative,2022
14063,Oklahoma Gas & Electric Co,OK,residential,1215869.7,9617975.0,696033,Investor Owned,2022
14289,Ozarks Electric Coop Corp - (AR),OK,residential,17683.4,149952.0,11593,Cooperative,2022
14775,People's Electric Cooperative,OK,residential,31727.5,244864.0,14293,Cooperative,2022
15202,City of Ponca City - (OK),OK,residential,21974.0,145904.0,13837,Municipal,2022
15474,Public Service Co of Oklahoma,OK,residential,815819.9,6618175.0,491335,Investor Owned,2022
15746,Red River Valley Rrl Elec Assn,OK,residential,26336.0,220878.0,15458,Cooperative,2022
16382,"Rural Electric Coop, Inc",OK,residential,16077.5,128954.0,8885,Cooperative,2022
17603,Southeastern Electric Coop Inc - (OK),OK,residential,28433.0,224036.0,15164,Cooperative,2022
17671,Southwest Arkansas E C C,OK,residential,361.6,2727.0,222,Cooperative,2022
17715,Southwestern Electric Coop Inc - (NM),OK,residential,9.1,45.0,3,Cooperative,2022
18125,Stillwater Utilities Authority,OK,residential,29079.0,216838.0,19487,Municipal,2022
19160,"Tri-County Electric Coop, Inc (OK)",OK,residential,22705.3,136703.0,13466,Cooperative,2022
19785,Verdigris Valley Elec Coop Inc,OK,residential,61793.0,607491.0,34312,Cooperative,2022
60482,CKenergy Electric Cooperative,OK,residential,40557.0,273451.0,22044,Cooperative,2022
3240,Central Electric Coop Inc - (OR),OR,residential,51698.0,567055.0,33025,Cooperative,2022
3264,Central Lincoln People's Ut Dt,OR,residential,45316.0,447398.0,35228,Political Subdivision,2022
4041,"Columbia Rural Elec Assn, Inc",OR,residential,101.0,829.0,44,Cooperative,2022
4317,"Coos-Curry Electric Coop, Inc",OR,residential,23954.9,189536.0,15763,Cooperative,2022
4743,"Consumers Power, Inc",OR,residential,30731.7,271227.0,18459,Cooperative,2022
6022,City of Eugene - (OR),OR,residential,115118.0,984714.0,87450,Municipal,2022
6582,City of Forest Grove,OR,residential,11163.0,123936.0,10162,Municipal,2022
9191,Idaho Power Co,OR,residential,20619.5,201454.0,13883,Investor Owned,2022
10681,Lane Electric Coop Inc,OR,residential,22859.9,195722.0,12229,Cooperative,2022
12187,City of McMinnville - (OR),OR,residential,15217.0,211286.0,15357,Municipal,2022
12439,"Midstate Electric Coop, Inc",OR,residential,26470.0,291747.0,18088,Cooperative,2022
13788,Northern Wasco County PUD,OR,residential,10994.6,150359.0,9717,Political Subdivision,2022
14109,"Oregon Trail El Cons Coop, Inc",OR,residential,32604.3,324238.0,25769,Cooperative,2022
14354,PacifiCorp,OR,residential,607094.4,6125175.0,535721,Investor Owned,2022
15248,Portland General Electric Co,OR,residential,1103143.0,8088473.0,809603,Investor Owned,2022
16555,Salem Electric - (OR),OR,residential,20616.0,200294.0,18229,Cooperative,2022
17839,City of Springfield - (OR),OR,residential,28814.0,384696.0,29050,Municipal,2022
18260,Surprise Valley Electrification,OR,residential,1744.5,17763.0,1192,Cooperative,2022
18917,Tillamook Peoples Utility Dist,OR,residential,28032.0,264338.0,19739,Political Subdivision,2022
19325,Umatilla Electric Coop Assn,OR,residential,17120.4,188578.0,12302,Cooperative,2022
28541,Clatskanie Peoples Util Dist,OR,residential,5566.9,77719.0,3750,Political Subdivision,2022
40437,Emerald People's Utility Dist,OR,residential,32179.1,314923.0,19814,Political Subdivision,2022
40438,Columbia River Peoples Ut Dist,OR,residential,21020.2,240481.0,16100,Political Subdivision,2022
65352,Umpqua Indian Utility Cooperative,OR,residential,45.0,457.0,48,Cooperative,2022
113,"Agway Energy Services, LLC",PA,residential,1708.7,11237.0,1202,Retail Power Marketer,2022
3329,Borough of Chambersburg,PA,residential,9662.0,97239.0,9681,Municipal,2022
3597,Citizens Electric Co - (PA),PA,residential,11069.0,89685.0,5905,Investor Owned,2022
4100,"Commerce Energy, Inc.",PA,residential,5540.0,50930.0,5942,Retail Power Marketer,2022
5487,Duquesne Light Co,PA,residential,700771.8,3235882.0,433718,Investor Owned,2022
5880,"Energy Coop of New York, Inc",PA,residential,725.0,6526.0,483,Retail Power Marketer,2022
6458,Energy Harbor Corp.,PA,residential,100647.5,926401.0,81002,Retail Power Marketer,2022
7279,"NextEra Energy Services, LLC",PA,residential,26759.2,228275.0,20361,Retail Power Marketer,2022
7554,Green Mountain Energy Company,PA,residential,52481.3,425367.0,42731,Retail Power Marketer,2022
9949,Just Energy,PA,residential,20608.5,202603.0,17066,Retail Power Marketer,2022
12390,Metropolitan Edison Co,PA,residential,755924.5,4738436.0,410569,Investor Owned,2022
13374,"Constellation NewEnergy, Inc",PA,residential,59037.7,675049.0,47584,Retail Power Marketer,2022
14711,Pennsylvania Electric Co,PA,residential,658253.6,3592913.0,407157,Investor Owned,2022
14715,PPL Electric Utilities Corp,PA,residential,1903409.2,9402551.0,844001,Investor Owned,2022
14716,Pennsylvania Power Co,PA,residential,227090.1,1393132.0,122902,Investor Owned,2022
14940,PECO Energy Co,PA,residential,1835483.3,10859290.0,1175420,Investor Owned,2022
15045,Pike County Light & Power Co,PA,residential,6729.3,27414.0,3455,Investor Owned,2022
17710,"Spark Energy, LP",PA,residential,34.0,398.0,37,Retail Power Marketer,2022
19126,"TriEagle Energy, L.P.",PA,residential,6486.0,69728.0,5607,Retail Power Marketer,2022
19390,"UGI Utilities, Inc",PA,residential,98477.5,572988.0,55190,Investor Owned,2022
20334,Wellsborough Electric Co,PA,residential,7231.0,43939.0,5135,Investor Owned,2022
20387,West Penn Power Company,PA,residential,811304.7,6049297.0,522835,Investor Owned,2022
20659,"WGL Energy Services, Inc.",PA,residential,6928.0,75857.0,7815,Retail Power Marketer,2022
40167,"Somerset Rural Elec Coop, Inc",PA,residential,15543.0,129164.0,12348,Cooperative,2022
40220,Adams Electric Cooperative Inc,PA,residential,56037.0,452512.0,31489,Cooperative,2022
40221,"Bedford Rural Elec Coop, Inc",PA,residential,13005.0,105071.0,8789,Cooperative,2022
40222,Valley Rural Electric Coop Inc,PA,residential,28663.0,219190.0,20172,Cooperative,2022
40224,"Central Electric Coop, Inc - (PA)",PA,residential,32627.0,224059.0,23574,Cooperative,2022
40289,Claverack Rural Elec Coop Inc,PA,residential,24886.0,179265.0,17257,Cooperative,2022
40290,Tri-County Rural Elec Coop Inc (PA),PA,residential,20621.0,124900.0,18146,Cooperative,2022
40292,REA Energy Coop Inc,PA,residential,30149.0,239155.0,20902,Cooperative,2022
40293,"Northwestern Rural E C A, Inc - (PA)",PA,residential,27091.0,198769.0,18131,Cooperative,2022
49746,The Energy Coop,PA,residential,3471.7,19419.0,2435,Cooperative,2022
54820,Direct Energy Services,PA,residential,67955.1,699368.0,60251,Retail Power Marketer,2022
55722,AEP Energy,PA,residential,50991.9,562936.0,44924,Retail Power Marketer,2022
55781,Liberty Power Corp.,PA,residential,33.3,284.0,83,Retail Power Marketer,2022
55815,"IDT Energy, Inc.",PA,residential,14167.2,85854.0,10069,Retail Power Marketer,2022
55874,"Energy Services Providers, Inc",PA,residential,18452.0,142707.0,17925,Retail Power Marketer,2022
56212,"Ambit Energy Holdings, LLC",PA,residential,41926.0,438885.0,36012,Retail Power Marketer,2022
56220,Anthracite Power & Light,PA,residential,866.7,8642.0,718,Retail Power Marketer,2022
56265,Energy Plus Holdings LLC,PA,residential,30922.0,272313.0,24563,Retail Power Marketer,2022
56286,"Frontier Utilities, LLC",PA,residential,20223.6,200068.0,16968,Retail Power Marketer,2022
56408,"UGI Energy Services, LLC",PA,residential,286.1,3372.0,287,Retail Power Marketer,2022
56571,AP Holdings LLC,PA,residential,9379.9,64198.0,6066,Retail Power Marketer,2022
56573,"Palmco Power PA, LLC",PA,residential,8058.0,38577.0,5117,Retail Power Marketer,2022
56737,"Stream Energy Pennsylvania, LLC",PA,residential,46948.3,409811.0,36918,Retail Power Marketer,2022
57037,Reliant Energy Northeast LLC,PA,residential,205772.0,1653613.0,155700,Retail Power Marketer,2022
57067,"ENGIE Retail, LLC",PA,residential,7469.0,50849.0,6087,Retail Power Marketer,2022
57307,ENGIE Power & Gas LLC,PA,residential,614.0,3166.0,329,Retail Power Marketer,2022
58118,Public Power LLC (PA),PA,residential,11184.0,137673.0,4942,Retail Power Marketer,2022
58162,Viridian Energy PA LLC,PA,residential,2139.9,16222.0,1888,Retail Power Marketer,2022
58339,"XOOM Energy Pennsylvania, LLC",PA,residential,15108.0,122412.0,11323,Retail Power Marketer,2022
58663,Respond Power LLC,PA,residential,14403.0,121113.0,10794,Retail Power Marketer,2022
58667,"North American Power and Gas, LLC",PA,residential,15226.0,121343.0,11538,Retail Power Marketer,2022
58683,Everyday Energy LLC,PA,residential,1271.2,10063.0,1024,Retail Power Marketer,2022
58951,"CleanChoice Energy, Inc.",PA,residential,67370.5,430077.0,54133,Retail Power Marketer,2022
58952,Tomorow Energy Corp.,PA,residential,37369.1,281330.0,27606,Retail Power Marketer,2022
58953,"Star Energy Partners, LLC",PA,residential,3695.3,35559.0,5211,Retail Power Marketer,2022
58956,"SmartEnergy Holdings, LLC",PA,residential,45947.8,268535.0,35459,Retail Power Marketer,2022
58957,"Interstate Gas Supply, Inc.",PA,residential,66848.0,495792.0,45322,Retail Power Marketer,2022
58964,"Alpha Gas and Electric, LLC",PA,residential,1732.7,15807.0,1398,Retail Power Marketer,2022
58966,Marathon Power LLC,PA,residential,68.4,743.0,39,Retail Power Marketer,2022
58973,"Town Square Energy East, LLC",PA,residential,5732.5,49854.0,4075,Retail Power Marketer,2022
58974,Clearview Electric Inc.,PA,residential,15749.6,110948.0,10483,Retail Power Marketer,2022
59052,Astral Energy LLC,PA,residential,821.6,6915.0,518,Retail Power Marketer,2022
59054,"Eligo Energy, LLC",PA,residential,17272.9,135967.0,11941,Retail Power Marketer,2022
59055,"Choice Energy, LLC",PA,residential,6907.0,54859.0,6365,Retail Power Marketer,2022
59064,"Great American Power, LLC",PA,residential,9540.8,101939.0,9232,Retail Power Marketer,2022
59065,Titan Gas LLC,PA,residential,43042.5,379482.0,31762,Retail Power Marketer,2022
59083,"SFE Energy Pennsylvania, Inc.",PA,residential,16088.0,159396.0,20602,Retail Power Marketer,2022
59088,"Nordic Energy Services, LLC",PA,residential,3390.0,28158.0,2756,Retail Power Marketer,2022
59127,"Sunwave Gas & Power Connecticut, Inc.",PA,residential,141.6,1091.0,185,Retail Power Marketer,2022
59310,"Inspire Energy Holdings, LLC",PA,residential,86978.3,789946.0,77465,Retail Power Marketer,2022
59385,"Dynegy Energy Services, LLC",PA,residential,39540.0,505848.0,36812,Retail Power Marketer,2022
59410,"Shipley Choice, LLC",PA,residential,14931.5,127836.0,11513,Retail Power Marketer,2022
59620,Verde Energy USA,PA,residential,40960.0,312689.0,28174,Retail Power Marketer,2022
59793,"First Point Power, LLC",PA,residential,31.6,195.0,20,Retail Power Marketer,2022
59795,"Starion Energy PA, Inc.",PA,residential,6.4,99.0,89,Retail Power Marketer,2022
59797,Park Power LLC,PA,residential,14293.4,117040.0,12519,Retail Power Marketer,2022
59799,American Power & Gas,PA,residential,29435.1,192079.0,16674,Retail Power Marketer,2022
59801,CEI,PA,residential,338.7,2828.0,430,Retail Power Marketer,2022
59807,"Rushmore Energy, LLC",PA,residential,3676.6,32436.0,4051,Retail Power Marketer,2022
59809,"Residents Energy, LLC",PA,residential,11077.2,74347.0,9242,Retail Power Marketer,2022
59810,Greenlight Energy Inc.,PA,residential,3067.0,19563.0,2431,Retail Power Marketer,2022
59811,Santanna Energy Services,PA,residential,2205.6,28047.0,1236,Retail Power Marketer,2022
59812,New Wave Energy Corporation,PA,residential,5784.3,56623.0,3407,Retail Power Marketer,2022
59931,"MidAmerican Energy Services, LLC",PA,residential,218.7,2767.0,298,Retail Power Marketer,2022
59933,"Texpo Power, L.P.",PA,residential,3061.8,20698.0,1972,Retail Power Marketer,2022
59993,Discount Power Inc - (CT),PA,residential,6614.1,40673.0,4975,Retail Power Marketer,2022
60041,Planet Energy,PA,residential,2544.1,32464.0,2389,Retail Power Marketer,2022
60124,Spring Energy RRH LLC,PA,residential,2667.0,16085.0,1484,Retail Power Marketer,2022
60218,MPower Energy NJ LLC,PA,residential,5688.0,38693.0,5712,Retail Power Marketer,2022
60696,"Vista Energy Marketing, L.P.",PA,residential,3171.0,24368.0,3356,Retail Power Marketer,2022
61367,South Bay Energy Corp.,PA,residential,3189.0,20075.0,2452,Retail Power Marketer,2022
61920,"All American Power and Gas, LLC",PA,residential,948.0,4216.0,486,Retail Power Marketer,2022
61922,"Pure Energy USA, LLC",PA,residential,13785.0,58743.0,6993,Retail Power Marketer,2022
62148,Powervine Energy,PA,residential,4644.3,56481.0,4058,Retail Power Marketer,2022
62156,"Power UP Energy, LLC",PA,residential,1.0,4.0,1,Retail Power Marketer,2022
62790,"Summer Energy Midwest, LLC",PA,residential,9.0,118.0,24,Retail Power Marketer,2022
62914,StateWise Energy Pennsylvania LLC,PA,residential,1631.0,22423.0,2565,Retail Power Marketer,2022
63028,Josco Energy USA LLC,PA,residential,871.0,6258.0,830,Retail Power Marketer,2022
63169,Median Energy PA LLC,PA,residential,366.4,2352.0,325,Retail Power Marketer,2022
63232,"National Gas & Electric, LLC",PA,residential,4229.3,27993.0,3306,Retail Power Marketer,2022
63695,"RPA Energy, Inc.",PA,residential,4579.0,23791.0,3488,Retail Power Marketer,2022
63870,Click Energy LLC,PA,residential,2306.4,26627.0,1966,Retail Power Marketer,2022
64705,"NTHERM, LLC",PA,residential,9767.3,55960.0,5777,Retail Power Marketer,2022
64923,Capital Energy PA LLC,PA,residential,78.6,1066.0,628,Retail Power Marketer,2022
65310,Energywell LLC,PA,residential,1005.7,6521.0,5524,Retail Power Marketer,2022
1857,Block Island Utility District,RI,residential,2591.0,7108.0,1610,Political Subdivision,2022
13214,The Narragansett Electric Co,RI,residential,689009.4,2890589.0,408910,Investor Owned,2022
13374,"Constellation NewEnergy, Inc",RI,residential,458.9,5874.0,540,Retail Power Marketer,2022
14537,Pascoag Utility District,RI,residential,5708.0,35344.0,4346,Municipal,2022
54820,Direct Energy Services,RI,residential,3113.5,30798.0,4061,Retail Power Marketer,2022
55781,Liberty Power Corp.,RI,residential,18.5,145.0,299,Retail Power Marketer,2022
56212,"Ambit Energy Holdings, LLC",RI,residential,1988.0,15591.0,1919,Retail Power Marketer,2022
57067,"ENGIE Retail, LLC",RI,residential,188.4,1873.0,354,Retail Power Marketer,2022
58119,Public Power LLC (CT),RI,residential,59.0,474.0,44,Retail Power Marketer,2022
58161,Viridian Energy LLC,RI,residential,562.0,3514.0,469,Retail Power Marketer,2022
58631,"XOOM Energy Rhode Island, LLC",RI,residential,336.0,2319.0,325,Retail Power Marketer,2022
58667,"North American Power and Gas, LLC",RI,residential,3990.0,24291.0,3296,Retail Power Marketer,2022
58956,"SmartEnergy Holdings, LLC",RI,residential,7005.9,40095.0,6696,Retail Power Marketer,2022
58974,Clearview Electric Inc.,RI,residential,8114.4,43750.0,7633,Retail Power Marketer,2022
59059,Town Square Energy,RI,residential,4422.8,21613.0,4137,Retail Power Marketer,2022
59127,"Sunwave Gas & Power Connecticut, Inc.",RI,residential,22.1,229.0,108,Retail Power Marketer,2022
59793,"First Point Power, LLC",RI,residential,773.8,6395.0,1088,Retail Power Marketer,2022
59993,Discount Power Inc - (CT),RI,residential,863.1,4910.0,947,Retail Power Marketer,2022
65262,"Archer Energy, LLC",RI,residential,127.9,1327.0,1268,Retail Power Marketer,2022
65310,Energywell LLC,RI,residential,36.1,319.0,358,Retail Power Marketer,2022
162,Aiken Electric Coop Inc,SC,residential,93692.6,641275.0,47697,Cooperative,2022
1613,Berkeley Electric Coop Inc,SC,residential,200359.0,1494448.0,104645,Cooperative,2022
1763,"Black River Electric Coop, Inc - (SC)",SC,residential,56343.6,469454.0,29778,Cooperative,2022
1890,Blue Ridge Electric Coop Inc - (SC),SC,residential,132556.3,782340.0,64859,Cooperative,2022
2212,"Broad River Electric Coop, Inc",SC,residential,43020.9,290157.0,22208,Cooperative,2022
3046,Duke Energy Progress - (NC),SC,residential,259560.0,2122011.0,142492,Investor Owned,2022
5416,"Duke Energy Carolinas, LLC",SC,residential,823796.2,7134506.0,540420,Investor Owned,2022
5644,"Edisto Electric Coop, Inc",SC,residential,34453.7,221858.0,15299,Cooperative,2022
5929,"Fairfield Electric Coop, Inc",SC,residential,56415.0,422724.0,30475,Cooperative,2022
6709,Easley Combined Utility System,SC,residential,21890.7,170974.0,14726,Municipal,2022
6894,City of Gaffney - (SC),SC,residential,8356.0,72037.0,6212,Municipal,2022
7646,Greenwood CPW,SC,residential,12713.0,114910.0,11597,Municipal,2022
7654,Greer Commission of Public Wks,SC,residential,27766.0,221591.0,20363,Municipal,2022
8333,Haywood Electric Member Corp,SC,residential,10.0,61.0,9,Cooperative,2022
8786,Horry Electric Coop Inc,SC,residential,138810.0,1070438.0,78610,Cooperative,2022
10768,"Laurens Electric Coop, Inc",SC,residential,100715.0,727009.0,56048,Cooperative,2022
11118,Lockhart Power Co,SC,residential,8682.5,63552.0,4933,Investor Owned,2022
11355,"Lynches River Elec Coop, Inc",SC,residential,39824.0,265746.0,20743,Cooperative,2022
11693,"Marlboro Electric Coop, Inc",SC,residential,8261.0,82058.0,5410,Cooperative,2022
12462,Mid-Carolina Electric Coop Inc,SC,residential,110698.7,780548.0,55110,Cooperative,2022
13523,City of Newberry - (SC),SC,residential,6935.2,46163.0,4434,Municipal,2022
13524,"Newberry Electric Coop, Inc",SC,residential,23068.0,152965.0,12767,Cooperative,2022
14164,City of Orangeburg - (SC),SC,residential,34902.3,282477.0,20692,Municipal,2022
14175,"Tri-County Electric Coop, Inc (SC)",SC,residential,37575.4,238719.0,17559,Cooperative,2022
14398,Palmetto Electric Coop Inc,SC,residential,112632.0,946716.0,65970,Cooperative,2022
14557,"Pee Dee Electric Coop, Inc",SC,residential,45098.0,409610.0,28478,Cooperative,2022
16195,City of Rock Hill - (SC),SC,residential,45106.0,359960.0,36588,Municipal,2022
16606,"Santee Electric Coop, Inc",SC,residential,75788.8,526089.0,34803,Cooperative,2022
17539,"Dominion Energy South Carolina, Inc",SC,residential,1376181.0,8485890.0,673453,Investor Owned,2022
17543,South Carolina Public Service Authority,SC,residential,224245.0,1979376.0,170536,State,2022
21002,York Electric Coop Inc,SC,residential,98114.0,812434.0,62814,Cooperative,2022
1769,"Black Hills Electric Coop, Inc",SD,residential,17766.0,127438.0,8966,Cooperative,2022
2285,City of Brookings - (SD),SD,residential,11591.0,105369.0,10033,Municipal,2022
3236,"Central Electric Coop, Inc - (SD)",SD,residential,14962.6,125026.0,6428,Cooperative,2022
4720,Dakota Energy Coop Inc,SD,residential,9163.9,63585.0,3287,Cooperative,2022
11475,City of Madison - (SD),SD,residential,4144.0,36677.0,2828,Municipal,2022
12199,Montana-Dakota Utilities Co,SD,residential,8550.0,69892.0,6384,Investor Owned,2022
12341,MidAmerican Energy Co,SD,residential,4613.9,58799.0,4208,Investor Owned,2022
13337,Nebraska Public Power District,SD,residential,1626.0,17372.0,1083,Political Subdivision,2022
13750,"Northern Electric Coop, Inc",SD,residential,15002.7,150112.0,5466,Cooperative,2022
13781,Northern States Power Co - Minnesota,SD,residential,109777.0,830054.0,87577,Investor Owned,2022
13809,NorthWestern Energy - (SD),SD,residential,69809.0,596376.0,51069,Investor Owned,2022
14232,Otter Tail Power Co,SD,residential,13472.0,121912.0,8972,Investor Owned,2022
15040,City of Pierre - (SD),SD,residential,6861.5,68590.0,6166,Municipal,2022
16286,Rosebud Electric Coop Inc,SD,residential,6826.0,68750.0,4823,Cooperative,2022
17267,Sioux Valley SW Elec Coop,SD,residential,40404.8,334258.0,21147,Cooperative,2022
19293,Southeastern Electric Coop Inc - (SD),SD,residential,30928.8,275404.0,18412,Cooperative,2022
19545,"Black Hills Power, Inc.",SD,residential,79824.0,573621.0,58892,Investor Owned,2022
19896,City of Volga - (SD),SD,residential,1492.3,11680.0,1042,Municipal,2022
20187,Watertown Municipal Utilities,SD,residential,11407.0,126454.0,11075,Municipal,2022
20401,West River Electric Assn Inc,SD,residential,26298.0,199131.0,17214,Cooperative,2022
577,City of Alcoa Utilities,TN,residential,48520.0,398629.0,27010,Municipal,2022
727,Appalachian Electric Coop,TN,residential,80669.0,629092.0,42362,Cooperative,2022
814,Entergy Arkansas LLC,TN,residential,3.7,32.0,1,Investor Owned,2022
947,Athens Utility Board,TN,residential,18246.0,157477.0,11335,Municipal,2022
1578,Benton County,TN,residential,15832.0,116769.0,8590,Municipal,2022
1936,Bolivar Energy Authority,TN,residential,17385.0,129049.0,8911,Municipal,2022
2247,City of Bristol - (TN),TN,residential,48844.0,453136.0,29321,Municipal,2022
2411,City of Brownsville,TN,residential,6028.0,53372.0,4145,Municipal,2022
2960,"Caney Fork Electric Coop, Inc",TN,residential,52148.0,407481.0,28584,Cooperative,2022
3075,Carroll County - (TN),TN,residential,21328.0,179426.0,12250,Municipal,2022
3408,City of Chattanooga - (TN),TN,residential,260604.0,2132922.0,157845,Municipal,2022
3704,City of Clarksville - (TN),TN,residential,125499.0,1004434.0,71291,Municipal,2022
3758,City of Cleveland - (TN),TN,residential,48382.0,378146.0,28178,Municipal,2022
3812,City of Clinton - (TN),TN,residential,47785.0,376279.0,25878,Municipal,2022
3855,Columbia Power System,TN,residential,47111.0,388627.0,28917,Municipal,2022
4294,City of Cookeville - (TN),TN,residential,21005.0,182345.0,15354,Municipal,2022
4437,City of Covington - (TN),TN,residential,5576.0,49608.0,3700,Municipal,2022
4622,"Cumberland Valley Electric, Inc.",TN,residential,109.0,773.0,73,Cooperative,2022
4624,Cumberland Elec Member Corp,TN,residential,210781.0,1657350.0,95827,Cooperative,2022
4920,City of Dayton - (TN),TN,residential,13871.0,114735.0,8892,Municipal,2022
5148,City of Dickson,TN,residential,52453.0,452285.0,29806,Municipal,2022
5399,Duck River Elec Member Corp,TN,residential,138964.0,1127298.0,68879,Cooperative,2022
5509,City of Dyersburg,TN,residential,15369.0,133654.0,9470,Municipal,2022
5763,City of Elizabethton - (TN),TN,residential,37816.0,313413.0,23138,Municipal,2022
5961,Town of Erwin - (TN),TN,residential,11382.0,92538.0,7614,Municipal,2022
6008,City of Etowah,TN,residential,8343.0,59745.0,4399,Municipal,2022
6234,City of Fayetteville,TN,residential,30648.0,252307.0,16438,Municipal,2022
6608,Fort Loudoun Electric Coop,TN,residential,57849.0,473530.0,29554,Cooperative,2022
6784,French Broad Elec Member Corp,TN,residential,1225.1,8813.0,985,Cooperative,2022
6923,City of Gallatin - (TN),TN,residential,31276.0,271267.0,21016,Municipal,2022
7174,Gibson Electric Members Corp,TN,residential,59781.0,466240.0,29141,Cooperative,2022
7625,City of Greeneville - (TN),TN,residential,55375.0,467935.0,31905,Municipal,2022
8147,City of Harriman - (TN),TN,residential,17280.0,125544.0,9244,Municipal,2022
8764,"Holston Electric Coop, Inc",TN,residential,45699.0,358970.0,25447,Cooperative,2022
9023,City of Humboldt,TN,residential,5101.0,43840.0,3531,Municipal,2022
9612,City of Jackson - (TN),TN,residential,49859.0,406789.0,30595,Municipal,2022
9697,City of Jellico,TN,residential,2795.0,22768.0,1623,Municipal,2022
9777,Johnson City - (TN),TN,residential,125354.0,990987.0,70347,Municipal,2022
10331,Kingsport Power Co,TN,residential,71373.0,655536.0,42525,Investor Owned,2022
10421,Knoxville Utilities Board,TN,residential,308133.0,2523550.0,187716,Municipal,2022
10579,City of LaFollette,TN,residential,34550.0,258098.0,19676,Municipal,2022
10799,City of Lawrenceburg,TN,residential,31597.0,263511.0,17767,Municipal,2022
10906,City of Lenoir - (TN),TN,residential,108199.0,890976.0,59579,Municipal,2022
10960,City of Lewisburg - (TN),TN,residential,7648.0,67100.0,4860,Municipal,2022
10968,City of Lexington - (TN),TN,residential,28584.0,232727.0,17829,Municipal,2022
11222,Loudon Utilities Board,TN,residential,20615.0,177745.0,11976,Municipal,2022
11789,Maryville Utilities,TN,residential,30236.0,264827.0,19686,Municipal,2022
12186,McMinnville Electric System,TN,residential,9116.0,80281.0,6499,Municipal,2022
12293,City of Memphis - (TN),TN,residential,633309.8,5291762.0,376067,Municipal,2022
12330,Meriwether Lewis Electric Coop,TN,residential,56871.0,430729.0,29893,Cooperative,2022
12470,Middle Tennessee E M C,TN,residential,515304.0,4515007.0,289722,Cooperative,2022
12532,City of Milan,TN,residential,12385.0,103850.0,6825,Municipal,2022
12988,City of Morristown - (TN),TN,residential,21128.0,165346.0,12922,Municipal,2022
13027,"Mountain Electric Coop, Inc",TN,residential,18111.0,151575.0,12576,Cooperative,2022
13039,City of Mt Pleasant - (TN),TN,residential,6793.0,51222.0,3471,Municipal,2022
13216,Nashville Electric Service,TN,residential,669494.0,5090661.0,391807,Municipal,2022
13437,City of Newbern,TN,residential,2184.0,20311.0,1498,Municipal,2022
13550,City of Newport,TN,residential,34289.0,254087.0,19526,Municipal,2022
13933,City of Oak Ridge,TN,residential,21473.0,166834.0,14919,Municipal,2022
14455,City of Paris - (TN),TN,residential,26058.0,221536.0,16015,Municipal,2022
15016,Pickwick Electric Coop,TN,residential,31208.0,248167.0,16511,Cooperative,2022
15141,Plateau Electric Cooperative,TN,residential,21487.0,163989.0,13967,Cooperative,2022
15293,Powell Valley Electric Coop,TN,residential,29892.0,260502.0,20755,Cooperative,2022
15507,City of Pulaski - (TN),TN,residential,23422.0,177532.0,12299,Municipal,2022
16223,City of Rockwood - (TN),TN,residential,22391.0,172004.0,11929,Municipal,2022
16930,Sequachee Valley Electric Coop,TN,residential,57705.0,451751.0,32079,Cooperative,2022
16949,Sevier County Electric System,TN,residential,55588.0,488454.0,34944,Municipal,2022
17047,City of Shelbyville - (TN),TN,residential,14726.0,128554.0,9281,Municipal,2022
17452,City of Smithville - (TN),TN,residential,3221.0,25785.0,2337,Municipal,2022
17564,South Kentucky Rural E C C,TN,residential,202.2,1491.0,155,Cooperative,2022
17694,Southwest Tennessee E M C,TN,residential,88343.0,688033.0,43337,Cooperative,2022
17740,City of Sparta,TN,residential,3160.0,25579.0,2236,Municipal,2022
17829,City of Springfield - (TN),TN,residential,11241.0,99453.0,7408,Municipal,2022
18384,City of Sweetwater,TN,residential,13490.0,113413.0,7385,Municipal,2022
18643,Tennessee Valley Electric Coop,TN,residential,28244.0,221078.0,16487,Cooperative,2022
19149,City of Trenton - (TN),TN,residential,3022.0,23966.0,1946,Municipal,2022
19154,Tri-State Electric Member Corp,TN,residential,4613.0,33690.0,2726,Cooperative,2022
19162,Tri-County Elec Member Corp (TN),TN,residential,45845.0,372644.0,24085,Cooperative,2022
19266,Tullahoma Board-Public Utils,TN,residential,14401.0,128577.0,9132,Municipal,2022
19430,City of Union City,TN,residential,7675.0,65645.0,5178,Municipal,2022
19574,Upper Cumberland E M C,TN,residential,79601.0,646089.0,44328,Cooperative,2022
19898,Volunteer Electric Coop,TN,residential,176557.0,1468539.0,101929,Cooperative,2022
20228,Weakley County Mun Elec Sys,TN,residential,27859.0,245507.0,15476,Municipal,2022
20793,City of Winchester - (TN),TN,residential,8467.0,70763.0,5176,Municipal,2022
27222,City of Ripley - (TN),TN,residential,8489.0,70235.0,5203,Municipal,2022
40166,"Chickasaw Electric Coop, Inc",TN,residential,35968.0,318556.0,18796,Cooperative,2022
40236,"Forked Deer Electric Coop, Inc",TN,residential,18931.0,139115.0,8356,Cooperative,2022
1015,Austin Energy,TX,residential,612163.9,5166372.0,479353,Municipal,2022
1169,Bailey County Elec Coop Assn,TX,residential,4025.0,26442.0,3346,Cooperative,2022
1175,"Bandera Electric Coop, Inc",TX,residential,57431.0,533938.0,33706,Cooperative,2022
1273,"Bartlett Electric Coop, Inc",TX,residential,27884.1,183823.0,9854,Cooperative,2022
1591,"Big Country Electric Coop, Inc",TX,residential,15149.0,95450.0,9301,Cooperative,2022
1892,"Bluebonnet Electric Coop, Inc",TX,residential,182258.5,1641037.0,102759,Cooperative,2022
2049,"Bowie-Cass Electric Coop, Inc",TX,residential,76861.8,494631.0,34383,Cooperative,2022
2194,City of Brenham - (TX),TX,residential,7914.5,81350.0,5915,Municipal,2022
2409,Brownsville Public Utilities Board,TX,residential,83438.0,641945.0,46999,Municipal,2022
2442,City of Bryan - (TX),TX,residential,85785.4,804509.0,54231,Municipal,2022
3282,"Central Texas Elec Coop, Inc",TX,residential,53454.4,525207.0,37428,Cooperative,2022
3470,Cherokee County Elec Coop Assn,TX,residential,41662.0,317440.0,20888,Cooperative,2022
3940,City of College Station - (TX),TX,residential,69438.0,522203.0,40982,Municipal,2022
4146,Concho Valley Elec Coop Inc,TX,residential,22146.5,136754.0,11747,Cooperative,2022
4262,Cooke County Elec Coop Assn,TX,residential,34761.0,225799.0,15208,Cooperative,2022
4295,Comanche County Elec Coop Assn,TX,residential,17504.0,110793.0,6870,Cooperative,2022
4939,"Deaf Smith Electric Coop, Inc",TX,residential,6505.4,56929.0,5317,Cooperative,2022
4975,Deep East Texas Elec Coop Inc,TX,residential,78461.0,598430.0,40359,Cooperative,2022
5063,City of Denton - (TX),TX,residential,74200.0,701389.0,54079,Municipal,2022
5078,"Denton County Elec Coop, Inc",TX,residential,586745.8,4209528.0,271804,Cooperative,2022
5701,El Paso Electric Co,TX,residential,386497.0,2519058.0,310263,Investor Owned,2022
6182,"Farmers Electric Coop, Inc - (TX)",TX,residential,156693.0,1174967.0,73951,Cooperative,2022
6183,"Fayette Electric Coop, Inc",TX,residential,19986.0,170775.0,13668,Cooperative,2022
6427,City of Floresville,TX,residential,31774.3,261081.0,15294,Municipal,2022
6958,City of Garland - (TX),TX,residential,104155.0,958598.0,67369,Municipal,2022
7129,City of Georgetown - (TX),TX,residential,42424.5,308527.0,28194,Municipal,2022
7554,Green Mountain Energy Company,TX,residential,582093.5,3913777.0,324902,Retail Power Marketer,2022
7559,"Grayson-Collin Elec Coop, Inc",TX,residential,161140.0,1096322.0,71028,Cooperative,2022
7561,"Greenbelt Electric Coop, Inc",TX,residential,5652.0,28723.0,3836,Cooperative,2022
7634,City of Greenville - (TX),TX,residential,23088.0,185867.0,13862,Municipal,2022
7752,Guadalupe Valley Elec Coop Inc,TX,residential,165641.7,1324704.0,85406,Cooperative,2022
7979,Hamilton County Elec Coop Assn,TX,residential,36006.6,246999.0,18884,Cooperative,2022
8620,"HILCO Electric Cooperative, Inc.",TX,residential,72668.0,478196.0,24773,Cooperative,2022
8898,Houston County Elec Coop Inc,TX,residential,36592.7,234901.0,21070,Cooperative,2022
9590,"Jackson Electric Coop, Inc - (TX)",TX,residential,22174.0,175070.0,15390,Cooperative,2022
9668,"Jasper-Newton Elec Coop, Inc",TX,residential,38824.0,282990.0,20918,Cooperative,2022
9949,Just Energy,TX,residential,558316.0,4113360.0,276235,Retail Power Marketer,2022
10009,Karnes Electric Coop Inc,TX,residential,30816.0,273006.0,13383,Cooperative,2022
10625,"Lamb County Electric Coop, Inc",TX,residential,4808.0,36919.0,2814,Cooperative,2022
10649,Lamar County Elec Coop Assn,TX,residential,18444.0,167341.0,12397,Cooperative,2022
10817,"Lea County Electric Coop, Inc",TX,residential,2628.0,29828.0,1855,Cooperative,2022
11014,"Lighthouse Electric Coop, Inc",TX,residential,4663.6,28361.0,3854,Cooperative,2022
11292,City of Lubbock - (TX),TX,residential,148773.0,1075052.0,94358,Municipal,2022
11364,"Lyntegar Electric Coop, Inc",TX,residential,14429.0,114269.0,8792,Cooperative,2022
11501,Magic Valley Electric Coop Inc,TX,residential,216525.9,1903292.0,117744,Cooperative,2022
12268,"Medina Electric Coop, Inc",TX,residential,53340.4,401959.0,29067,Cooperative,2022
12452,Mid-South Electric Coop Assn,TX,residential,80759.8,523306.0,32607,Cooperative,2022
13332,"Navarro County Elec Coop, Inc",TX,residential,40933.0,276906.0,17419,Cooperative,2022
13374,"Constellation NewEnergy, Inc",TX,residential,423808.8,2990968.0,187010,Retail Power Marketer,2022
13418,City of New Braunfels - (TX),TX,residential,89363.9,659650.0,45582,Municipal,2022
13757,North Plains Electric Coop Inc,TX,residential,4919.0,36223.0,3088,Cooperative,2022
13830,Nueces Electric Cooperative,TX,residential,81838.0,658025.0,41720,Cooperative,2022
14424,"Panola-Harrison Elec Coop, Inc",TX,residential,18618.8,136764.0,9340,Cooperative,2022
14626,"Pedernales Electric Coop, Inc",TX,residential,639424.1,5660723.0,370868,Cooperative,2022
15847,Reliant Energy Retail Services,TX,residential,3242101.8,21460140.0,1562777,Retail Power Marketer,2022
16057,"Rio Grande Electric Coop, Inc",TX,residential,18026.1,102744.0,9023,Cooperative,2022
16063,"Rita Blanca Electric Coop, Inc",TX,residential,4323.0,38282.0,1233,Cooperative,2022
16146,"Navasota Valley Elec Coop, Inc",TX,residential,34709.8,235720.0,19020,Cooperative,2022
16461,"Rusk County Electric Coop, Inc",TX,residential,43528.7,297675.0,18087,Cooperative,2022
16604,City of San Antonio - (TX),TX,residential,1377763.0,11276203.0,823105,Municipal,2022
16613,Sam Houston Electric Coop Inc,TX,residential,173559.0,1161745.0,80134,Cooperative,2022
16627,San Patricio Electric Coop Inc,TX,residential,19697.6,135855.0,9702,Cooperative,2022
16638,"San Bernard Electric Coop, Inc",TX,residential,69320.1,472275.0,30756,Cooperative,2022
16900,City of Seguin - (TX),TX,residential,10843.0,100814.0,7659,Municipal,2022
17561,South Plains Electric Coop Inc,TX,residential,91287.8,675407.0,50571,Cooperative,2022
17671,Southwest Arkansas E C C,TX,residential,2549.8,21129.0,1060,Cooperative,2022
17693,"Southwest Texas Elec Coop, Inc",TX,residential,6243.0,40256.0,5783,Cooperative,2022
17698,Southwestern Electric Power Co,TX,residential,294361.7,2293022.0,154733,Investor Owned,2022
17710,"Spark Energy, LP",TX,residential,84781.0,649826.0,38182,Retail Power Marketer,2022
17715,Southwestern Electric Coop Inc - (NM),TX,residential,18.4,77.0,10,Cooperative,2022
17718,Southwestern Public Service Co,TX,residential,353165.8,2627405.0,219033,Investor Owned,2022
18476,"Tara Energy, LLC",TX,residential,57353.0,432369.0,30953,Retail Power Marketer,2022
18976,Trinity Valley Elec Coop Inc,TX,residential,172466.3,1219909.0,75267,Cooperative,2022
19126,"TriEagle Energy, L.P.",TX,residential,259373.0,2035030.0,127457,Retail Power Marketer,2022
19159,"Tri-County Electric Coop, Inc (TX)",TX,residential,288562.0,2096613.0,110971,Cooperative,2022
19160,"Tri-County Electric Coop, Inc (OK)",TX,residential,384.4,2364.0,205,Cooperative,2022
19327,"TXU Energy Retail Co, LLC",TX,residential,3183061.6,19973789.0,1409602,Retail Power Marketer,2022
19490,United Electric Coop Service Inc - (TX),TX,residential,194701.7,1426347.0,82957,Cooperative,2022
19579,Upshur Rural Elec Coop Corp,TX,residential,92251.0,669302.0,43181,Cooperative,2022
19806,"Victoria Electric Coop, Inc",TX,residential,39756.7,325299.0,21005,Cooperative,2022
20230,Weatherford Mun Utility System,TX,residential,24173.0,210494.0,13840,Municipal,2022
20472,"Wharton County Elec Coop, Inc",TX,residential,10510.0,78905.0,5481,Cooperative,2022
20927,"Wood County Electric Coop, Inc",TX,residential,68936.0,481978.0,34575,Cooperative,2022
20948,Wise Electric Coop Inc,TX,residential,49339.0,356540.0,19152,Cooperative,2022
27369,Taylor Electric Coop Inc - (TX),TX,residential,43568.8,240809.0,17008,Cooperative,2022
28604,Kerrville Public Utility Board,TX,residential,26342.4,294877.0,19905,Municipal,2022
28978,City of San Marcos - (TX),TX,residential,26875.0,264227.0,21873,Municipal,2022
49818,"Alliance Power Company, LLC.",TX,residential,8440.9,85952.0,5196,Retail Power Marketer,2022
49853,Amigo Energy,TX,residential,218165.4,1635646.0,114676,Retail Power Marketer,2022
49952,3000 Energy Corp,TX,residential,3997.3,23982.0,1979,Retail Power Marketer,2022
50041,"Stream SPE, LTD",TX,residential,438184.5,3136239.0,200184,Retail Power Marketer,2022
50156,AmeriPower LLC,TX,residential,196.1,1730.0,1947,Retail Power Marketer,2022
54820,Direct Energy Services,TX,residential,581881.9,4504883.0,304884,Retail Power Marketer,2022
54862,Champion Energy Services,TX,residential,216111.0,2510023.0,157939,Retail Power Marketer,2022
54872,"Accent Energy Holdings, LLC",TX,residential,11083.0,74013.0,4803,Retail Power Marketer,2022
55781,Liberty Power Corp.,TX,residential,78.7,328.0,138,Retail Power Marketer,2022
55878,Hudson Energy Services,TX,residential,8723.0,82649.0,4662,Retail Power Marketer,2022
55937,Entergy Texas Inc.,TX,residential,895687.3,6678156.0,433077,Investor Owned,2022
55982,Heart of Texas Electric Coop,TX,residential,45748.6,361752.0,17771,Cooperative,2022
56212,"Ambit Energy Holdings, LLC",TX,residential,737961.0,4789626.0,374951,Retail Power Marketer,2022
56248,"Young Energy, LLC",TX,residential,92471.5,450355.0,38452,Retail Power Marketer,2022
56286,"Frontier Utilities, LLC",TX,residential,269358.9,1758093.0,119604,Retail Power Marketer,2022
56571,AP Holdings LLC,TX,residential,30109.5,390187.0,20706,Retail Power Marketer,2022
56734,Smart Prepaid Electric,TX,residential,240.7,1510.0,149,Retail Power Marketer,2022
57067,"ENGIE Retail, LLC",TX,residential,18881.7,151900.0,10731,Retail Power Marketer,2022
57132,"US Retailers, LLC",TX,residential,660182.0,5251001.0,319021,Retail Power Marketer,2022
57350,Summer Energy LLC,TX,residential,59247.0,395476.0,27921,Retail Power Marketer,2022
57394,Value Based Brands LLC,TX,residential,388937.0,2742120.0,183858,Retail Power Marketer,2022
57459,"Wolverine Alternative Investments, LLC",TX,residential,311.3,2920.0,121,Retail Power Marketer,2022
57486,"XOOM Energy Texas, LLC",TX,residential,90381.6,622402.0,41382,Retail Power Marketer,2022
58263,V247 Power Corporation,TX,residential,10597.3,99994.0,23736,Retail Power Marketer,2022
58952,Tomorow Energy Corp.,TX,residential,6320.7,50129.0,3321,Retail Power Marketer,2022
58956,"SmartEnergy Holdings, LLC",TX,residential,7.5,51.0,3,Retail Power Marketer,2022
58963,Brooklet Energy Distribution,TX,residential,16442.0,139426.0,11474,Retail Power Marketer,2022
58974,Clearview Electric Inc.,TX,residential,990.7,6166.0,590,Retail Power Marketer,2022
59314,Infuse Energy LLC,TX,residential,12487.1,109622.0,16667,Retail Power Marketer,2022
59808,MP2 Energy LLC,TX,residential,71241.0,503541.0,40934,Retail Power Marketer,2022
59931,"MidAmerican Energy Services, LLC",TX,residential,8352.2,71413.0,4228,Retail Power Marketer,2022
59933,"Texpo Power, L.P.",TX,residential,76475.1,1107216.0,57915,Retail Power Marketer,2022
61264,Heritage Power LLC,TX,residential,10376.9,101126.0,6259,Retail Power Marketer,2022
61265,Pogo Energy LLC,TX,residential,24902.0,163468.0,13733,Retail Power Marketer,2022
61439,Windrose Power & Gas LLC,TX,residential,2870.9,47849.0,10586,Retail Power Marketer,2022
61855,"Pulse Power, LLC",TX,residential,351740.5,2591318.0,160940,Retail Power Marketer,2022
62862,Chariot Energy,TX,residential,56906.0,453235.0,26904,Retail Power Marketer,2022
62952,"Southern Federal Power, LLC",TX,residential,13070.0,184417.0,10710,Retail Power Marketer,2022
62987,Octopus Energy LLC,TX,residential,29024.3,272559.0,14798,Retail Power Marketer,2022
63112,Bulb US LLC,TX,residential,9248.8,65905.0,5431,Retail Power Marketer,2022
63422,Varsity Energy,TX,residential,12693.4,98258.0,7146,Retail Power Marketer,2022
64011,Rhythm Ops LLC,TX,residential,94952.8,527299.0,52770,Retail Power Marketer,2022
64312,"JP Energy Resources, LLC",TX,residential,39013.9,289643.0,28662,Retail Power Marketer,2022
64521,Ironhorse Power Services LLC,TX,residential,26079.6,339420.0,17658,Retail Power Marketer,2022
64554,OhmConnect Texas LLC,TX,residential,3415.4,28081.0,1921,Retail Power Marketer,2022
64653,Declaration Energy LLC,TX,residential,101421.0,789929.0,37550,Retail Power Marketer,2022
64682,"Gexa Energy, LP",TX,residential,608972.5,3384935.0,228027,Retail Power Marketer,2022
64727,Branch Energy Texas LLC,TX,residential,5024.5,44193.0,2925,Retail Power Marketer,2022
64906,Mothership,TX,residential,8612.0,47203.0,3164,Retail Power Marketer,2022
64923,Capital Energy PA LLC,TX,residential,26143.1,210424.0,14162,Retail Power Marketer,2022
64929,"Good Charlie & Co., LLC",TX,residential,4935.7,31576.0,2654,Retail Power Marketer,2022
64977,Revolution Energy LLC,TX,residential,141.0,925.0,83,Retail Power Marketer,2022
65310,Energywell LLC,TX,residential,802.2,7917.0,7110,Retail Power Marketer,2022
65314,"BKV-BPP Retail, LLC",TX,residential,0.2,1.0,6,Retail Power Marketer,2022
65353,Arrow Energy TX LLC,TX,residential,5.0,36.0,40,Retail Power Marketer,2022
65413,Tesla Energy Ventures,TX,residential,4.0,117.0,24,Retail Power Marketer,2022
2010,City of Bountiful,UT,residential,17392.0,160800.0,15616,Municipal,2022
5862,"Empire Electric Assn, Inc",UT,residential,1199.0,7611.0,924,Cooperative,2022
6957,"Garkane Energy Coop, Inc",UT,residential,13150.8,123329.0,11121,Cooperative,2022
10879,Lehi City Corporation,UT,residential,21281.0,237384.0,25016,Municipal,2022
11135,City of Logan - (UT),UT,residential,13086.0,116731.0,17682,Municipal,2022
12866,Moon Lake Electric Assn Inc,UT,residential,13049.6,156804.0,13000,Cooperative,2022
13073,"Mt Wheeler Power, Inc",UT,residential,202.5,2143.0,219,Cooperative,2022
13137,City of Murray - (UT),UT,residential,11615.0,125462.0,16371,Municipal,2022
13314,Navajo Tribal Utility Authority,UT,residential,1617.0,12507.0,1793,State,2022
14354,PacifiCorp,UT,residential,922879.8,8291943.0,901864,Investor Owned,2022
15444,Provo City Corp,UT,residential,27920.9,256678.0,35091,Municipal,2022
17732,Spanish Fork City Corporation,UT,residential,12408.0,123455.0,12613,Municipal,2022
17845,City of Springville - (UT),UT,residential,11330.2,101148.0,10596,Municipal,2022
17874,City of St George,UT,residential,32749.8,323873.0,27496,Municipal,2022
18206,Strawberry Electric Serv Dist,UT,residential,6247.7,50647.0,3611,Political Subdivision,2022
20332,Wells Rural Electric Co,UT,residential,597.3,5739.0,507,Cooperative,2022
22814,Raft Rural Elec Coop Inc,UT,residential,487.0,5127.0,370,Cooperative,2022
40165,"Dixie Escalante R E A, Inc",UT,residential,29574.8,388819.0,23595,Cooperative,2022
84,A & N Electric Coop,VA,residential,47388.3,376851.0,32415,Cooperative,2022
733,Appalachian Power Co,VA,residential,814405.0,6252210.0,460456,Investor Owned,2022
1456,Town of Bedford - (VA),VA,residential,10797.0,84268.0,5911,Municipal,2022
2248,Bristol Virginia Utilities,VA,residential,21848.0,198193.0,13571,Municipal,2022
3291,Central Virginia Electric Coop,VA,residential,71521.0,512105.0,34060,Cooperative,2022
4794,City of Danville - (VA),VA,residential,69717.4,454015.0,37176,Municipal,2022
8198,City of Harrisonburg - (VA),VA,residential,23708.0,208840.0,17990,Municipal,2022
10171,Kentucky Utilities Co,VA,residential,47546.4,348798.0,22864,Investor Owned,2022
11560,City of Manassas - (VA),VA,residential,19923.0,169568.0,14008,Municipal,2022
12260,Mecklenburg Electric Cooperative,VA,residential,52599.6,363278.0,29816,Cooperative,2022
13640,Northern Virginia Elec Coop,VA,residential,301154.0,2267589.0,164645,Cooperative,2022
13762,"Northern Neck Elec Coop, Inc",VA,residential,35058.0,245104.0,17376,Cooperative,2022
15293,Powell Valley Electric Coop,VA,residential,10160.0,89356.0,6578,Cooperative,2022
15410,Prince George Electric Coop,VA,residential,23005.0,177513.0,10793,Cooperative,2022
16558,City of Salem - (VA),VA,residential,15953.9,128984.0,11252,Municipal,2022
17066,Shenandoah Valley Elec Coop,VA,residential,152182.4,1223045.0,84189,Cooperative,2022
19876,Virginia Electric & Power Co,VA,residential,3968614.8,29595057.0,2332881,Investor Owned,2022
19882,Virginia Tech Electric Service,VA,residential,6759.4,54899.0,5590,State,2022
21244,"Southside Electric Coop, Inc",VA,residential,113196.0,760129.0,55919,Cooperative,2022
40228,Rappahannock Electric Coop,VA,residential,320782.7,2404396.0,162816,Cooperative,2022
2548,City of Burlington Electric - (VT),VT,residential,15253.1,88628.0,17550,Municipal,2022
7601,Green Mountain Power Corp,VT,residential,319345.0,1567812.0,225059,Investor Owned,2022
19791,"Vermont Electric Cooperative, Inc",VT,residential,47034.9,236476.0,35640,Cooperative,2022
20151,Washington Electric Coop - (VT),VT,residential,15539.0,63556.0,11231,Cooperative,2022
1579,PUD No 1 of Benton County,WA,residential,68016.0,781760.0,49045,Political Subdivision,2022
1625,Benton Rural Electric Assn,WA,residential,20708.1,238963.0,12744,Cooperative,2022
1723,"Big Bend Electric Coop, Inc",WA,residential,10033.5,121553.0,5279,Cooperative,2022
3295,City of Centralia - (WA),WA,residential,12493.9,127889.0,8964,Municipal,2022
3413,PUD No 1 of Chelan County,WA,residential,33073.0,973990.0,40899,Political Subdivision,2022
3644,PUD No 1 of Clallam County,WA,residential,55223.6,487507.0,30088,Political Subdivision,2022
3660,PUD No 1 of Clark County - (WA),WA,residential,248189.0,2691577.0,210225,Political Subdivision,2022
4041,"Columbia Rural Elec Assn, Inc",WA,residential,7995.4,61544.0,4182,Cooperative,2022
4442,PUD No 1 of Cowlitz County,WA,residential,67710.0,784589.0,46816,Political Subdivision,2022
5326,PUD No 1 of Douglas County,WA,residential,14526.0,473999.0,16211,Political Subdivision,2022
5832,Elmhurst Mutual Power & Light Co,WA,residential,16416.5,236548.0,15043,Cooperative,2022
6149,City of Ellensburg - (WA),WA,residential,9238.0,88172.0,8877,Municipal,2022
6716,PUD No 1 of Franklin County,WA,residential,39405.0,413738.0,26909,Political Subdivision,2022
7548,PUD No 1 of Grays Harbor County,WA,residential,63918.9,518242.0,39099,Political Subdivision,2022
8699,Inland Power & Light Company,WA,residential,62173.1,736037.0,39738,Cooperative,2022
10393,PUD No 1 of Klickitat County,WA,residential,18452.0,162260.0,11625,Political Subdivision,2022
10454,Kootenai Electric Cooperative,WA,residential,241.5,2590.0,93,Cooperative,2022
10627,Lakeview Light & Power,WA,residential,11064.0,114144.0,8223,Cooperative,2022
10944,PUD No 1 of Lewis County,WA,residential,45488.8,502037.0,29313,Political Subdivision,2022
12744,Modern Electric Water Company,WA,residential,7009.8,104534.0,8753,Cooperative,2022
13758,"Northern Lights, Inc",WA,residential,19.0,153.0,17,Cooperative,2022
14055,PUD No 1 of Okanogan County,WA,residential,30727.7,332676.0,17909,Political Subdivision,2022
14170,Orcas Power & Light Coop,WA,residential,26566.0,165868.0,13743,Cooperative,2022
14324,PUD No 2 of Pacific County,WA,residential,18246.0,204587.0,16224,Political Subdivision,2022
14354,PacifiCorp,WA,residential,164308.5,1736586.0,113137,Investor Owned,2022
14624,PUD No 2 of Grant County,WA,residential,51018.0,917714.0,41052,Political Subdivision,2022
14653,PUD No 1 of Pend Oreille County,WA,residential,14160.0,167179.0,9013,Political Subdivision,2022
14668,Peninsula Light Company,WA,residential,54718.3,530637.0,34949,Cooperative,2022
15231,City of Port Angeles - (WA),WA,residential,12134.0,136391.0,9947,Municipal,2022
15419,PUD No 3 of Mason County,WA,residential,56515.0,479072.0,33131,Political Subdivision,2022
15500,Puget Sound Energy Inc,WA,residential,1381833.4,11753057.0,1065508,Investor Owned,2022
15979,City of Richland - (WA),WA,residential,38419.0,389130.0,25006,Municipal,2022
16868,City of Seattle - (WA),WA,residential,405555.6,3346665.0,441926,Municipal,2022
17470,PUD 1 of Snohomish County,WA,residential,403054.0,3955205.0,338081,Political Subdivision,2022
18429,City of Tacoma - (WA),WA,residential,204838.0,2041309.0,171948,Municipal,2022
19784,Vera Irrigation District #15,WA,residential,13491.0,161672.0,11957,Political Subdivision,2022
20169,Avista Corp,WA,residential,277755.0,2765089.0,239958,Investor Owned,2022
59013,PUD No 1 of Jefferson County,WA,residential,27669.0,229986.0,18047,Political Subdivision,2022
108,Adams-Columbia Electric Coop,WI,residential,48027.2,279312.0,35333,Cooperative,2022
307,Algoma Utility Comm,WI,residential,1529.2,11137.0,1668,Municipal,2022
1251,Barron Electric Coop,WI,residential,28148.0,206748.0,18917,Cooperative,2022
1776,City of Black River Falls,WI,residential,2888.0,19399.0,2227,Municipal,2022
1997,City of Boscobel - (WI),WI,residential,1371.8,11921.0,1425,Municipal,2022
2273,Brodhead Water & Lighting Comm,WI,residential,1783.9,13094.0,1534,Municipal,2022
3208,Cedarburg Light & Water Comm,WI,residential,6073.7,46152.0,5824,Municipal,2022
4073,City of Columbus - (WI),WI,residential,2529.2,19316.0,2454,Municipal,2022
4247,Consolidated Water Power Co,WI,residential,85.7,677.0,70,Investor Owned,2022
4607,City of Cuba City,WI,residential,975.3,7674.0,977,Municipal,2022
4715,Dahlberg Light & Power Co,WI,residential,10185.0,75859.0,10770,Investor Owned,2022
5417,Dunn County Electric Coop,WI,residential,16490.0,114202.0,9311,Cooperative,2022
5551,City of Eagle River - (WI),WI,residential,900.3,6337.0,1038,Municipal,2022
5574,East Central Energy,WI,residential,7437.1,50212.0,5116,Cooperative,2022
6043,City of Evansville,WI,residential,3993.0,30340.0,3925,Municipal,2022
6424,Florence Utility Comm,WI,residential,1229.3,7552.0,1376,Municipal,2022
8212,Hartford Electric,WI,residential,6568.2,52499.0,6927,Municipal,2022
9124,Hustisford Utilities,WI,residential,1667.7,11403.0,1313,Municipal,2022
9690,Jefferson Utilities,WI,residential,3801.9,30503.0,3602,Municipal,2022
9936,Juneau Utility Comm,WI,residential,977.2,7868.0,934,Municipal,2022
10056,City of Kaukauna,WI,residential,15557.0,125970.0,14047,Municipal,2022
10605,Lake Mills Light & Water,WI,residential,4262.9,29326.0,4003,Municipal,2022
11125,City of Lodi - (WI),WI,residential,1604.7,11635.0,1486,Municipal,2022
11479,Madison Gas & Electric Co,WI,residential,160995.0,884476.0,141386,Investor Owned,2022
11571,Manitowoc Public Utilities,WI,residential,10797.8,109629.0,16103,Municipal,2022
11740,City of Marshfield - (WI),WI,residential,11232.0,100861.0,11931,Municipal,2022
12298,City of Menasha - (WI),WI,residential,8283.9,62166.0,8427,Municipal,2022
13036,Village of Mt. Horeb - (WI),WI,residential,3663.0,29372.0,3653,Municipal,2022
13145,Village of Muscoda - (WI),WI,residential,895.6,7439.0,914,Municipal,2022
13438,Village of New Glarus - (WI),WI,residential,1160.2,8416.0,1076,Municipal,2022
13448,City of New Holstein - (WI),WI,residential,2746.6,19517.0,2229,Municipal,2022
13467,New London Electric&Water Util,WI,residential,3473.0,26657.0,3460,Municipal,2022
13481,City of New Richmond,WI,residential,4835.1,40298.0,4682,Municipal,2022
13697,North Central Power Co Inc,WI,residential,4289.9,26683.0,4908,Investor Owned,2022
13780,Northern States Power Co,WI,residential,292748.4,1940578.0,216875,Investor Owned,2022
13815,Northwestern Wisconsin Elec Co,WI,residential,13213.4,88467.0,12869,Investor Owned,2022
13936,Oakdale Electric Coop,WI,residential,22290.0,151358.0,16739,Cooperative,2022
13963,Oconomowoc Utilities,WI,residential,10759.9,79392.0,9335,Municipal,2022
13965,Oconto Falls Water & Light Comm,WI,residential,1445.4,9998.0,1367,Municipal,2022
15086,Pioneer Power and Light Co,WI,residential,2171.5,13050.0,2013,Investor Owned,2022
15159,City of Plymouth - (WI),WI,residential,7893.0,63208.0,7197,Municipal,2022
15312,Village of Prairie Du Sac - (WI),WI,residential,1891.6,15213.0,1903,Municipal,2022
15344,Polk-Burnett Electric Coop,WI,residential,28974.0,197505.0,19898,Cooperative,2022
15804,Reedsburg Utility Comm,WI,residential,5095.8,39218.0,4669,Municipal,2022
15978,City of Richland Center - (WI),WI,residential,2142.6,17112.0,2447,Municipal,2022
16060,Riverland Energy Cooperative,WI,residential,34419.6,241191.0,17964,Cooperative,2022
16082,City of River Falls,WI,residential,7401.9,52202.0,6454,Municipal,2022
16196,Rock Energy Cooperative,WI,residential,11566.0,84546.0,7211,Cooperative,2022
16740,Scenic Rivers Energy Coop,WI,residential,27120.8,189567.0,13427,Cooperative,2022
17011,Shawano Municipal Utilities,WI,residential,4050.9,34393.0,4809,Municipal,2022
17324,Slinger Utilities,WI,residential,2706.1,20512.0,2454,Municipal,2022
18181,City of Stoughton - (WI),WI,residential,8439.4,66004.0,8013,Municipal,2022
18249,City of Sturgeon Bay - (WI),WI,residential,7247.7,55263.0,7477,Municipal,2022
18312,Sun Prairie Utilities,WI,residential,14401.5,116611.0,15605,Municipal,2022
18336,Superior Water and Light Co,WI,residential,13388.8,94322.0,12916,Investor Owned,2022
19324,Two Rivers Water & Light,WI,residential,4616.6,34042.0,5585,Municipal,2022
20182,Waterloo Light & Water Comm,WI,residential,1778.2,13024.0,1503,Municipal,2022
20211,Village of Waunakee - (WI),WI,residential,6942.2,55117.0,6149,Municipal,2022
20213,Waupun Utilities,WI,residential,4031.0,32381.0,3887,Municipal,2022
20434,City of Westby,WI,residential,1067.2,8622.0,1023,Municipal,2022
20583,Whitehall Electric Utility,WI,residential,864.1,6710.0,779,Municipal,2022
20847,Wisconsin Electric Power Co,WI,residential,1371741.9,8099798.0,1028813,Investor Owned,2022
20856,Wisconsin Power & Light Co,WI,residential,559649.0,3686150.0,429581,Investor Owned,2022
20860,Wisconsin Public Service Corp,WI,residential,457282.0,3033821.0,403558,Investor Owned,2022
20862,Wisconsin Rapids W W & L Comm,WI,residential,11780.0,97997.0,12174,Municipal,2022
40036,Westfield Electric Company,WI,residential,868.1,4747.0,588,Investor Owned,2022
733,Appalachian Power Co,WV,residential,751225.0,4907186.0,351800,Investor Owned,2022
1764,Black Diamond Power Co,WV,residential,4554.7,34512.0,3469,Investor Owned,2022
12796,Monongahela Power Co,WV,residential,428034.6,3700797.0,334385,Investor Owned,2022
15263,The Potomac Edison Company,WV,residential,213403.4,2018265.0,130196,Investor Owned,2022
20521,Wheeling Power Co,WV,residential,61828.0,387427.0,34707,Investor Owned,2022
3461,Cheyenne Light Fuel & Power,WY,residential,41162.0,284205.0,39137,Investor Owned,2022
6169,Fall River Rural Elec Coop Inc,WY,residential,747.0,7591.0,312,Cooperative,2022
7222,City of Gillette - (WY),WY,residential,16627.0,143673.0,13243,Municipal,2022
8566,High Plains Power Inc,WY,residential,20287.0,148726.0,12571,Cooperative,2022
11273,Lower Valley Energy Inc,WY,residential,34428.0,541803.0,21951,Cooperative,2022
12199,Montana-Dakota Utilities Co,WY,residential,17027.0,154374.0,14173,Investor Owned,2022
12825,NorthWestern Energy LLC - (MT),WY,residential,177.0,1412.0,167,Investor Owned,2022
14354,PacifiCorp,WY,residential,114637.3,1057690.0,117245,Investor Owned,2022
19156,Powder River Energy Corp,WY,residential,26681.2,230244.0,15737,Cooperative,2022
19545,"Black Hills Power, Inc.",WY,residential,2612.0,20528.0,2024,Investor Owned,2022
21081,Yampa Valley Electric Assn Inc,WY,residential,885.7,5713.0,566,Cooperative,2022
27058,"High West Energy, Inc",WY,residential,9866.0,69734.0,5527,Cooperative,2022
213,Alaska Electric Light & Power Co.,AK,residential,20419.0,161849.0,15159,Investor Owned,2023
219,Alaska Power and Telephone Co,AK,residential,10301.0,27163.0,5685,Investor Owned,2023
221,"Alaska Village Elec Coop, Inc",AK,residential,28721.1,44582.0,7742,Cooperative,2023
3522,Chugach Electric Assn Inc,AK,residential,121517.6,588386.0,96896,Cooperative,2023
7353,Golden Valley Elec Assn Inc,AK,residential,83231.7,280515.0,40464,Cooperative,2023
10210,Ketchikan Public Utilities,AK,residential,9169.5,77826.0,6559,Municipal,2023
10433,Kodiak Electric Assn Inc,AK,residential,6955.0,39602.0,4822,Cooperative,2023
10451,Kotzebue Electric Assn Inc,AK,residential,3300.9,7803.0,1194,Cooperative,2023
11824,Matanuska Electric Assn Inc,AK,residential,101136.1,456512.0,63012,Cooperative,2023
19558,Homer Electric Assn Inc,AK,residential,51025.6,175616.0,29377,Cooperative,2023
195,Alabama Power Co,AL,residential,2761434.0,17365015.0,1323950,Investor Owned,2023
241,Albertville Municipal Utilities Board,AL,residential,12221.0,115077.0,8218,Municipal,2023
604,City of Andalusia,AL,residential,6541.0,41151.0,3616,Municipal,2023
750,Arab Electric Coop Inc,AL,residential,23382.0,194980.0,13811,Cooperative,2023
944,City of Athens - (AL),AL,residential,77018.0,693208.0,48040,Municipal,2023
1149,Baldwin County El Member Corp,AL,residential,143859.0,1087927.0,80262,Cooperative,2023
1640,City of Bessemer Utilities,AL,residential,12434.0,104876.0,9439,Municipal,2023
1780,Black Warrior Elec Member Corp,AL,residential,34852.6,259836.0,20096,Cooperative,2023
3222,Central Alabama Electric Coop,AL,residential,94247.0,598470.0,44435,Cooperative,2023
3426,Cherokee Electric Coop - (AL),AL,residential,34655.0,235884.0,18593,Cooperative,2023
4327,Coosa Valley Electric Coop Inc,AL,residential,34060.0,210494.0,15418,Cooperative,2023
4430,"Covington Electric Coop, Inc",AL,residential,50925.2,303489.0,23051,Cooperative,2023
4617,Cullman Power Board,AL,residential,10663.0,84283.0,6944,Municipal,2023
4618,"Cullman Electric Coop, Inc",AL,residential,72683.0,550179.0,39235,Cooperative,2023
4958,Decatur Utilities,AL,residential,33526.0,305202.0,22787,Municipal,2023
5204,Dixie Electric Coop - (AL),AL,residential,43970.0,299124.0,21681,Cooperative,2023
5309,City of Dothan - (AL),AL,residential,40549.0,362165.0,26503,Municipal,2023
6422,City of Florence - (AL),AL,residential,69429.0,599021.0,41542,Municipal,2023
6491,Foley Board of Utilities,AL,residential,97385.0,721080.0,49138,Municipal,2023
6612,Fort Payne Improvement Authority,AL,residential,10811.0,90990.0,6880,Municipal,2023
6717,Franklin Electric Coop - (AL),AL,residential,10393.0,75328.0,5957,Cooperative,2023
7827,Guntersville Electric Board,AL,residential,8853.0,70695.0,4799,Municipal,2023
8226,City of Hartselle,AL,residential,7147.0,59201.0,4519,Municipal,2023
9094,City of Huntsville - (AL),AL,residential,290422.0,2528789.0,175492,Municipal,2023
9739,Joe Wheeler Elec Member Corp,AL,residential,77432.0,560715.0,36462,Cooperative,2023
11714,Marshall-De Kalb Electric Coop,AL,residential,30011.0,239038.0,17090,Cooperative,2023
13144,City of Muscle Shoals,AL,residential,11520.0,98572.0,7057,Municipal,2023
13669,North Alabama Electric Coop,AL,residential,23451.0,187318.0,13052,Cooperative,2023
14146,City of Opelika - (AL),AL,residential,20304.0,150766.0,12965,Municipal,2023
14602,Pea River Electric Coop,AL,residential,32189.9,197439.0,14886,Cooperative,2023
16458,City of Russellville - (AL),AL,residential,6489.0,48583.0,3965,Municipal,2023
16629,Sand Mountain Electric Coop,AL,residential,44928.0,357602.0,26888,Cooperative,2023
16829,City of Scottsboro - (AL),AL,residential,11942.0,92480.0,7012,Municipal,2023
17033,Sheffield Utilities,AL,residential,27126.0,222149.0,15577,Municipal,2023
17252,Singing River Elec Cooperative,AL,residential,599.1,4846.0,336,Cooperative,2023
17534,"South Alabama Elec Coop, Inc",AL,residential,31684.0,222109.0,16693,Cooperative,2023
17646,"Southern Pine Elec Coop, Inc",AL,residential,34581.0,254923.0,20523,Cooperative,2023
18203,Tallapoosa River Elec Coop Inc,AL,residential,53688.1,389231.0,29095,Cooperative,2023
18472,City of Tarrant,AL,residential,3663.0,26894.0,2100,Municipal,2023
19219,Diverse Power Incorporated,AL,residential,1329.5,7484.0,579,Cooperative,2023
19225,City of Troy - (AL),AL,residential,9361.5,96810.0,7828,Municipal,2023
19307,City of Tuscumbia,AL,residential,6036.0,51065.0,4086,Municipal,2023
20841,"Wiregrass Electric Coop, Inc",AL,residential,47139.0,313965.0,21767,Cooperative,2023
40127,Clarke-Washington E M C,AL,residential,33495.0,218574.0,18703,Cooperative,2023
40364,City of Courtland,AL,residential,800.0,6923.0,547,Municipal,2023
814,Entergy Arkansas LLC,AR,residential,996757.1,7667932.0,605244,Investor Owned,2023
817,Arkansas Valley Elec Coop Corp,AR,residential,91276.8,716919.0,53654,Cooperative,2023
1581,City of Benton - (AR),AR,residential,15693.0,155306.0,12947,Municipal,2023
1586,City of Bentonville - (AR),AR,residential,32386.0,272767.0,24169,Municipal,2023
2678,C & L Electric Coop Corp,AR,residential,32032.0,243987.0,19997,Cooperative,2023
3093,Carroll Electric Coop Corp - (AR),AR,residential,160271.0,1295365.0,97873,Cooperative,2023
3705,Clarksville Connected Utilities,AR,residential,4239.6,44946.0,3798,Municipal,2023
3712,Clay County Electric Coop Corp - (AR),AR,residential,14792.2,108436.0,10495,Cooperative,2023
4280,Conway Corporation,AR,residential,30592.0,360363.0,30307,Municipal,2023
4509,Craighead Electric Coop Corp,AR,residential,46058.0,377933.0,24884,Cooperative,2023
5860,Empire District Electric Co,AR,residential,8150.7,52635.0,4724,Investor Owned,2023
6342,First Electric Coop Corp,AR,residential,154521.0,1298791.0,93591,Cooperative,2023
8840,City of Hope - (AR),AR,residential,8018.0,63289.0,5814,Municipal,2023
9879,City Water and Light Plant,AR,residential,38572.0,488188.0,34591,Municipal,2023
12681,Mississippi County Electric Co,AR,residential,4404.0,52140.0,3238,Cooperative,2023
13676,"North Arkansas Elec Coop, Inc",AR,residential,53577.6,406417.0,35794,Cooperative,2023
13718,City of North Little Rock - (AR),AR,residential,48069.0,371427.0,34724,Municipal,2023
14063,Oklahoma Gas & Electric Co,AR,residential,81703.8,711725.0,57724,Investor Owned,2023
14238,Ouachita Electric Coop Corp,AR,residential,11477.0,95153.0,8432,Cooperative,2023
14289,Ozarks Electric Coop Corp - (AR),AR,residential,104229.5,869986.0,69921,Cooperative,2023
14446,Paragould Light & Water Comm,AR,residential,20401.0,197159.0,12422,Municipal,2023
14864,Petit Jean Electric Coop Corp,AR,residential,27913.7,209187.0,18760,Cooperative,2023
17184,City of Siloam Springs - (AR),AR,residential,10516.0,83694.0,8048,Municipal,2023
17540,"South Central Ark El Coop, Inc",AR,residential,13847.0,105712.0,9327,Cooperative,2023
17671,Southwest Arkansas E C C,AR,residential,41475.7,360106.0,24709,Cooperative,2023
17698,Southwestern Electric Power Co,AR,residential,129726.4,1132224.0,106868,Investor Owned,2023
20382,City of West Memphis - (AR),AR,residential,11294.0,134763.0,10139,Municipal,2023
20963,Woodruff Electric Coop Corp,AR,residential,18668.0,163577.0,12105,Cooperative,2023
176,Ajo Improvement Co,AZ,residential,625.0,5338.0,816,Investor Owned,2023
803,Arizona Public Service Co,AZ,residential,2289196.4,14947956.0,1228022,Investor Owned,2023
6957,"Garkane Energy Coop, Inc",AZ,residential,2593.8,25935.0,1353,Cooperative,2023
12351,City of Mesa - (AZ),AZ,residential,26930.3,154564.0,15020,Municipal,2023
12919,Morenci Water and Electric,AZ,residential,2143.3,20438.0,2305,Investor Owned,2023
13314,Navajo Tribal Utility Authority,AZ,residential,30397.0,163328.0,27267,State,2023
13318,"Navopache Electric Coop, Inc",AZ,residential,40723.0,284702.0,39704,Cooperative,2023
15048,Electrical Dist No2 Pinal County,AZ,residential,8267.0,64019.0,5123,Political Subdivision,2023
16572,Salt River Project,AZ,residential,1837996.4,14741168.0,1030788,Political Subdivision,2023
18280,Sulphur Springs Valley E C Inc,AZ,residential,67989.8,405883.0,45606,Cooperative,2023
19189,Trico Electric Cooperative Inc,AZ,residential,81470.3,572818.0,50614,Cooperative,2023
19604,USBIA-San Carlos Project,AZ,residential,13547.0,116379.0,11025,Federal,2023
19728,"UNS Electric, Inc",AZ,residential,137698.4,1009273.0,93838,Investor Owned,2023
21538,"Mohave Electric Cooperative, Inc.",AZ,residential,57964.8,456200.0,39953,Cooperative,2023
24211,Tucson Electric Power Co,AZ,residential,594104.9,3967416.0,407394,Investor Owned,2023
25866,Ak-Chin Electric Utility Authority,AZ,residential,570.3,5120.0,319,State,2023
30518,Electrical Dist No3 Pinal County,AZ,residential,58925.2,427876.0,28126,Political Subdivision,2023
40165,"Dixie Escalante R E A, Inc",AZ,residential,2864.0,33466.0,2712,Cooperative,2023
65261,Gila River Indian Utility Authority (GRICUA),AZ,residential,6514.0,45667.0,2616,Cooperative,2023
207,Alameda Municipal Power,CA,residential,30526.9,139418.0,32803,Municipal,2023
590,City of Anaheim - (CA),CA,residential,106124.0,605013.0,105422,Municipal,2023
1050,City of Azusa,CA,residential,19397.0,96429.0,14935,Municipal,2023
2507,City of Burbank Water and Power,CA,residential,48931.0,285810.0,46688,Municipal,2023
4003,City of Colton - (CA),CA,residential,23951.0,104746.0,17135,Municipal,2023
4390,City of Corona - (CA),CA,residential,1210.4,7935.0,1286,Municipal,2023
7294,City of Glendale - (CA),CA,residential,94737.2,377802.0,77188,Municipal,2023
9216,Imperial Irrigation District,CA,residential,319543.5,1817915.0,140906,Political Subdivision,2023
11124,City of Lodi - (CA),CA,residential,33515.2,161350.0,23449,Municipal,2023
11208,Los Angeles Department of Water & Power,CA,residential,1855039.2,8070193.0,1400054,Municipal,2023
12312,Merced Irrigation District,CA,residential,19722.2,80403.0,11089,Political Subdivision,2023
12745,Modesto Irrigation District,CA,residential,183885.6,934157.0,102862,Political Subdivision,2023
14328,Pacific Gas & Electric Co.,CA,residential,6656135.0,10749713.0,1832407,Investor Owned,2023
14354,PacifiCorp,CA,residential,65588.3,386710.0,36271,Investor Owned,2023
14401,City of Palo Alto - (CA),CA,residential,31979.0,158215.0,26220,Municipal,2023
14534,City of Pasadena - (CA),CA,residential,77809.7,322335.0,58128,Municipal,2023
14999,"Pilot Power Group, LLC",CA,residential,3935.0,26039.0,4153,Retail Power Marketer,2023
15783,City of Redding - (CA),CA,residential,64779.0,351468.0,38200,Municipal,2023
16088,City of Riverside - (CA),CA,residential,131044.0,713298.0,100056,Municipal,2023
16295,City of Roseville - (CA),CA,residential,88283.4,495694.0,61048,Municipal,2023
16534,Sacramento Municipal Util Dist,CA,residential,790212.4,4678364.0,583291,Political Subdivision,2023
16609,San Diego Gas & Electric Co,CA,residential,1684011.5,2003818.0,460629,Investor Owned,2023
16612,City & County of San Francisco,CA,residential,4062.4,20415.0,1924,Municipal,2023
16655,City of Santa Clara - (CA),CA,residential,38034.2,257905.0,49383,Municipal,2023
17609,Southern California Edison Co,CA,residential,7058686.1,18058382.0,3182068,Investor Owned,2023
17612,Bear Valley Electric Service,CA,residential,28477.0,87570.0,23285,Investor Owned,2023
17896,City of Shasta Lake - (CA),CA,residential,7392.7,41387.0,4272,Municipal,2023
18260,Surprise Valley Electrification,CA,residential,3993.6,35615.0,2798,Cooperative,2023
19281,Turlock Irrigation District,CA,residential,134144.0,790056.0,79748,Political Subdivision,2023
19798,City of Vernon,CA,residential,50.1,298.0,73,Municipal,2023
19840,"Valley Electric Assn, Inc",CA,residential,22.3,113.0,12,Cooperative,2023
21093,3 Phases Renewables Inc,CA,residential,47.0,361.0,60,Retail Power Marketer,2023
55787,City of Moreno Valley - (CA),CA,residential,16762.5,45903.0,6946,Municipal,2023
56692,Marin Clean Energy,CA,residential,417248.7,2795290.0,514764,Community Choice Aggregator,2023
57483,Liberty Utilities,CA,residential,57790.3,308222.0,43902,Investor Owned,2023
58789,DOD USMC Marine Air Ground Combat,CA,residential,2484.0,12775.0,1500,Federal,2023
59126,Sonoma Clean Power Authority,CA,residential,136770.1,1044135.0,198355,Community Choice Aggregator,2023
59625,Lancaster Choice Energy,CA,residential,44616.0,293121.0,45370,Community Choice Aggregator,2023
60181,CleanPowerSF,CA,residential,155304.3,1232473.0,353538,Community Choice Aggregator,2023
60402,Peninsula Clean Energy Authority,CA,residential,194653.2,1416284.0,281633,Community Choice Aggregator,2023
60758,Apple Valley Choice Energy,CA,residential,22092.0,142221.0,23105,Community Choice Aggregator,2023
60759,Silicon Valley Clean Energy Authority,CA,residential,186059.3,1320765.0,247543,Community Choice Aggregator,2023
60868,Redwood Coast Energy Authority,CA,residential,37566.0,263935.0,51825,Community Choice Aggregator,2023
61083,Pico Rivera Innovative Municipal Energy,CA,residential,12451.0,83864.0,14228,Community Choice Aggregator,2023
61431,Pioneer Community Energy,CA,residential,118645.0,928956.0,133496,Community Choice Aggregator,2023
61432,Central Coast Community Energy,CA,residential,181793.0,1734537.0,381115,Community Choice Aggregator,2023
61433,San Jacinto Power,CA,residential,13698.0,90171.0,13134,Community Choice Aggregator,2023
61462,Valley Clean Energy Alliance,CA,residential,42061.0,276129.0,54074,Community Choice Aggregator,2023
61471,Rancho Mirage Energy Authority,CA,residential,20063.0,120288.0,12806,Community Choice Aggregator,2023
61475,Ava Community Energy,CA,residential,353429.3,2443549.0,580320,Community Choice Aggregator,2023
61526,Clean Power Alliance of Southern Califor,CA,residential,702156.1,4945549.0,729169,Community Choice Aggregator,2023
61570,King City Community Power,CA,residential,1684.0,10727.0,2852,Community Choice Aggregator,2023
61858,San Jose Clean Energy,CA,residential,239803.4,1601576.0,312583,Community Choice Aggregator,2023
63725,Pomona Choice Energy (PCE),CA,residential,30822.0,205254.0,35586,Community Choice Aggregator,2023
64195,Desert Community Energy,CA,residential,39595.6,197537.0,28204,Community Choice Aggregator,2023
64289,San Diego Community Power,CA,residential,505176.6,2941195.0,761361,Community Choice Aggregator,2023
64425,Clean Energy Alliance,CA,residential,66864.1,394352.0,93621,Community Choice Aggregator,2023
64555,Santa Barbara Clean Energy,CA,residential,22166.0,133871.0,31558,Community Choice Aggregator,2023
64928,Orange County Power Authority,CA,residential,144379.8,968653.0,199356,Community Choice Aggregator,2023
65259,Energy for Palmdale's Independent Choice,CA,residential,37763.0,266880.0,40295,Community Choice Aggregator,2023
66052,Kirkwood Meadows PUD,CA,residential,1466.6,2058.0,631,Political Subdivision,2023
66062,Shelter Cove Resort Improvement Dist No. 1,CA,residential,1039.6,2950.0,595,Political Subdivision,2023
3989,City of Colorado Springs - (CO),CO,residential,211329.5,1531512.0,211787,Municipal,2023
5086,Delta Montrose Electric Assn,CO,residential,42414.9,286483.0,32120,Cooperative,2023
5862,"Empire Electric Assn, Inc",CO,residential,16699.3,108827.0,12748,Cooperative,2023
6604,City of Fort Collins - (CO),CO,residential,65886.3,519595.0,70098,Municipal,2023
6610,City of Fort Morgan,CO,residential,4247.6,53812.0,5853,Municipal,2023
6638,City of Fountain,CO,residential,19851.0,144703.0,16882,Municipal,2023
7563,Grand Valley Power,CO,residential,26538.0,167676.0,16936,Cooperative,2023
8570,Highline Electric Assn,CO,residential,7370.3,55814.0,5043,Cooperative,2023
8773,"Holy Cross Electric Assn, Inc",CO,residential,84019.0,692227.0,49688,Cooperative,2023
9336,CORE Electric Cooperative,CO,residential,237964.0,1638230.0,161800,Cooperative,2023
10066,K C Electric Association,CO,residential,5330.5,40548.0,3401,Cooperative,2023
10539,"La Plata Electric Assn, Inc",CO,residential,52557.0,326132.0,39537,Cooperative,2023
11187,City of Longmont,CO,residential,37727.2,325486.0,40386,Municipal,2023
11256,City of Loveland - (CO),CO,residential,35596.6,264506.0,35990,Municipal,2023
12860,Morgan County Rural Elec Assn,CO,residential,9716.5,71487.0,5787,Cooperative,2023
12866,Moon Lake Electric Assn Inc,CO,residential,1553.4,17260.0,1530,Cooperative,2023
13050,"Mountain Parks Electric, Inc",CO,residential,24697.0,169945.0,18765,Cooperative,2023
13058,"Mountain View Elec Assn, Inc",CO,residential,91015.0,577475.0,58270,Cooperative,2023
15257,"Poudre Valley REA, Inc",CO,residential,60861.3,506762.0,47618,Cooperative,2023
15466,Public Service Co of Colorado,CO,residential,1355894.2,9458383.0,1346146,Investor Owned,2023
16603,"San Luis Valley R E C, Inc",CO,residential,12578.0,72453.0,9018,Cooperative,2023
16616,"San Isabel Electric Assn, Inc",CO,residential,31182.8,182832.0,23079,Cooperative,2023
16622,"San Miguel Power Assn, Inc",CO,residential,19207.0,120347.0,11951,Cooperative,2023
17592,Southeast Colorado Power Assn,CO,residential,11854.9,70384.0,8043,Cooperative,2023
17715,Southwestern Electric Coop Inc - (NM),CO,residential,13.8,65.0,5,Cooperative,2023
19160,"Tri-County Electric Coop, Inc (OK)",CO,residential,9.2,52.0,9,Cooperative,2023
19499,"United Power, Inc",CO,residential,125368.2,921373.0,98343,Cooperative,2023
20510,"Wheatland Electric Coop, Inc",CO,residential,24.5,161.0,28,Cooperative,2023
20576,"White River Electric Assn, Inc",CO,residential,3141.4,21657.0,2634,Cooperative,2023
21075,Y-W Electric Assn Inc,CO,residential,7100.0,46220.0,4881,Cooperative,2023
21081,Yampa Valley Electric Assn Inc,CO,residential,39285.4,247066.0,23012,Cooperative,2023
27058,"High West Energy, Inc",CO,residential,1015.0,6762.0,672,Cooperative,2023
56146,"Black Hills Colorado Electric, LLC",CO,residential,104930.0,602501.0,88786,Investor Owned,2023
2089,Bozrah Light & Power Company,CT,residential,4618.0,23255.0,2427,Municipal,2023
4176,Connecticut Light & Power Co,CT,residential,2597798.7,7267019.0,933332,Investor Owned,2023
7716,Groton Dept of Utilities - (CT),CT,residential,20644.9,102873.0,12240,Municipal,2023
13374,"Constellation NewEnergy, Inc",CT,residential,161962.4,1179281.0,131904,Retail Power Marketer,2023
13831,City of Norwich - (CT),CT,residential,34368.0,135067.0,18748,Municipal,2023
19497,United Illuminating Co,CT,residential,595107.2,1594404.0,263416,Investor Owned,2023
20038,Town of Wallingford - (CT),CT,residential,35064.9,209627.0,21370,Municipal,2023
54820,Direct Energy Services,CT,residential,63688.3,485845.0,55377,Retail Power Marketer,2023
56265,Energy Plus Holdings LLC,CT,residential,41.4,505.0,40,Retail Power Marketer,2023
56504,Major Energy Electric Services,CT,residential,5272.0,31217.0,3691,Retail Power Marketer,2023
57037,Reliant Energy Northeast LLC,CT,residential,85.0,1068.0,112,Retail Power Marketer,2023
57487,"XOOM Energy Connecticut, LLC",CT,residential,12505.5,92715.0,11652,Retail Power Marketer,2023
58667,"North American Power and Gas, LLC",CT,residential,10130.0,41567.0,5442,Retail Power Marketer,2023
59059,Town Square Energy,CT,residential,72012.7,566717.0,56828,Retail Power Marketer,2023
65310,Energywell LLC,CT,residential,16787.1,113767.0,11645,Retail Power Marketer,2023
7279,"NextEra Energy Services, LLC",DC,residential,82.9,885.0,78,Retail Power Marketer,2023
13374,"Constellation NewEnergy, Inc",DC,residential,1501.7,12573.0,1539,Retail Power Marketer,2023
15270,Potomac Electric Power Co,DC,residential,317745.3,1973032.0,277874,Investor Owned,2023
20659,"WGL Energy Services, Inc.",DC,residential,3810.0,27093.0,3640,Retail Power Marketer,2023
54820,Direct Energy Services,DC,residential,1008.4,7812.0,564,Retail Power Marketer,2023
55815,"IDT Energy, Inc.",DC,residential,1567.5,9613.0,1073,Retail Power Marketer,2023
55874,"Energy Services Providers, Inc",DC,residential,208.0,1165.0,197,Retail Power Marketer,2023
56212,"Ambit Energy Holdings, LLC",DC,residential,308.4,2446.0,301,Retail Power Marketer,2023
56504,Major Energy Electric Services,DC,residential,517.0,3105.0,480,Retail Power Marketer,2023
57037,Reliant Energy Northeast LLC,DC,residential,290.0,1818.0,238,Retail Power Marketer,2023
58119,Public Power LLC (CT),DC,residential,225.5,1584.0,131,Retail Power Marketer,2023
58162,Viridian Energy PA LLC,DC,residential,92.5,535.0,83,Retail Power Marketer,2023
58476,"Stream Energy Columbia, LLC",DC,residential,315.0,1968.0,280,Retail Power Marketer,2023
58951,"CleanChoice Energy, Inc.",DC,residential,11438.1,52428.0,8139,Retail Power Marketer,2023
58956,"SmartEnergy Holdings, LLC",DC,residential,4729.9,24630.0,3978,Retail Power Marketer,2023
58964,"Alpha Gas and Electric, LLC",DC,residential,21.9,138.0,19,Retail Power Marketer,2023
58974,Clearview Electric Inc.,DC,residential,666.6,2539.0,336,Retail Power Marketer,2023
59054,"Eligo Energy, LLC",DC,residential,166.9,809.0,132,Retail Power Marketer,2023
59062,"Horizon Power and Light, LLC",DC,residential,218.0,1282.0,159,Retail Power Marketer,2023
59065,Titan Gas LLC,DC,residential,423.7,2620.0,261,Retail Power Marketer,2023
59088,"Nordic Energy Services, LLC",DC,residential,28.5,236.0,33,Retail Power Marketer,2023
59310,"Inspire Energy Holdings, LLC",DC,residential,1292.0,8874.0,1137,Retail Power Marketer,2023
59312,"XOOM Energy Washington DC, LLC",DC,residential,942.0,6410.0,836,Retail Power Marketer,2023
59797,Park Power LLC,DC,residential,360.8,2097.0,273,Retail Power Marketer,2023
59931,"MidAmerican Energy Services, LLC",DC,residential,46.8,534.0,22,Retail Power Marketer,2023
60218,MPower Energy NJ LLC,DC,residential,3750.5,19379.0,2792,Retail Power Marketer,2023
60583,Atlantic Energy LLC,DC,residential,1517.0,6947.0,900,Retail Power Marketer,2023
61059,"Renaissance Power & Gas, Inc.",DC,residential,180.3,1115.0,194,Retail Power Marketer,2023
61283,"Palmco Power DC, LLC",DC,residential,847.0,3160.0,552,Retail Power Marketer,2023
61972,"SunSea Energy, LLC",DC,residential,2579.0,9329.0,1924,Retail Power Marketer,2023
63168,Median Energy Corp.,DC,residential,356.9,2389.0,364,Retail Power Marketer,2023
63695,"RPA Energy, Inc.",DC,residential,156.8,600.0,77,Retail Power Marketer,2023
65310,Energywell LLC,DC,residential,5.2,40.0,5,Retail Power Marketer,2023
4100,Just Energy Solutions Inc.,DE,residential,2306.0,18265.0,1694,Retail Power Marketer,2023
5027,Delmarva Power,DE,residential,453486.1,2771948.0,272780,Investor Owned,2023
5070,Delaware Electric Cooperative,DE,residential,185478.0,1239678.0,103287,Cooperative,2023
5335,City of Dover - (DE),DE,residential,30397.0,205261.0,21406,Municipal,2023
7279,"NextEra Energy Services, LLC",DE,residential,376.4,2307.0,214,Retail Power Marketer,2023
12478,Town of Middletown - (DE),DE,residential,14991.8,93697.0,8962,Municipal,2023
12540,City of Milford - (DE),DE,residential,10727.9,75442.0,6954,Municipal,2023
13374,"Constellation NewEnergy, Inc",DE,residential,805.1,8089.0,752,Retail Power Marketer,2023
13519,City of Newark - (DE),DE,residential,15958.3,95585.0,11845,Municipal,2023
17710,"Spark Energy, LP",DE,residential,188.0,1294.0,126,Retail Power Marketer,2023
20659,"WGL Energy Services, Inc.",DE,residential,2106.0,17893.0,1991,Retail Power Marketer,2023
54820,Direct Energy Services,DE,residential,4563.7,38317.0,3701,Retail Power Marketer,2023
56212,"Ambit Energy Holdings, LLC",DE,residential,427.7,3816.0,349,Retail Power Marketer,2023
57037,Reliant Energy Northeast LLC,DE,residential,3897.0,29423.0,3027,Retail Power Marketer,2023
58162,Viridian Energy PA LLC,DE,residential,228.3,1407.0,125,Retail Power Marketer,2023
58632,"XOOM Energy Delaware, LLC",DE,residential,546.0,3793.0,390,Retail Power Marketer,2023
58951,"CleanChoice Energy, Inc.",DE,residential,4378.9,25713.0,3168,Retail Power Marketer,2023
58956,"SmartEnergy Holdings, LLC",DE,residential,3308.2,18564.0,2154,Retail Power Marketer,2023
58974,Clearview Electric Inc.,DE,residential,974.5,4487.0,598,Retail Power Marketer,2023
59065,Titan Gas LLC,DE,residential,38.1,330.0,58,Retail Power Marketer,2023
59310,"Inspire Energy Holdings, LLC",DE,residential,4162.0,35469.0,3850,Retail Power Marketer,2023
59793,"First Point Power, LLC",DE,residential,54.6,273.0,26,Retail Power Marketer,2023
59797,Park Power LLC,DE,residential,424.7,1946.0,225,Retail Power Marketer,2023
59807,"Rushmore Energy, LLC",DE,residential,1666.3,16254.0,1938,Retail Power Marketer,2023
59809,"Residents Energy, LLC",DE,residential,1475.2,10032.0,1221,Retail Power Marketer,2023
59810,Greenlight Energy Inc.,DE,residential,28.3,225.0,29,Retail Power Marketer,2023
59931,"MidAmerican Energy Services, LLC",DE,residential,77.3,1441.0,91,Retail Power Marketer,2023
59993,Discount Power Inc - (CT),DE,residential,256.8,1460.0,163,Retail Power Marketer,2023
60583,Atlantic Energy LLC,DE,residential,293.3,1567.0,223,Retail Power Marketer,2023
61201,"Stream Energy Delaware, LLC",DE,residential,316.0,2141.0,220,Retail Power Marketer,2023
61349,"Palmco Power DE, LLC",DE,residential,482.0,2211.0,255,Retail Power Marketer,2023
63695,"RPA Energy, Inc.",DE,residential,200.1,855.0,118,Retail Power Marketer,2023
65310,Energywell LLC,DE,residential,18.4,112.0,16,Retail Power Marketer,2023
1300,City of Bartow - (FL),FL,residential,19509.3,153756.0,11044,Municipal,2023
3245,"Central Florida Elec Coop, Inc",FL,residential,51518.0,387379.0,32541,Cooperative,2023
3502,"Choctawhatche Elec Coop, Inc",FL,residential,100294.7,771997.0,54813,Cooperative,2023
3757,"Clay Electric Cooperative, Inc - (FL)",FL,residential,299745.0,2388898.0,168185,Cooperative,2023
6443,"Florida Keys El Coop Assn, Inc",FL,residential,58358.0,465348.0,28545,Cooperative,2023
6452,Florida Power & Light Co,FL,residential,10510075.0,70005780.0,5147906,Investor Owned,2023
6455,"Duke Energy Florida, LLC",FL,residential,3926139.1,21750264.0,1753585,Investor Owned,2023
6457,Florida Public Utilities Co,FL,residential,56170.3,300117.0,25719,Investor Owned,2023
6616,Fort Pierce Utilities Authority,FL,residential,33137.0,259297.0,23905,Municipal,2023
6909,Gainesville Regional Utilities,FL,residential,143451.0,844298.0,92308,Municipal,2023
7264,"Glades Electric Coop, Inc",FL,residential,30648.0,183704.0,14052,Cooperative,2023
7785,"Gulf Coast Electric Coop, Inc",FL,residential,40918.7,289127.0,20780,Cooperative,2023
8795,City of Homestead - (FL),FL,residential,54196.6,373914.0,23540,Municipal,2023
9616,Beaches Energy Services,FL,residential,64519.5,435244.0,30377,Municipal,2023
9617,JEA,FL,residential,747535.0,5658254.0,455609,Municipal,2023
10226,"Utility Board of the City of Key West, F",FL,residential,58019.0,401690.0,27180,Municipal,2023
10376,Kissimmee Utility Authority,FL,residential,139461.1,1042836.0,75776,Municipal,2023
10620,City of Lake Worth Beach - (FL),FL,residential,35908.4,293381.0,24417,Municipal,2023
10623,City of Lakeland - (FL),FL,residential,211315.6,1723295.0,118281,Municipal,2023
10857,"Lee County Electric Coop, Inc - (FL)",FL,residential,476308.2,3280720.0,222698,Cooperative,2023
10868,City of Leesburg - (FL),FL,residential,44377.7,278424.0,23802,Municipal,2023
13485,New Smyrna Beach City of,FL,residential,38318.0,310176.0,27453,Municipal,2023
13955,City of Ocala,FL,residential,58720.5,548918.0,45245,Municipal,2023
14606,"Peace River Electric Coop, Inc",FL,residential,96681.0,763899.0,52742,Cooperative,2023
14610,Orlando Utilities Comm,FL,residential,360861.8,2868489.0,242200,Municipal,2023
15776,Central Florida Tourism Oversight District,FL,residential,14.0,114.0,9,Municipal,2023
18304,"Sumter Electric Coop, Inc",FL,residential,342160.0,2623482.0,218869,Cooperative,2023
18360,Suwannee Valley Elec Coop Inc,FL,residential,45657.0,322488.0,25525,Cooperative,2023
18445,City of Tallahassee - (FL),FL,residential,148622.6,1140276.0,101063,Municipal,2023
18449,"Talquin Electric Coop, Inc",FL,residential,100812.7,704245.0,53434,Cooperative,2023
18454,Tampa Electric Co,FL,residential,1710867.7,10307159.0,742575,Investor Owned,2023
19161,"Tri-County Electric Coop, Inc (FL)",FL,residential,31132.6,183678.0,18209,Cooperative,2023
20371,"West Florida El Coop Assn, Inc",FL,residential,54940.0,322539.0,26030,Cooperative,2023
20885,Withlacoochee River Elec Coop,FL,residential,395782.0,3213590.0,222873,Cooperative,2023
31833,Okefenoke Rural El Member Corp,FL,residential,22874.9,162485.0,10898,Cooperative,2023
58124,City of Winter Park - (FL),FL,residential,26125.0,191080.0,12096,Municipal,2023
123,City of Adel- (GA),GA,residential,4170.6,29557.0,2296,Municipal,2023
230,Albany Utility Board,GA,residential,37136.1,332431.0,28612,Municipal,2023
407,Altamaha Electric Member Corp,GA,residential,35762.1,230703.0,19464,Cooperative,2023
562,Amicalola Electric Member Corp,GA,residential,82491.7,687463.0,49088,Cooperative,2023
1891,Blue Ridge Mountain EMC - (GA),GA,residential,44137.0,322262.0,30117,Cooperative,2023
2487,City of Buford,GA,residential,5353.4,36972.0,2939,Municipal,2023
2812,City of Calhoun - (GA),GA,residential,6516.9,45991.0,4444,Municipal,2023
2903,Canoochee Electric Member Corp,GA,residential,40770.5,308924.0,23330,Cooperative,2023
3081,Carroll Electric Member Corp - (GA),GA,residential,97149.0,716097.0,52344,Cooperative,2023
3108,City of Cartersville - (GA),GA,residential,11006.1,80611.0,6622,Municipal,2023
3248,Central Georgia El Member Corp,GA,residential,105619.0,863405.0,59750,Cooperative,2023
3408,City of Chattanooga - (TN),GA,residential,16376.0,136614.0,10204,Municipal,2023
3475,City of Chickamauga,GA,residential,1335.0,10531.0,828,Municipal,2023
3843,Coastal Electric Member Corp - (GA),GA,residential,39623.5,280062.0,19782,Cooperative,2023
3916,Cobb Electric Membership Corp,GA,residential,295737.7,2533635.0,197597,Cooperative,2023
3939,City of College Park - (GA),GA,residential,9296.1,71904.0,7673,Municipal,2023
4432,Coweta-Fayette El Member Corp,GA,residential,135259.5,1158514.0,81314,Cooperative,2023
4433,City of Covington - (GA),GA,residential,20855.3,147801.0,11846,Municipal,2023
4538,Crisp County Power Comm,GA,residential,19776.1,140900.0,9286,Political Subdivision,2023
4744,Dalton Utilities,GA,residential,16191.0,145804.0,12972,Municipal,2023
5325,City of Douglas,GA,residential,5211.3,54104.0,4103,Municipal,2023
5582,City of East Point - (GA),GA,residential,18969.5,157674.0,16142,Municipal,2023
5905,Excelsior Electric Member Corp,GA,residential,41102.0,311291.0,23245,Cooperative,2023
6411,Flint Electric Membership Corp,GA,residential,158591.9,1174798.0,81740,Cooperative,2023
7090,GreyStone Power Corporation,GA,residential,221691.0,1850772.0,134757,Cooperative,2023
7140,Georgia Power Co,GA,residential,4039663.4,27622686.0,2387722,Investor Owned,2023
7450,Grady Electric Membership Corp,GA,residential,36934.3,248881.0,19156,Cooperative,2023
7679,City of Griffin - (GA),GA,residential,22822.6,155396.0,13685,Municipal,2023
7887,Habersham Electric Membership Corp,GA,residential,57340.0,416315.0,34490,Cooperative,2023
8210,Hart Electric Member Corp,GA,residential,45016.0,366788.0,29829,Cooperative,2023
8333,Haywood Electric Member Corp,GA,residential,636.0,3596.0,426,Cooperative,2023
9431,Irwin Electric Membership Corp,GA,residential,21575.0,130702.0,10886,Cooperative,2023
9601,Jackson Electric Member Corp - (GA),GA,residential,380615.3,3178004.0,232048,Cooperative,2023
9689,Jefferson Electric Member Corp,GA,residential,58541.0,434662.0,34249,Cooperative,2023
10585,City of La Grange - (GA),GA,residential,17130.0,134627.0,11917,Municipal,2023
10624,Southern Rivers Energy,GA,residential,46504.0,286911.0,20068,Cooperative,2023
10800,City of Lawrenceville - (GA),GA,residential,15633.7,104571.0,10351,Municipal,2023
11646,City of Marietta - (GA),GA,residential,39956.5,340367.0,36045,Municipal,2023
12706,Mitchell Electric Member Corp,GA,residential,44639.7,285847.0,21253,Cooperative,2023
13547,"Newnan Wtr, Sewer & Light Comm",GA,residential,12624.0,92918.0,8995,Municipal,2023
13716,North Georgia Elec Member Corp,GA,residential,161607.0,1362934.0,89064,Cooperative,2023
13962,Oconee Electric Member Corp,GA,residential,22373.9,141738.0,10581,Cooperative,2023
14649,Planters Electric Member Corp,GA,residential,30752.0,214750.0,16290,Cooperative,2023
15700,Rayle Electric Membership Corp,GA,residential,29255.0,201779.0,16267,Cooperative,2023
16637,City of Sandersville - (GA),GA,residential,2668.1,25320.0,2231,Municipal,2023
16674,Satilla Rural Elec Member Corporation,GA,residential,96076.8,727488.0,53451,Cooperative,2023
16865,Sawnee Electric Membership Corporation,GA,residential,302161.2,2401600.0,177427,Cooperative,2023
17832,Snapping Shoals El Member Corp,GA,residential,187589.5,1511410.0,102580,Cooperative,2023
18305,Sumter Electric Member Corp,GA,residential,30996.9,224423.0,14963,Cooperative,2023
18397,City of Sylvania - (GA),GA,residential,2850.0,21274.0,1818,Municipal,2023
18499,Three Notch Elec Member Corp,GA,residential,23493.6,144311.0,13719,Cooperative,2023
18848,City of Thomasville - (GA),GA,residential,22689.4,187072.0,14129,Municipal,2023
18956,Tri-County Elec Member Corp (GA),GA,residential,40266.0,275830.0,20892,Cooperative,2023
19154,Tri-State Electric Member Corp,GA,residential,20755.0,151147.0,12966,Cooperative,2023
19219,Diverse Power Incorporated,GA,residential,77963.6,442815.0,31239,Cooperative,2023
20065,Walton Electric Member Corp,GA,residential,243493.8,1822039.0,129144,Cooperative,2023
20140,City of Washington - (GA),GA,residential,3068.7,18838.0,1860,Municipal,2023
20146,Washington Elec Member Corp,GA,residential,24983.7,171180.0,15091,Cooperative,2023
31833,Okefenoke Rural El Member Corp,GA,residential,51915.9,361631.0,27102,Cooperative,2023
40212,Colquitt Electric Membership Corp,GA,residential,112780.7,878512.0,65288,Cooperative,2023
8287,Hawaii Electric Light Co Inc,HI,residential,197949.3,425521.0,77647,Investor Owned,2023
10071,Kauai Island Utility Cooperative,HI,residential,72799.5,193950.0,30025,Cooperative,2023
11843,Maui Electric Co Ltd,HI,residential,164578.7,376039.0,62877,Investor Owned,2023
19547,Hawaiian Electric Co Inc,HI,residential,665887.0,1540523.0,275654,Investor Owned,2023
471,Amana Society Service Co,IA,residential,1045.0,6741.0,709,Investor Owned,2023
554,City of Ames - (IA),IA,residential,21512.6,176503.0,24832,Municipal,2023
2652,Butler County Rural Elec Coop - (IA),IA,residential,9980.5,65795.0,3888,Cooperative,2023
3203,Cedar Falls Utilities,IA,residential,17226.8,172086.0,17568,Municipal,2023
5588,East-Central Iowa Rural Elec Coop,IA,residential,15993.0,122886.0,7364,Cooperative,2023
5605,Eastern Iowa Light & Power Coop,IA,residential,39245.6,286670.0,20800,Cooperative,2023
6258,Federated Rural Electric Assn,IA,residential,103.0,921.0,53,Cooperative,2023
6782,Freeborn Mower Electric Cooperative,IA,residential,16.0,117.0,6,Cooperative,2023
8319,Heartland Power Coop,IA,residential,10124.9,84249.0,4348,Cooperative,2023
9230,City of Independence - (IA),IA,residential,3016.6,21290.0,2717,Municipal,2023
9417,Interstate Power and Light Co,IA,residential,640617.0,3586061.0,414637,Investor Owned,2023
9425,Iowa Lakes Electric Coop,IA,residential,22501.6,176748.0,9653,Cooperative,2023
11053,Linn County REC,IA,residential,43727.0,306877.0,29455,Cooperative,2023
11611,City of Maquoketa - (IA),IA,residential,3121.3,23536.0,2811,Municipal,2023
11788,Consumers Energy Coop - (IA),IA,residential,12735.0,84992.0,6772,Cooperative,2023
12341,MidAmerican Energy Co,IA,residential,667762.1,6071702.0,624956,Investor Owned,2023
12450,Midland Power Coop,IA,residential,27104.0,206984.0,11790,Cooperative,2023
12642,Maquoketa Valley Rrl Elec Coop,IA,residential,18472.7,140227.0,10921,Cooperative,2023
13143,Board of Water Electric & Communications,IA,residential,12449.4,98987.0,10122,Municipal,2023
15291,Prairie Energy Coop,IA,residential,7171.8,54542.0,3453,Cooperative,2023
15349,City of Preston,IA,residential,574.1,3736.0,454,Municipal,2023
16611,Access Energy Coop,IA,residential,16019.7,114619.0,8824,Cooperative,2023
17260,North West Rural Electric Coop,IA,residential,23088.3,259372.0,9330,Cooperative,2023
19157,MiEnergy Cooperative,IA,residential,11838.9,72057.0,5987,Cooperative,2023
6169,Fall River Rural Elec Coop Inc,ID,residential,21184.0,214821.0,14809,Cooperative,2023
8699,Inland Power & Light Company,ID,residential,3159.2,36757.0,2087,Cooperative,2023
9187,City of Idaho Falls - (ID),ID,residential,29202.0,333545.0,27097,Municipal,2023
9191,Idaho Power Co,ID,residential,665200.3,5712006.0,510236,Investor Owned,2023
10454,Kootenai Electric Cooperative,ID,residential,46913.0,410033.0,29976,Cooperative,2023
11273,Lower Valley Energy Inc,ID,residential,1464.0,20524.0,1579,Cooperative,2023
12692,"Missoula Electric Coop, Inc",ID,residential,65.8,688.0,47,Cooperative,2023
13758,"Northern Lights, Inc",ID,residential,26718.0,233554.0,17857,Cooperative,2023
14354,PacifiCorp,ID,residential,90145.0,817961.0,72621,Investor Owned,2023
16565,Salmon River Electric Coop Inc,ID,residential,3400.0,37399.0,2343,Cooperative,2023
19502,"United Electric Co-op, Inc - (ID)",ID,residential,7626.1,103898.0,4990,Cooperative,2023
20169,Avista Corp,ID,residential,137949.0,1355765.0,126548,Investor Owned,2023
22814,Raft Rural Elec Coop Inc,ID,residential,2320.0,25923.0,1373,Cooperative,2023
970,Homefield Energy,IL,residential,62377.9,1125648.0,101616,Retail Power Marketer,2023
1325,City of Batavia - (IL),IL,residential,12260.0,86944.0,9944,Municipal,2023
3931,Coles-Moultrie Electric Coop,IL,residential,18911.0,112210.0,8461,Cooperative,2023
4100,Just Energy Solutions Inc.,IL,residential,33519.0,316953.0,37176,Retail Power Marketer,2023
4110,Commonwealth Edison Co,IL,residential,3423012.1,20611558.0,3006545,Investor Owned,2023
4362,Corn Belt Energy Corporation,IL,residential,59028.0,378894.0,34565,Cooperative,2023
5535,Egyptian Electric Coop Assn,IL,residential,28230.4,182824.0,13677,Cooperative,2023
5585,Eastern Illinois Elec Coop,IL,residential,28210.0,166178.0,11137,Cooperative,2023
6458,Energy Harbor Corp.,IL,residential,86492.2,1032272.0,120657,Retail Power Marketer,2023
7096,City of Geneva- (IL),IL,residential,9187.0,76226.0,8630,Municipal,2023
7554,Green Mountain Energy Company,IL,residential,7430.2,56300.0,8904,Retail Power Marketer,2023
9750,"Jo-Carroll Energy, Inc",IL,residential,28096.0,150857.0,17315,Cooperative,2023
12341,MidAmerican Energy Co,IL,residential,62442.4,630480.0,73614,Investor Owned,2023
12395,Menard Electric Coop,IL,residential,19289.5,108126.0,9054,Cooperative,2023
13032,Mt Carmel Public Utility Co,IL,residential,8373.0,44729.0,4330,Investor Owned,2023
13208,City of Naperville - (IL),IL,residential,64799.2,500293.0,55563,Municipal,2023
13292,Norris Electric Coop,IL,residential,35973.8,245849.0,18050,Cooperative,2023
13374,"Constellation NewEnergy, Inc",IL,residential,212602.3,2011433.0,225436,Retail Power Marketer,2023
14840,City of Peru - (IL),IL,residential,4404.0,36636.0,4719,Municipal,2023
16179,Rochelle Municipal Utilities,IL,residential,6473.0,48067.0,6298,Municipal,2023
16196,Rock Energy Cooperative,IL,residential,12278.0,84404.0,9344,Cooperative,2023
16740,Scenic Rivers Energy Coop,IL,residential,19.6,144.0,12,Cooperative,2023
17040,"Shelby Electric Coop, Inc - (IL)",IL,residential,23395.8,121099.0,9764,Cooperative,2023
17585,"Southeastern IL Elec Coop, Inc",IL,residential,41843.0,306360.0,22609,Cooperative,2023
17697,Southwestern Electric Coop Inc - (IL),IL,residential,43486.7,329555.0,24676,Cooperative,2023
17710,"Spark Energy, LP",IL,residential,21362.0,114046.0,18592,Retail Power Marketer,2023
17828,City of Springfield - (IL),IL,residential,70710.8,594080.0,59023,Municipal,2023
17860,City of St Charles - (IL),IL,residential,17036.7,115113.0,14070,Municipal,2023
18955,"Tri-County Electric Coop, Inc (IL)",IL,residential,35053.1,226449.0,16186,Cooperative,2023
20222,Wayne-White Counties Elec Coop,IL,residential,23650.7,148791.0,11970,Cooperative,2023
54820,Direct Energy Services,IL,residential,42778.8,329744.0,42124,Retail Power Marketer,2023
55722,AEP Energy,IL,residential,12740.2,196995.0,19901,Retail Power Marketer,2023
55815,"IDT Energy, Inc.",IL,residential,3330.1,18033.0,3423,Retail Power Marketer,2023
55874,"Energy Services Providers, Inc",IL,residential,28332.5,186017.0,25488,Retail Power Marketer,2023
56212,"Ambit Energy Holdings, LLC",IL,residential,34628.2,262531.0,30459,Retail Power Marketer,2023
56265,Energy Plus Holdings LLC,IL,residential,6462.6,46887.0,6624,Retail Power Marketer,2023
56286,"Frontier Utilities, LLC",IL,residential,946.9,6542.0,1025,Retail Power Marketer,2023
56379,"MC Squared Energy Services, LLC",IL,residential,79096.0,1025597.0,112289,Retail Power Marketer,2023
56504,Major Energy Electric Services,IL,residential,626.0,3636.0,573,Retail Power Marketer,2023
56697,Ameren Illinois Company,IL,residential,1370234.5,6052859.0,614162,Investor Owned,2023
57037,Reliant Energy Northeast LLC,IL,residential,115690.0,903647.0,120210,Retail Power Marketer,2023
57307,ENGIE Power & Gas LLC,IL,residential,331.3,2372.0,427,Retail Power Marketer,2023
57488,"XOOM Energy Illinois, LLC",IL,residential,11718.0,94730.0,12874,Retail Power Marketer,2023
58119,Public Power LLC (CT),IL,residential,766.2,5812.0,737,Retail Power Marketer,2023
58162,Viridian Energy PA LLC,IL,residential,4401.6,27140.0,3329,Retail Power Marketer,2023
58314,"Palmco Power IL, LLC",IL,residential,25077.0,137018.0,26613,Retail Power Marketer,2023
58667,"North American Power and Gas, LLC",IL,residential,1853.0,11588.0,1659,Retail Power Marketer,2023
58683,Everyday Energy LLC,IL,residential,138.0,837.0,117,Retail Power Marketer,2023
58951,"CleanChoice Energy, Inc.",IL,residential,18378.0,121546.0,19110,Retail Power Marketer,2023
58952,Tomorrow Energy Corp.,IL,residential,3998.5,13487.0,2157,Retail Power Marketer,2023
58956,"SmartEnergy Holdings, LLC",IL,residential,32076.4,214716.0,33594,Retail Power Marketer,2023
58957,"Interstate Gas Supply, Inc.",IL,residential,15789.0,133434.0,18458,Retail Power Marketer,2023
58964,"Alpha Gas and Electric, LLC",IL,residential,2732.6,19188.0,3410,Retail Power Marketer,2023
58972,"Realgy, LLC",IL,residential,9670.2,103303.0,12309,Retail Power Marketer,2023
58974,Clearview Electric Inc.,IL,residential,17165.9,73039.0,9265,Retail Power Marketer,2023
59054,"Eligo Energy, LLC",IL,residential,8497.0,93132.0,12134,Retail Power Marketer,2023
59064,"Great American Power, LLC",IL,residential,1675.0,16262.0,2569,Retail Power Marketer,2023
59065,Titan Gas LLC,IL,residential,6.5,81.0,4,Retail Power Marketer,2023
59088,"Nordic Energy Services, LLC",IL,residential,6742.5,45927.0,5913,Retail Power Marketer,2023
59310,"Inspire Energy Holdings, LLC",IL,residential,10547.1,82074.0,10569,Retail Power Marketer,2023
59385,"Dynegy Energy Services, LLC",IL,residential,31254.3,488852.0,46470,Retail Power Marketer,2023
59797,Park Power LLC,IL,residential,730.3,4430.0,661,Retail Power Marketer,2023
59799,American Power & Gas,IL,residential,1190.9,6624.0,820,Retail Power Marketer,2023
59807,"Rushmore Energy, LLC",IL,residential,4736.8,41620.0,6696,Retail Power Marketer,2023
59809,"Residents Energy, LLC",IL,residential,39399.1,251189.0,36990,Retail Power Marketer,2023
59810,Greenlight Energy Inc.,IL,residential,377.3,3149.0,580,Retail Power Marketer,2023
59811,Santanna Energy Services,IL,residential,5875.6,54513.0,6543,Retail Power Marketer,2023
59848,"ResCom Energy, LLC",IL,residential,8.8,118.0,92,Retail Power Marketer,2023
59931,"MidAmerican Energy Services, LLC",IL,residential,69.3,813.0,69,Retail Power Marketer,2023
59958,"Mega Energy of Illinois, LLC",IL,residential,394.7,2308.0,2410,Retail Power Marketer,2023
60218,MPower Energy NJ LLC,IL,residential,1165.4,6166.0,1541,Retail Power Marketer,2023
60583,Atlantic Energy LLC,IL,residential,938.8,8883.0,1328,Retail Power Marketer,2023
60696,"Vista Energy Marketing, L.P.",IL,residential,10062.3,67380.0,10399,Retail Power Marketer,2023
61092,"Stream Energy Illinois, LLC",IL,residential,3115.0,25872.0,3809,Retail Power Marketer,2023
61367,South Bay Energy Corp.,IL,residential,86.0,846.0,137,Retail Power Marketer,2023
61922,"Pure Energy USA, LLC",IL,residential,2485.0,9011.0,1642,Retail Power Marketer,2023
62094,"SFE Energy Illinois, Inc.",IL,residential,351.0,3462.0,425,Retail Power Marketer,2023
63029,Josco Energy IL LLC,IL,residential,22.9,149.0,93,Retail Power Marketer,2023
63695,"RPA Energy, Inc.",IL,residential,8565.3,40186.0,7237,Retail Power Marketer,2023
64543,StateWise Energy Illinois LLC,IL,residential,25.5,549.0,68,Retail Power Marketer,2023
65310,Energywell LLC,IL,residential,1401.3,10951.0,1689,Retail Power Marketer,2023
66113,"EcoPlus Power, LLC",IL,residential,744.8,21547.0,3962,Retail Power Marketer,2023
636,City of Anderson - (IN),IN,residential,38416.6,301720.0,30466,Municipal,2023
994,City of Auburn - (IN),IN,residential,7243.2,62758.0,6761,Municipal,2023
1283,Bartholomew County Rural E M C,IN,residential,22493.0,150124.0,11341,Cooperative,2023
1896,City of Bluffton - (IN),IN,residential,4930.0,47109.0,4946,Municipal,2023
4508,"Crawfordsville Elec, Lgt & Pwr",IN,residential,11223.0,83141.0,8568,Municipal,2023
4848,Daviess Martin County R E M C,IN,residential,17652.0,116770.0,7908,Cooperative,2023
4960,Decatur County Rural E M C,IN,residential,17211.7,109305.0,8004,Cooperative,2023
5394,Dubois Rural Electric Coop Inc,IN,residential,23025.0,160233.0,13286,Cooperative,2023
6707,City of Frankfort - (IN),IN,residential,8541.0,72827.0,7785,Municipal,2023
7627,City of Greenfield - (IN),IN,residential,12985.0,104970.0,11580,Municipal,2023
8000,NineStar Connect,IN,residential,38454.0,250912.0,16953,Cooperative,2023
8179,Harrison County Rural E M C,IN,residential,45269.0,332671.0,22918,Cooperative,2023
8447,Hendricks County Rural E M C,IN,residential,68269.7,496020.0,36628,Cooperative,2023
9273,AES Indiana,IN,residential,660558.8,4801479.0,462848,Investor Owned,2023
9324,Indiana Michigan Power Co,IN,residential,654789.8,4070840.0,418915,Investor Owned,2023
9576,Jackson County Rural E M C - (IN),IN,residential,56284.0,351986.0,24050,Cooperative,2023
9613,City of Lebanon - (IN),IN,residential,9169.3,74284.0,7892,Municipal,2023
9665,Jasper County Rural E M C,IN,residential,14509.6,100609.0,7683,Cooperative,2023
9667,City of Jasper - (IN),IN,residential,7881.9,69622.0,6436,Municipal,2023
9778,Johnson County Rural E M C,IN,residential,48064.1,348387.0,27630,Cooperative,2023
9999,Kankakee Valley Rural E M C,IN,residential,31143.9,213163.0,18905,Cooperative,2023
10448,Kosciusko County Rural E M C,IN,residential,24005.9,185969.0,17431,Cooperative,2023
11142,City of Logansport - (IN),IN,residential,10214.3,100016.0,11175,Municipal,2023
12377,Midwest Energy Cooperative - (MI),IN,residential,727.2,3794.0,307,Cooperative,2023
12674,City of Mishawaka,IN,residential,17900.3,177078.0,24834,Municipal,2023
12929,South Central Indiana REMC,IN,residential,70300.0,443464.0,34577,Cooperative,2023
13647,Noble County R E M C,IN,residential,17523.2,131086.0,10940,Cooperative,2023
13756,Northern Indiana Pub Serv Co,IN,residential,583883.5,3262923.0,427217,Investor Owned,2023
14599,"Paulding-Putman Elec Coop, Inc",IN,residential,6095.1,40311.0,3710,Cooperative,2023
14839,City of Peru - (IN),IN,residential,11279.0,87545.0,9169,Municipal,2023
15470,"Duke Energy Indiana, LLC",IN,residential,1232273.0,8610821.0,781956,Investor Owned,2023
15989,City of Richmond - (IN),IN,residential,22524.1,176534.0,16373,Municipal,2023
17038,RushShelby Energy,IN,residential,31983.0,199337.0,14652,Cooperative,2023
17599,Southeastern Indiana R E M C,IN,residential,52293.7,340540.0,25968,Cooperative,2023
17633,Southern Indiana Gas & Elec Co,IN,residential,230263.7,1335877.0,132490,Investor Owned,2023
18940,Tipmont Rural Elec Member Corp,IN,residential,51073.1,321611.0,27874,Cooperative,2023
19445,"Southern Indiana R E C, Inc",IN,residential,15592.0,99879.0,8882,Cooperative,2023
19667,Utilities Dist-Western IN REMC,IN,residential,37366.8,232999.0,18812,Cooperative,2023
20216,Whitewater Valley Rural EMC,IN,residential,24503.0,158898.0,11954,Cooperative,2023
20603,Northeastern Rural E M C,IN,residential,51421.3,350188.0,29902,Cooperative,2023
22822,Clark County Rural E M C - (IN),IN,residential,54459.5,372465.0,26448,Cooperative,2023
24753,Boone County Rural EMC,IN,residential,40239.0,253765.0,17341,Cooperative,2023
25295,Western Indiana Energy REMC,IN,residential,28867.7,209497.0,14987,Cooperative,2023
27599,Carroll-White REMC,IN,residential,27569.0,185550.0,14708,Cooperative,2023
59505,Heartland REMC,IN,residential,36689.0,254897.0,17927,Cooperative,2023
296,"Alfalfa Electric Coop, Inc",KS,residential,394.0,3727.0,212,Cooperative,2023
2774,CMS Electric Coop Inc,KS,residential,4342.0,25718.0,3191,Cooperative,2023
3355,City of Chanute,KS,residential,4479.0,44516.0,4583,Municipal,2023
3892,City of Coffeyville - (KS),KS,residential,5980.2,49094.0,4736,Municipal,2023
5860,Empire District Electric Co,KS,residential,13886.6,104321.0,8291,Investor Owned,2023
6941,City of Garden City,KS,residential,12882.0,83675.0,10348,Municipal,2023
9996,City of Kansas City - (KS),KS,residential,87224.0,580620.0,60437,Municipal,2023
10000,Evergy Metro,KS,residential,367371.4,2857073.0,242173,Investor Owned,2023
10005,"Evergy Kansas South, Inc",KS,residential,411316.0,3161889.0,298842,Investor Owned,2023
10019,FreeState Electric Coop,KS,residential,35151.0,222290.0,17398,Cooperative,2023
12208,City of McPherson - (KS),KS,residential,8198.9,91127.0,7401,Municipal,2023
12524,Midwest Energy Inc - (KS),KS,residential,38349.1,317832.0,29814,Cooperative,2023
13799,Prairie Land Electric Coop Inc,KS,residential,18435.2,133552.0,13370,Cooperative,2023
15073,"Pioneer Electric Coop, Inc - (KS)",KS,residential,7040.0,61064.0,5016,Cooperative,2023
19160,"Tri-County Electric Coop, Inc (OK)",KS,residential,1429.3,8261.0,1057,Cooperative,2023
19820,Victory Electric Coop Assn Inc,KS,residential,16807.0,141369.0,14095,Cooperative,2023
20476,Western Coop Electric Assn Inc,KS,residential,8786.0,60570.0,5807,Cooperative,2023
20510,"Wheatland Electric Coop, Inc",KS,residential,25528.0,207857.0,20157,Cooperative,2023
20813,City of Winfield - (KS),KS,residential,8484.2,59805.0,6303,Municipal,2023
22500,"Evergy Kansas Central, Inc",KS,residential,451224.6,3447298.0,340314,Investor Owned,2023
60839,Southern Pioneer Electric Company,KS,residential,18131.0,113829.0,12563,Cooperative,2023
690,City of Bardstown - (KY),KY,residential,3934.0,40688.0,3447,Municipal,2023
1582,City of Benton - (KY),KY,residential,3008.0,22173.0,1874,Municipal,2023
1708,Big Sandy Rural Elec Coop Corp,KY,residential,20182.0,145962.0,11593,Cooperative,2023
1886,Blue Grass Energy Coop Corp,KY,residential,99024.0,789068.0,59622,Cooperative,2023
2056,City of Bowling Green - (KY),KY,residential,31229.0,269585.0,26746,Municipal,2023
3687,Clark Energy Coop Inc - (KY),KY,residential,43022.0,317679.0,25949,Cooperative,2023
4622,"Cumberland Valley Electric, Inc.",KY,residential,35924.0,275005.0,22348,Cooperative,2023
6194,Farmers Rural Electric Coop Corp - (KY),KY,residential,37496.0,292211.0,24747,Cooperative,2023
6442,Fleming-Mason Energy Coop Inc,KY,residential,34662.3,271693.0,23550,Cooperative,2023
6708,City of Frankfort - (KY),KY,residential,21453.0,196521.0,16752,Municipal,2023
6718,City of Franklin - (KY),KY,residential,6574.0,50273.0,4497,Municipal,2023
6840,City of Fulton - (KY),KY,residential,1757.0,13127.0,1184,Municipal,2023
7174,Gibson Electric Members Corp,KY,residential,4534.0,34325.0,2533,Cooperative,2023
7270,City of Glasgow - (KY),KY,residential,8372.0,61705.0,5684,Municipal,2023
7558,Grayson Rural Electric Coop Corp,KY,residential,25618.0,157443.0,14405,Cooperative,2023
8449,Henderson City Utility Comm,KY,residential,11021.9,113272.0,10320,Municipal,2023
8548,City of Hickman,KY,residential,1320.0,9110.0,837,Municipal,2023
8846,City of Hopkinsville,KY,residential,13899.0,113081.0,9809,Municipal,2023
9292,Inter County Energy Coop Corp - (KY),KY,residential,45283.0,335990.0,26444,Cooperative,2023
9575,Jackson Energy Coop Corp - (KY),KY,residential,86203.5,628613.0,49145,Cooperative,2023
9605,Jackson Purchase Energy Corporation,KY,residential,49070.5,325420.0,24010,Cooperative,2023
9697,City of Jellico,KY,residential,2719.0,21712.0,1774,Municipal,2023
9964,Kenergy Corp,KY,residential,91318.0,637761.0,47100,Cooperative,2023
10171,Kentucky Utilities Co,KY,residential,664503.2,5545728.0,446660,Investor Owned,2023
11011,Licking Valley Rural E C C,KY,residential,25004.0,177963.0,16637,Cooperative,2023
11249,Louisville Gas & Electric Co,KY,residential,486428.0,3923114.0,381561,Investor Owned,2023
11488,Madisonville Municipal Utils,KY,residential,8055.0,66031.0,6895,Municipal,2023
11871,City of Mayfield Plant Board,KY,residential,5699.0,43177.0,4327,Municipal,2023
12243,Meade County Rural E C C,KY,residential,45089.2,325102.0,28926,Cooperative,2023
13138,City of Murray - (KY),KY,residential,8138.0,61456.0,6185,Municipal,2023
13651,Nolin Rural Electric Coop Corp,KY,residential,60273.0,460293.0,35188,Cooperative,2023
14251,Owen Electric Coop Inc,KY,residential,100688.0,786620.0,63270,Cooperative,2023
14268,City of Owensboro - (KY),KY,residential,26799.8,206254.0,23236,Municipal,2023
14371,City of Paducah - (KY),KY,residential,31279.3,203678.0,18885,Municipal,2023
14724,Pennyrile Rural Electric Coop,KY,residential,70827.0,547010.0,40345,Cooperative,2023
16459,City of Russellville - (KY),KY,residential,4218.0,35502.0,3129,Municipal,2023
16587,Salt River Electric Coop Corp,KY,residential,80418.0,724930.0,52873,Cooperative,2023
17044,"Shelby Energy Coop, Inc - (KY)",KY,residential,30082.0,231827.0,17219,Cooperative,2023
17564,South Kentucky Rural E C C,KY,residential,97454.0,739644.0,64003,Cooperative,2023
18498,Taylor County Rural E C C,KY,residential,34471.0,290482.0,24688,Cooperative,2023
19162,Tri-County Elec Member Corp (TN),KY,residential,33051.0,267319.0,20456,Cooperative,2023
19446,Duke Energy Kentucky,KY,residential,171174.8,1408351.0,136696,Investor Owned,2023
20130,Warren Rural Elec Coop Corp,KY,residential,102632.0,864230.0,59318,Cooperative,2023
20377,West Kentucky Rural E C C,KY,residential,55930.0,423861.0,31698,Cooperative,2023
22053,Kentucky Power Co,KY,residential,249071.0,1755606.0,131090,Investor Owned,2023
49998,City of Berea Municipal Utility,KY,residential,5099.1,56127.0,4669,Municipal,2023
298,City of Alexandria - (LA),LA,residential,36810.0,284437.0,19883,Municipal,2023
1458,"Beauregard Electric Coop, Inc",LA,residential,84307.0,631467.0,39787,Cooperative,2023
3265,Cleco Power LLC,LA,residential,469101.0,3771793.0,251095,Investor Owned,2023
3641,"Claiborne Electric Coop, Inc",LA,residential,32998.0,299388.0,21540,Cooperative,2023
4153,"Concordia Electric Coop, Inc",LA,residential,18248.0,140534.0,11893,Cooperative,2023
5202,Dixie Electric Membership Corp - (LA),LA,residential,194406.2,1773255.0,108412,Cooperative,2023
8884,Terrebonne Parish Consol Gov't,LA,residential,16734.0,175738.0,11009,Municipal,2023
9096,City of Lafayette - (LA),LA,residential,91207.0,897716.0,59209,Municipal,2023
9682,"Jefferson Davis Elec Coop, Inc",LA,residential,19144.0,135776.0,8840,Cooperative,2023
11241,Entergy Louisiana LLC,LA,residential,1576128.6,14312847.0,952644,Investor Owned,2023
13228,City of Natchitoches,LA,residential,9080.4,92940.0,7327,Municipal,2023
13478,"Entergy New Orleans, LLC",LA,residential,310595.5,2405914.0,188026,Investor Owned,2023
13783,Northeast Louisiana Power Coop Inc.,LA,residential,17795.0,193842.0,11585,Cooperative,2023
14424,"Panola-Harrison Elec Coop, Inc",LA,residential,12552.2,130952.0,8496,Cooperative,2023
15175,Pointe Coupee Elec Member Corp,LA,residential,16138.0,122875.0,8264,Cooperative,2023
16463,City of Ruston - (LA),LA,residential,6154.0,110264.0,9690,Municipal,2023
17565,South Louisiana Elec Coop Assn,LA,residential,33241.7,265689.0,17102,Cooperative,2023
17684,Southwest Louisiana E M C,LA,residential,210848.4,1823047.0,106968,Cooperative,2023
17698,Southwestern Electric Power Co,LA,residential,367077.4,2875733.0,207281,Investor Owned,2023
21567,"Washington-St Tammany E C, Inc",LA,residential,86493.7,803655.0,50577,Cooperative,2023
2144,Town of Braintree - (MA),MA,residential,18226.0,115293.0,14027,Municipal,2023
3477,City of Chicopee - (MA),MA,residential,32248.2,191920.0,23470,Municipal,2023
5480,Town of Danvers,MA,residential,15036.9,93089.0,11509,Municipal,2023
6374,Fitchburg Gas & Elec Light Co,MA,residential,40972.4,60629.0,9638,Investor Owned,2023
7279,"NextEra Energy Services, LLC",MA,residential,331622.7,2117151.0,280119,Retail Power Marketer,2023
7554,Green Mountain Energy Company,MA,residential,2263.0,10567.0,1706,Retail Power Marketer,2023
8774,City of Holyoke - (MA),MA,residential,16785.0,106148.0,14092,Municipal,2023
8973,Town of Hudson - (MA),MA,residential,13618.1,101718.0,11405,Municipal,2023
9949,Just Energy,MA,residential,150.9,1130.0,215,Retail Power Marketer,2023
11085,Town of Littleton - (MA),MA,residential,9648.5,66985.0,6695,Municipal,2023
11586,Town of Mansfield - (MA),MA,residential,13265.2,79334.0,9385,Municipal,2023
11804,Massachusetts Electric Co,MA,residential,1847814.1,3346857.0,573012,Investor Owned,2023
12473,Town of Middleborough - (MA),MA,residential,19772.7,136232.0,15269,Municipal,2023
13206,Nantucket Electric Co,MA,residential,23543.9,18029.0,1973,Investor Owned,2023
13374,"Constellation NewEnergy, Inc",MA,residential,337196.7,2830064.0,478706,Retail Power Marketer,2023
13679,Town of North Attleborough - (MA),MA,residential,17999.1,113009.0,12576,Municipal,2023
13839,City of Norwood - (MA),MA,residential,15779.0,87449.0,13599,Municipal,2023
14605,City of Peabody - (MA),MA,residential,27440.4,186569.0,22369,Municipal,2023
15748,Town of Reading - (MA),MA,residential,40350.5,252896.0,27217,Municipal,2023
17127,Town of Shrewsbury - (MA),MA,residential,22801.0,134130.0,15089,Municipal,2023
18087,Town of Sterling - (MA),MA,residential,4905.7,32189.0,3600,Municipal,2023
18488,City of Taunton,MA,residential,57024.0,275020.0,34979,Municipal,2023
20310,Town of Wellesley - (MA),MA,residential,17051.8,105381.0,9372,Municipal,2023
20481,City of Westfield - (MA),MA,residential,23151.0,127003.0,16207,Municipal,2023
54820,Direct Energy Services,MA,residential,334277.7,2200080.0,284937,Retail Power Marketer,2023
54913,NSTAR Electric Company,MA,residential,1663060.0,2348399.0,409760,Investor Owned,2023
55874,"Energy Services Providers, Inc",MA,residential,849.8,4194.0,4825,Retail Power Marketer,2023
56212,"Ambit Energy Holdings, LLC",MA,residential,11426.6,53182.0,7840,Retail Power Marketer,2023
56265,Energy Plus Holdings LLC,MA,residential,1714.5,8509.0,1331,Retail Power Marketer,2023
56504,Major Energy Electric Services,MA,residential,6955.0,30774.0,5106,Retail Power Marketer,2023
57037,Reliant Energy Northeast LLC,MA,residential,57515.0,263208.0,40126,Retail Power Marketer,2023
57489,"XOOM Energy Massachusetts, LLC",MA,residential,5957.0,30192.0,4744,Retail Power Marketer,2023
58119,Public Power LLC (CT),MA,residential,1495.6,4600.0,670,Retail Power Marketer,2023
58161,Viridian Energy LLC,MA,residential,13666.9,61827.0,9051,Retail Power Marketer,2023
58683,Everyday Energy LLC,MA,residential,67.6,333.0,53,Retail Power Marketer,2023
58747,"Provider Power MASS, LLC",MA,residential,19430.0,74202.0,10885,Retail Power Marketer,2023
58799,"Mega Energy of New England, LLC",MA,residential,129.5,347.0,575,Retail Power Marketer,2023
58951,"CleanChoice Energy, Inc.",MA,residential,51686.0,170823.0,32135,Retail Power Marketer,2023
58956,"SmartEnergy Holdings, LLC",MA,residential,17561.2,74493.0,16138,Retail Power Marketer,2023
58964,"Alpha Gas and Electric, LLC",MA,residential,2081.5,10723.0,1944,Retail Power Marketer,2023
58974,Clearview Electric Inc.,MA,residential,22039.5,109564.0,13725,Retail Power Marketer,2023
59052,Astral Energy LLC,MA,residential,3.5,33.0,6,Retail Power Marketer,2023
59054,"Eligo Energy, LLC",MA,residential,39.0,277.0,41,Retail Power Marketer,2023
59059,Town Square Energy,MA,residential,17665.3,110338.0,13945,Retail Power Marketer,2023
59065,Titan Gas LLC,MA,residential,12647.3,81803.0,10808,Retail Power Marketer,2023
59088,"Nordic Energy Services, LLC",MA,residential,5761.2,28060.0,6025,Retail Power Marketer,2023
59310,"Inspire Energy Holdings, LLC",MA,residential,99945.0,532431.0,73638,Retail Power Marketer,2023
59313,"Palmco Power MA, LLC",MA,residential,6732.0,24469.0,4521,Retail Power Marketer,2023
59385,"Dynegy Energy Services, LLC",MA,residential,113316.0,1034834.0,128372,Retail Power Marketer,2023
59620,Verde Energy USA,MA,residential,9881.0,32749.0,5668,Retail Power Marketer,2023
59734,"SFE Energy Massachusetts, Inc.",MA,residential,7819.9,39658.0,7771,Retail Power Marketer,2023
59793,"First Point Power, LLC",MA,residential,59833.6,425080.0,55137,Retail Power Marketer,2023
59799,American Power & Gas,MA,residential,3.4,10.0,1,Retail Power Marketer,2023
59809,"Residents Energy, LLC",MA,residential,32564.9,198962.0,31746,Retail Power Marketer,2023
59931,"MidAmerican Energy Services, LLC",MA,residential,43.6,330.0,30,Retail Power Marketer,2023
59993,Discount Power Inc - (CT),MA,residential,9434.6,33566.0,5939,Retail Power Marketer,2023
60583,Atlantic Energy LLC,MA,residential,10469.9,33333.0,6046,Retail Power Marketer,2023
61059,"Renaissance Power & Gas, Inc.",MA,residential,3618.6,20565.0,2968,Retail Power Marketer,2023
61200,"Summer Energy Northeast, LLC",MA,residential,876.4,1874.0,302,Retail Power Marketer,2023
63232,"National Gas & Electric, LLC",MA,residential,10141.3,40377.0,6950,Retail Power Marketer,2023
65310,Energywell LLC,MA,residential,5503.0,27691.0,3654,Retail Power Marketer,2023
84,A & N Electric Coop,MD,residential,285.6,2058.0,259,Cooperative,2023
113,"Agway Energy Services, LLC",MD,residential,10.8,83.0,9,Retail Power Marketer,2023
1167,Baltimore Gas & Electric Co,MD,residential,1775321.9,10019433.0,1002775,Investor Owned,2023
3503,"Choptank Electric Cooperative, Inc",MD,residential,111960.2,657483.0,50392,Cooperative,2023
4100,Just Energy Solutions Inc.,MD,residential,22014.1,166895.0,16737,Retail Power Marketer,2023
5027,Delmarva Power,MD,residential,358100.7,1859973.0,169309,Investor Owned,2023
5625,Easton Utilities Comm,MD,residential,12263.3,103366.0,8602,Municipal,2023
6458,Energy Harbor Corp.,MD,residential,2703.6,29631.0,2195,Retail Power Marketer,2023
7279,"NextEra Energy Services, LLC",MD,residential,90.4,915.0,69,Retail Power Marketer,2023
7554,Green Mountain Energy Company,MD,residential,3487.5,20887.0,2169,Retail Power Marketer,2023
7908,Hagerstown Light Department,MD,residential,11122.1,158493.0,15054,Municipal,2023
13374,"Constellation NewEnergy, Inc",MD,residential,96198.8,791710.0,69050,Retail Power Marketer,2023
15263,The Potomac Edison Company,MD,residential,359170.4,3000269.0,235560,Investor Owned,2023
15270,Potomac Electric Power Co,MD,residential,888375.0,4584838.0,473603,Investor Owned,2023
17637,Southern Maryland Elec Coop Inc,MD,residential,289809.8,2038927.0,155671,Cooperative,2023
17710,"Spark Energy, LP",MD,residential,2459.0,14130.0,1693,Retail Power Marketer,2023
20659,"WGL Energy Services, Inc.",MD,residential,36770.0,278427.0,29132,Retail Power Marketer,2023
54820,Direct Energy Services,MD,residential,26306.3,200690.0,19562,Retail Power Marketer,2023
55722,AEP Energy,MD,residential,2046.9,19951.0,1456,Retail Power Marketer,2023
55815,"IDT Energy, Inc.",MD,residential,7249.6,41310.0,5681,Retail Power Marketer,2023
55874,"Energy Services Providers, Inc",MD,residential,8922.2,56616.0,6220,Retail Power Marketer,2023
56212,"Ambit Energy Holdings, LLC",MD,residential,9859.5,74386.0,6549,Retail Power Marketer,2023
56265,Energy Plus Holdings LLC,MD,residential,3073.9,18152.0,1791,Retail Power Marketer,2023
56504,Major Energy Electric Services,MD,residential,4191.0,24730.0,2896,Retail Power Marketer,2023
56571,AP Holdings LLC,MD,residential,521.0,3511.0,342,Retail Power Marketer,2023
56876,"Stream Energy Maryland, LLC",MD,residential,5872.0,34585.0,3322,Retail Power Marketer,2023
57037,Reliant Energy Northeast LLC,MD,residential,29566.0,186739.0,18212,Retail Power Marketer,2023
57185,"Palmco Power MD, LLC",MD,residential,5135.0,20616.0,3271,Retail Power Marketer,2023
57307,ENGIE Power & Gas LLC,MD,residential,261.8,1106.0,141,Retail Power Marketer,2023
57490,"XOOM Energy Maryland, LLC",MD,residential,11485.0,77082.0,7974,Retail Power Marketer,2023
58116,"Public Power & Utility of Maryland, LLC",MD,residential,2798.0,21849.0,1228,Retail Power Marketer,2023
58162,Viridian Energy PA LLC,MD,residential,3356.3,17776.0,1766,Retail Power Marketer,2023
58667,"North American Power and Gas, LLC",MD,residential,2580.0,15942.0,1358,Retail Power Marketer,2023
58951,"CleanChoice Energy, Inc.",MD,residential,40807.1,214740.0,25747,Retail Power Marketer,2023
58952,Tomorrow Energy Corp.,MD,residential,6130.6,28727.0,3448,Retail Power Marketer,2023
58956,"SmartEnergy Holdings, LLC",MD,residential,4502.5,30240.0,3092,Retail Power Marketer,2023
58957,"Interstate Gas Supply, Inc.",MD,residential,1358.0,11436.0,1431,Retail Power Marketer,2023
58964,"Alpha Gas and Electric, LLC",MD,residential,935.3,5736.0,846,Retail Power Marketer,2023
58973,"Town Square Energy East, LLC",MD,residential,83.3,579.0,61,Retail Power Marketer,2023
58974,Clearview Electric Inc.,MD,residential,4208.5,19103.0,1904,Retail Power Marketer,2023
59052,Astral Energy LLC,MD,residential,6.3,64.0,6,Retail Power Marketer,2023
59054,"Eligo Energy, LLC",MD,residential,2998.0,15925.0,1719,Retail Power Marketer,2023
59062,"Horizon Power and Light, LLC",MD,residential,1106.0,7171.0,609,Retail Power Marketer,2023
59064,"Great American Power, LLC",MD,residential,1032.0,8442.0,941,Retail Power Marketer,2023
59065,Titan Gas LLC,MD,residential,5430.9,38280.0,3120,Retail Power Marketer,2023
59084,"SFE Energy Maryland, Inc.",MD,residential,9495.7,78331.0,8906,Retail Power Marketer,2023
59088,"Nordic Energy Services, LLC",MD,residential,519.3,3520.0,685,Retail Power Marketer,2023
59310,"Inspire Energy Holdings, LLC",MD,residential,53869.9,350127.0,34392,Retail Power Marketer,2023
59410,"Shipley Choice, LLC",MD,residential,389.6,2587.0,226,Retail Power Marketer,2023
59793,"First Point Power, LLC",MD,residential,1.2,6.0,1,Retail Power Marketer,2023
59797,Park Power LLC,MD,residential,1317.5,7934.0,1084,Retail Power Marketer,2023
59799,American Power & Gas,MD,residential,2192.1,9938.0,856,Retail Power Marketer,2023
59807,"Rushmore Energy, LLC",MD,residential,1446.2,12882.0,1419,Retail Power Marketer,2023
59810,Greenlight Energy Inc.,MD,residential,2360.0,18053.0,1993,Retail Power Marketer,2023
59931,"MidAmerican Energy Services, LLC",MD,residential,401.3,5877.0,423,Retail Power Marketer,2023
59993,Discount Power Inc - (CT),MD,residential,792.1,3929.0,401,Retail Power Marketer,2023
60124,Spring Energy RRH LLC,MD,residential,1835.0,12439.0,1894,Retail Power Marketer,2023
60218,MPower Energy NJ LLC,MD,residential,5659.3,29701.0,5288,Retail Power Marketer,2023
60583,Atlantic Energy LLC,MD,residential,1764.4,9164.0,1370,Retail Power Marketer,2023
61972,"SunSea Energy, LLC",MD,residential,983.0,3689.0,1856,Retail Power Marketer,2023
62154,StateWise Energy Maryland LLC,MD,residential,2783.2,24823.0,2624,Retail Power Marketer,2023
63028,Josco Energy USA LLC,MD,residential,0.2,1.0,1,Retail Power Marketer,2023
63168,Median Energy Corp.,MD,residential,1876.6,11485.0,1840,Retail Power Marketer,2023
63232,"National Gas & Electric, LLC",MD,residential,1520.1,7886.0,841,Retail Power Marketer,2023
63695,"RPA Energy, Inc.",MD,residential,1950.9,9274.0,1538,Retail Power Marketer,2023
65310,Energywell LLC,MD,residential,684.2,4292.0,457,Retail Power Marketer,2023
1179,Versant Power,ME,residential,247035.3,830962.0,130405,Investor Owned,2023
3266,Central Maine Power Co,ME,residential,997209.0,3484270.0,513418,Investor Owned,2023
5609,Eastern Maine Electric Coop,ME,residential,10850.1,64685.0,10693,Cooperative,2023
8883,Houlton Water Company,ME,residential,3991.5,35017.0,3907,Municipal,2023
11477,Town of Madison - (ME),ME,residential,2990.0,19987.0,2384,Municipal,2023
56212,"Ambit Energy Holdings, LLC",ME,residential,5188.2,30046.0,4202,Retail Power Marketer,2023
56504,Major Energy Electric Services,ME,residential,4260.0,26186.0,3498,Retail Power Marketer,2023
58085,"Electricity Maine, LLC",ME,residential,25578.0,112919.0,19004,Retail Power Marketer,2023
58158,FairPoint Energy LLC,ME,residential,3838.1,18070.0,3735,Retail Power Marketer,2023
58196,"C. N. Brown Electricity, LLC",ME,residential,5116.0,38279.0,5005,Retail Power Marketer,2023
58630,"XOOM Energy Maine, LLC",ME,residential,3935.3,28910.0,3167,Retail Power Marketer,2023
58667,"North American Power and Gas, LLC",ME,residential,2334.0,13516.0,2108,Retail Power Marketer,2023
58956,"SmartEnergy Holdings, LLC",ME,residential,19401.0,106998.0,18331,Retail Power Marketer,2023
58974,Clearview Electric Inc.,ME,residential,1105.6,3734.0,861,Retail Power Marketer,2023
59057,"Mega Energy of Maine, LLC",ME,residential,2.9,15.0,36,Retail Power Marketer,2023
59059,Town Square Energy,ME,residential,2195.8,11382.0,1600,Retail Power Marketer,2023
59793,"First Point Power, LLC",ME,residential,490.4,4618.0,819,Retail Power Marketer,2023
65310,Energywell LLC,ME,residential,2613.9,17393.0,2489,Retail Power Marketer,2023
305,Alger-Delta Coop Electric Assn,MI,residential,11549.7,51212.0,9792,Cooperative,2023
392,Alpena Power Co,MI,residential,13810.4,86730.0,13752,Investor Owned,2023
1196,Village of Baraga - (MI),MI,residential,396.8,2702.0,550,Municipal,2023
1366,City of Bay City - (MI),MI,residential,19431.5,122047.0,17982,Municipal,2023
3436,Cherryland Electric Coop Inc,MI,residential,43778.8,282301.0,34647,Cooperative,2023
3828,Cloverland Electric Co-op,MI,residential,40715.7,284162.0,35911,Cooperative,2023
3915,Coldwater Board of Public Util,MI,residential,5876.9,42337.0,6189,Municipal,2023
4254,Consumers Energy Co - (MI),MI,residential,2297684.9,12207836.0,1652141,Investor Owned,2023
4604,City of Crystal Falls,MI,residential,1363.0,7434.0,1392,Municipal,2023
5109,DTE Electric Company,MI,residential,2847097.7,14451501.0,2055937,Investor Owned,2023
7265,City of Gladstone,MI,residential,2497.0,16523.0,2539,Municipal,2023
7483,City of Grand Haven - (MI),MI,residential,12825.0,86709.0,13073,Municipal,2023
8723,City of Holland,MI,residential,20411.0,182459.0,26100,Municipal,2023
9324,Indiana Michigan Power Co,MI,residential,173846.3,1104472.0,112109,Investor Owned,2023
10508,Village of L'Anse - (MI),MI,residential,764.9,4641.0,946,Municipal,2023
10704,City of Lansing - (MI),MI,residential,101739.0,518894.0,87001,Municipal,2023
11701,City of Marquette - (MI),MI,residential,16368.0,91891.0,15001,Municipal,2023
12377,Midwest Energy Cooperative - (MI),MI,residential,64572.7,325332.0,29250,Cooperative,2023
13352,City of Negaunee,MI,residential,2273.2,11231.0,1964,Municipal,2023
13780,Northern States Power Co,MI,residential,8166.8,55085.0,7596,Investor Owned,2023
13826,City of Norway,MI,residential,2209.4,13274.0,1853,Municipal,2023
15340,Presque Isle Elec & Gas Coop,MI,residential,35246.9,176675.0,32218,Cooperative,2023
18252,City of Sturgis - (MI),MI,residential,6988.9,46980.0,6063,Municipal,2023
19125,City of Traverse City - (MI),MI,residential,7618.0,58332.0,9798,Municipal,2023
19396,Tri-County Electric Coop (MI),MI,residential,37186.0,218032.0,22935,Cooperative,2023
19578,Upper Peninsula Power Company,MI,residential,63316.5,249255.0,47116,Investor Owned,2023
21048,Wyandotte Municipal Serv Comm,MI,residential,11530.3,74316.0,11675,Municipal,2023
21158,City of Zeeland - (MI),MI,residential,4795.2,46020.0,5963,Municipal,2023
38084,Great Lakes Energy Coop,MI,residential,156733.7,885044.0,120183,Cooperative,2023
60631,Upper Michigan Energy Resources Corp.,MI,residential,31856.3,223690.0,33235,Investor Owned,2023
155,Agralite Electric Coop,MN,residential,9502.0,75980.0,4326,Cooperative,2023
295,City of Alexandria - (MN),MN,residential,8847.0,81482.0,8682,Municipal,2023
689,Connexus Energy,MN,residential,173341.7,1278410.0,132260,Cooperative,2023
691,City of Anoka,MN,residential,12458.0,79209.0,11546,Municipal,2023
1009,City of Austin - (MN),MN,residential,11993.0,79654.0,10775,Municipal,2023
1529,"Beltrami Electric Coop, Inc",MN,residential,39641.5,281363.0,20551,Cooperative,2023
1884,BENCO Electric Cooperative,MN,residential,33400.0,219615.0,18213,Cooperative,2023
3400,City of Chaska - (MN),MN,residential,15223.4,85644.0,10151,Municipal,2023
4577,Crow Wing Cooperative Power & Light Comp,MN,residential,59272.3,457087.0,44154,Cooperative,2023
5574,East Central Energy,MN,residential,88276.4,558937.0,54802,Cooperative,2023
5773,City of Elk River,MN,residential,17212.0,107588.0,11558,Municipal,2023
6258,Federated Rural Electric Assn,MN,residential,9766.0,87004.0,5720,Cooperative,2023
6782,Freeborn Mower Electric Cooperative,MN,residential,28169.0,187472.0,17515,Cooperative,2023
8319,Heartland Power Coop,MN,residential,115.0,974.0,38,Cooperative,2023
9130,Hutchinson Utilities Comm,MN,residential,5914.0,56305.0,6615,Municipal,2023
9475,Itasca-Mantrap Co-op Electrical Assn,MN,residential,15672.0,125936.0,11101,Cooperative,2023
10596,City of Lake Crystal - (MN),MN,residential,1686.8,8231.0,1064,Municipal,2023
10618,Lake Region Electric Cooperative - (MN),MN,residential,41191.4,337095.0,26978,Cooperative,2023
10697,Lake Country Power,MN,residential,80152.7,481632.0,46936,Cooperative,2023
11731,City of Marshall - (MN),MN,residential,5981.7,63146.0,5842,Municipal,2023
12227,Meeker Coop Light & Power Assn,MN,residential,18950.8,144305.0,8536,Cooperative,2023
12546,Mille Lacs Energy Cooperative,MN,residential,21498.7,125657.0,14482,Cooperative,2023
12647,"ALLETE, Inc.",MN,residential,140937.3,1004064.0,125573,Investor Owned,2023
12651,Minnesota Valley Electric Coop,MN,residential,64360.0,510366.0,42613,Cooperative,2023
12894,City of Moorhead - (MN),MN,residential,20619.0,187821.0,18024,Municipal,2023
13781,Northern States Power Co - Minnesota,MN,residential,1476865.0,9056420.0,1212790,Investor Owned,2023
13815,Northwestern Wisconsin Elec Co,MN,residential,70.8,494.0,87,Investor Owned,2023
14232,Otter Tail Power Co,MN,residential,59510.5,537731.0,49999,Investor Owned,2023
14246,City of Owatonna - (MN),MN,residential,12860.2,88637.0,11182,Municipal,2023
14468,People's Cooperative Services,MN,residential,35941.8,226824.0,21502,Cooperative,2023
16181,Rochester Public Utilities,MN,residential,63527.5,376656.0,53932,Municipal,2023
16368,Runestone Electric Assn,MN,residential,26804.0,201330.0,14146,Cooperative,2023
16971,Shakopee Public Utilities Comm,MN,residential,22109.0,143277.0,17736,Municipal,2023
17267,Sioux Valley SW Elec Coop,MN,residential,9958.0,84486.0,3367,Cooperative,2023
17550,South Central Electric Assn,MN,residential,12068.0,80047.0,4669,Cooperative,2023
18019,Stearns Cooperative Elec Assn,MN,residential,50187.5,394481.0,25910,Cooperative,2023
18047,Steele-Waseca Cooperative Electric,MN,residential,19148.9,124433.0,10651,Cooperative,2023
19157,MiEnergy Cooperative,MN,residential,28181.0,174814.0,15147,Cooperative,2023
20639,"Wild Rice Electric Coop, Inc",MN,residential,28557.0,205855.0,13848,Cooperative,2023
20737,Willmar Municipal Utilities,MN,residential,8135.0,69564.0,8658,Municipal,2023
20996,Wright-Hennepin Coop Elec Assn,MN,residential,83132.7,608744.0,52381,Cooperative,2023
21013,City of Worthington - (MN),MN,residential,4082.5,36238.0,4654,Municipal,2023
25177,Dakota Electric Association,MN,residential,129238.0,950193.0,106752,Cooperative,2023
40304,Minnesota Valley Coop L&P Assn,MN,residential,15400.0,128178.0,4933,Cooperative,2023
1775,Black River Electric Coop - (MO),MO,residential,34614.0,288070.0,21385,Cooperative,2023
2001,Boone Electric Coop,MO,residential,54568.0,418905.0,33394,Cooperative,2023
3093,Carroll Electric Coop Corp - (AR),MO,residential,16506.0,128858.0,11981,Cooperative,2023
3113,City of Carthage - (MO),MO,residential,11031.0,79025.0,6983,Municipal,2023
3268,Central Missouri Elec Coop Inc,MO,residential,22313.3,188694.0,11054,Cooperative,2023
3600,Citizens Electric Corporation - (MO),MO,residential,42821.8,287508.0,24609,Cooperative,2023
3712,Clay County Electric Coop Corp - (AR),MO,residential,70.8,487.0,48,Cooperative,2023
4045,City of Columbia - (MO),MO,residential,57323.0,438749.0,44483,Municipal,2023
4063,Co-Mo Electric Coop Inc,MO,residential,52785.0,392985.0,30777,Cooperative,2023
4160,Callaway Electric Cooperative,MO,residential,26703.5,176218.0,12550,Cooperative,2023
4237,Consolidated Electric Coop,MO,residential,13941.0,116627.0,7611,Cooperative,2023
4524,"Crawford Electric Coop, Inc",MO,residential,32513.3,257958.0,19667,Cooperative,2023
4675,Cuivre River Electric Coop Inc,MO,residential,116398.7,1100331.0,71475,Cooperative,2023
5860,Empire District Electric Co,MO,residential,269736.2,1692774.0,139947,Investor Owned,2023
6181,"Farmers Electric Coop, Inc - (MO)",MO,residential,21286.2,163565.0,12323,Cooperative,2023
6205,City of Farmington - (MO),MO,residential,9646.8,85590.0,7025,Municipal,2023
7024,Gascosage Electric Coop,MO,residential,15026.0,141877.0,9211,Cooperative,2023
8055,City of Hannibal - (MO),MO,residential,9056.9,77466.0,7567,Municipal,2023
8934,"Howell-Oregon Elec Coop, Inc",MO,residential,36205.5,299193.0,22888,Cooperative,2023
9231,City of Independence - (MO),MO,residential,79858.6,525158.0,53611,Municipal,2023
9331,Intercounty Electric Coop Assn - (MO),MO,residential,52641.0,427319.0,29520,Cooperative,2023
10000,Evergy Metro,MO,residential,359949.9,2645456.0,271544,Investor Owned,2023
10370,City of Kirkwood - (MO),MO,residential,13497.0,94075.0,9077,Municipal,2023
10603,"Laclede Electric Coop, Inc",MO,residential,55182.0,509026.0,34774,Cooperative,2023
10832,City of Lebanon - (MO),MO,residential,7793.0,81246.0,5988,Municipal,2023
11463,Macon Electric Coop,MO,residential,16648.2,122190.0,9985,Cooperative,2023
12698,Evergy Missouri West,MO,residential,455680.2,3609581.0,302899,Investor Owned,2023
12700,Missouri Rural Electric Coop,MO,residential,8221.0,66037.0,5006,Cooperative,2023
12782,City of Monett - (MO),MO,residential,6028.0,45027.0,4003,Municipal,2023
13520,"New-Mac Electric Coop, Inc",MO,residential,35707.7,292626.0,19053,Cooperative,2023
14192,Osage Valley Elec Coop Assn,MO,residential,33083.0,253051.0,16513,Cooperative,2023
14285,Ozark Border Electric Coop,MO,residential,55515.0,519315.0,33275,Cooperative,2023
14288,Ozark Electric Coop Inc - (MO),MO,residential,55674.0,430550.0,31306,Cooperative,2023
15138,"Platte-Clay Electric Coop, Inc",MO,residential,41839.0,367749.0,23312,Cooperative,2023
15229,City of Poplar Bluff - (MO),MO,residential,11355.8,117201.0,7751,Municipal,2023
16259,City of Rolla - (MO),MO,residential,10542.0,103624.0,8050,Municipal,2023
16751,Three Rivers Electric Coop,MO,residential,35328.4,299343.0,22309,Cooperative,2023
16805,SEMO Electric Cooperative,MO,residential,21196.3,170845.0,10736,Cooperative,2023
17177,City of Sikeston - (MO),MO,residential,11476.7,116820.0,7048,Municipal,2023
17833,City Utilities of Springfield - (MO),MO,residential,116599.9,1054481.0,104020,Municipal,2023
19436,Union Electric Co - (MO),MO,residential,1572882.2,12803699.0,1087971,Investor Owned,2023
20318,Webster Electric Coop,MO,residential,29177.0,303650.0,18493,Cooperative,2023
20363,West Central Electric Coop Inc - (MO),MO,residential,30130.7,261564.0,15023,Cooperative,2023
20574,White River Valley El Coop Inc,MO,residential,64259.0,480520.0,38929,Cooperative,2023
27238,"Southwest Electric Coop, Inc",MO,residential,56149.0,512466.0,40727,Cooperative,2023
55,City of Aberdeen - (MS),MS,residential,4003.0,32434.0,2571,Municipal,2023
276,Alcorn County Elec Power Assn,MS,residential,25654.0,203028.0,14954,Cooperative,2023
571,City of Amory,MS,residential,4105.0,34774.0,2754,Municipal,2023
2849,Central Electric Power Assn - (MS),MS,residential,55504.0,461184.0,30732,Cooperative,2023
3841,Coast Electric Power Assn - (MS),MS,residential,162377.0,1225891.0,81352,Cooperative,2023
4068,City of Columbus - (MS),MS,residential,13807.0,114528.0,8943,Municipal,2023
5175,Dixie Electric Power Assn - (MS),MS,residential,69670.3,538488.0,37438,Cooperative,2023
5578,East Mississippi Elec Pwr Assn,MS,residential,17306.0,122276.0,9875,Cooperative,2023
6641,4-County Electric Power Assn,MS,residential,71321.0,564045.0,40898,Cooperative,2023
7651,Greenwood Utilities Comm,MS,residential,11072.2,91770.0,7343,Municipal,2023
8748,City of Holly Springs,MS,residential,13081.0,107102.0,9193,Municipal,2023
11247,Louisville Electric System,MS,residential,3181.0,29374.0,2454,Municipal,2023
11458,City of Macon - (MS),MS,residential,1417.0,11065.0,899,Municipal,2023
11519,Magnolia Electric Power Assn,MS,residential,57086.0,409469.0,30800,Cooperative,2023
12685,Entergy Mississippi LLC,MS,residential,748427.7,5493694.0,384283,Investor Owned,2023
12686,Mississippi Power Co,MS,residential,302795.0,2092079.0,156893,Investor Owned,2023
13227,Natchez Trace Elec Power Assn,MS,residential,20805.0,165563.0,12577,Cooperative,2023
13412,City of New Albany - (MS),MS,residential,13009.0,108166.0,8086,Municipal,2023
13735,Northcentral Mississippi E P A,MS,residential,56534.0,467171.0,28608,Cooperative,2023
14078,City of Okolona,MS,residential,7127.0,57010.0,4237,Municipal,2023
14275,City of Oxford - (MS),MS,residential,10413.0,89140.0,8355,Municipal,2023
14563,Pearl River Valley El Pwr Assn,MS,residential,100959.6,748096.0,51470,Cooperative,2023
14947,City of Philadelphia - (MS),MS,residential,4179.0,36715.0,2685,Municipal,2023
15211,Pontotoc Electric Power Assn,MS,residential,28970.0,228804.0,16202,Cooperative,2023
15334,Prentiss County Elec Pwr Assn,MS,residential,15796.0,148289.0,10965,Cooperative,2023
17252,Singing River Elec Cooperative,MS,residential,128792.7,1026196.0,71363,Cooperative,2023
17647,Southern Pine Electric Cooperative,MS,residential,121289.7,903592.0,64750,Cooperative,2023
17683,Southwest Mississippi E P A,MS,residential,39183.2,276110.0,23195,Cooperative,2023
18006,City of Starkville,MS,residential,14660.0,123178.0,12678,Municipal,2023
18447,Tallahatchie Valley E P A,MS,residential,39476.0,322578.0,21479,Cooperative,2023
18943,Tippah Electric Power Assn,MS,residential,17531.0,136242.0,10459,Cooperative,2023
18951,Tishomingo County E P A,MS,residential,17296.0,138757.0,10972,Cooperative,2023
19007,Tombigbee Electric Power Assn,MS,residential,64323.0,539929.0,36984,Cooperative,2023
19273,City of Tupelo - (MS),MS,residential,14481.0,132850.0,10549,Municipal,2023
20176,City of Water Valley - (MS),MS,residential,2388.0,19032.0,1534,Municipal,2023
20394,City of West Point - (MS),MS,residential,4070.0,33092.0,2981,Municipal,2023
21114,Yazoo Valley Elec Power Assn,MS,residential,19064.0,120450.0,9497,Cooperative,2023
22815,Delta Electric Power Assn,MS,residential,32598.4,247088.0,21135,Cooperative,2023
40302,North East Mississippi EPA,MS,residential,44487.0,341822.0,25372,Cooperative,2023
40303,Monroe County Elec Power Assn,MS,residential,19205.0,155656.0,10114,Cooperative,2023
6169,Fall River Rural Elec Coop Inc,MT,residential,1928.0,16896.0,1492,Cooperative,2023
6395,Flathead Electric Coop Inc,MT,residential,86548.1,910917.0,61882,Cooperative,2023
11272,"Lower Yellowstone R E A, Inc",MT,residential,4369.2,49878.0,3480,Cooperative,2023
12087,McKenzie Electric Coop Inc,MT,residential,35.7,417.0,26,Cooperative,2023
12199,Montana-Dakota Utilities Co,MT,residential,21785.0,184041.0,19629,Investor Owned,2023
12692,"Missoula Electric Coop, Inc",MT,residential,18861.6,190066.0,14460,Cooperative,2023
12825,NorthWestern Energy LLC - (MT),MT,residential,408059.3,2793127.0,322252,Investor Owned,2023
13758,"Northern Lights, Inc",MT,residential,6407.0,50949.0,3965,Cooperative,2023
19156,Powder River Energy Corp,MT,residential,64.5,496.0,51,Cooperative,2023
19545,"Black Hills Power, Inc.",MT,residential,10.4,156.0,12,Investor Owned,2023
19603,USBIA-Mission Valley Power,MT,residential,20892.0,265329.0,16061,Federal,2023
20169,Avista Corp,MT,residential,18.0,203.0,9,Investor Owned,2023
20997,Yellowstone Valley Elec Co-op,MT,residential,29355.0,234039.0,20792,Cooperative,2023
21513,"Fergus Electric Coop, Inc",MT,residential,10163.0,65454.0,6480,Cooperative,2023
232,City of Albemarle - (NC),NC,residential,15504.1,132610.0,10713,Municipal,2023
240,Albemarle Electric Member Corp,NC,residential,25570.0,178306.0,12520,Cooperative,2023
719,Town of Apex- (NC),NC,residential,30767.0,254099.0,26550,Municipal,2023
1889,Blue Ridge Elec Member Corp - (NC),NC,residential,105620.0,720260.0,71216,Cooperative,2023
1891,Blue Ridge Mountain EMC - (GA),NC,residential,22883.0,167213.0,15574,Cooperative,2023
2212,"Broad River Electric Coop, Inc",NC,residential,928.0,6203.0,483,Cooperative,2023
3046,Duke Energy Progress - (NC),NC,residential,2214844.5,15616376.0,1321846,Investor Owned,2023
3107,Carteret-Craven El Member Corp,NC,residential,54636.5,455816.0,38373,Cooperative,2023
3250,Central Electric Membership Corp. - (NC),NC,residential,45787.9,330633.0,21798,Cooperative,2023
4150,City of Concord - (NC),NC,residential,43953.6,340701.0,29058,Municipal,2023
5416,"Duke Energy Carolinas, LLC",NC,residential,2538685.9,21363532.0,1874207,Investor Owned,2023
5656,Edgecombe-Martin County E M C,NC,residential,22121.0,143170.0,10659,Cooperative,2023
5760,City of Elizabeth City - (NC),NC,residential,17856.6,143588.0,11242,Municipal,2023
6235,Fayetteville Public Works Commission,NC,residential,100823.0,861359.0,75939,Municipal,2023
6640,Four County Elec Member Corp,NC,residential,59648.0,444479.0,30358,Cooperative,2023
6784,French Broad Elec Member Corp,NC,residential,48150.9,331978.0,35818,Cooperative,2023
7027,City of Gastonia - (NC),NC,residential,34321.6,275455.0,26404,Municipal,2023
7639,Greenville Utilities Comm,NC,residential,90822.8,818129.0,64801,Municipal,2023
8333,Haywood Electric Member Corp,NC,residential,45909.0,274393.0,27874,Cooperative,2023
8571,Town of High Point,NC,residential,45375.9,385275.0,37642,Municipal,2023
9087,Town of Huntersville - (NC),NC,residential,10391.0,83161.0,7651,Municipal,2023
9837,Jones-Onslow Elec Member Corp,NC,residential,122588.5,986921.0,77915,Cooperative,2023
10345,City of Kinston - (NC),NC,residential,16187.1,123361.0,9934,Municipal,2023
10966,City of Lexington - (NC),NC,residential,26212.2,224578.0,17769,Municipal,2023
11291,Lumbee River Elec Member Corp,NC,residential,116598.9,969646.0,63084,Cooperative,2023
11318,City of Lumberton - (NC),NC,residential,12657.0,91271.0,9516,Municipal,2023
12260,Mecklenburg Electric Cooperative,NC,residential,258.7,1687.0,135,Cooperative,2023
12801,City of Monroe - (NC),NC,residential,14195.9,108731.0,9896,Municipal,2023
12944,City of Morganton - (NC),NC,residential,7740.7,71593.0,7029,Municipal,2023
13027,"Mountain Electric Coop, Inc",NC,residential,21106.0,174104.0,15535,Cooperative,2023
13416,City of New Bern - (NC),NC,residential,29896.3,244779.0,20864,Municipal,2023
13482,New River Light & Power Co,NC,residential,6425.2,61537.0,7186,State,2023
14717,Pee Dee Electric Member Corp,NC,residential,35601.3,253387.0,19338,Cooperative,2023
15023,Piedmont Electric Member Corp,NC,residential,63418.0,405573.0,30035,Cooperative,2023
15671,Randolph Electric Member Corp,NC,residential,53719.1,362045.0,30922,Cooperative,2023
16101,Roanoke Electric Member Corp,NC,residential,28526.0,170806.0,12163,Cooperative,2023
16226,City of Rocky Mount - (NC),NC,residential,36112.0,296601.0,25217,Municipal,2023
16496,Rutherford Elec Member Corp,NC,residential,125269.0,918318.0,70190,Cooperative,2023
17572,South River Elec Member Corp,NC,residential,85092.0,659669.0,45098,Cooperative,2023
18022,City of Statesville - (NC),NC,residential,14215.0,121617.0,12857,Municipal,2023
18339,Surry-Yadkin Elec Member Corp,NC,residential,52268.0,331565.0,27714,Cooperative,2023
18466,Town of Tarboro - (NC),NC,residential,7745.0,59937.0,5477,Municipal,2023
18957,Tri-County Elec Member Corp (NC),NC,residential,39729.0,322899.0,22212,Cooperative,2023
19108,Tideland Electric Member Corp,NC,residential,36474.0,232015.0,21242,Cooperative,2023
19154,Tri-State Electric Member Corp,NC,residential,2050.0,14321.0,1524,Cooperative,2023
19435,Union Electric Membership Corp - (NC),NC,residential,149254.0,1183954.0,82594,Cooperative,2023
19876,Virginia Electric & Power Co,NC,residential,205410.3,1508594.0,107452,Investor Owned,2023
19981,Wake Electric Membership Corp,NC,residential,83664.0,667635.0,51148,Cooperative,2023
20142,City of Washington - (NC),NC,residential,17396.5,133730.0,11486,Municipal,2023
20785,City of Wilson - (NC),NC,residential,46732.7,403478.0,31530,Municipal,2023
21002,York Electric Coop Inc,NC,residential,26.0,212.0,14,Cooperative,2023
21632,EnergyUnited Elec Member Corp,NC,residential,191596.0,1631735.0,119263,Cooperative,2023
24889,Brunswick Electric Member Corp,NC,residential,159151.3,1139933.0,97256,Cooperative,2023
40441,Town of Murphy - (NC),NC,residential,5843.0,45230.0,3656,Municipal,2023
2394,Burke-Divide Electric Coop Inc,ND,residential,3082.0,41437.0,1795,Cooperative,2023
2985,"Capital Electric Coop, Inc",ND,residential,26641.0,242988.0,19277,Cooperative,2023
4717,Dakota Valley Elec Coop Inc,ND,residential,13728.2,127267.0,5667,Cooperative,2023
11272,"Lower Yellowstone R E A, Inc",ND,residential,1145.1,12784.0,790,Cooperative,2023
12087,McKenzie Electric Coop Inc,ND,residential,8691.5,111501.0,5350,Cooperative,2023
12090,"McLean Electric Coop, Inc",ND,residential,7297.0,55385.0,3675,Cooperative,2023
12199,Montana-Dakota Utilities Co,ND,residential,86070.0,782159.0,79241,Investor Owned,2023
12301,Nodak Electric Coop Inc,ND,residential,45056.0,378914.0,20588,Cooperative,2023
13196,Northern Plains Electric Coop,ND,residential,23494.0,226455.0,10302,Cooperative,2023
13694,"North Central Elec Coop, Inc - (ND)",ND,residential,13766.6,137238.0,6053,Cooperative,2023
13781,Northern States Power Co - Minnesota,ND,residential,91970.6,768332.0,82499,Investor Owned,2023
14232,Otter Tail Power Co,ND,residential,62319.0,598648.0,45517,Investor Owned,2023
17261,Slope Electric Coop Inc,ND,residential,6090.0,44347.0,3200,Cooperative,2023
19790,Verendrye Electric Coop Inc,ND,residential,23282.7,222872.0,14248,Cooperative,2023
20413,Mountrail-Williams Elec Coop,ND,residential,14113.0,196541.0,11383,Cooperative,2023
24949,Cass County Elec Coop Inc,ND,residential,76040.0,636040.0,50699,Cooperative,2023
55959,Roughrider Electric Cooperativ,ND,residential,16797.0,165185.0,11065,Cooperative,2023
2643,Butler Public Power District - (NE),NE,residential,7520.0,67649.0,4745,Political Subdivision,2023
3205,Cedar-Knox Public Power Dist,NE,residential,8138.3,98621.0,5537,Political Subdivision,2023
4373,Cornhusker Public Power Dist,NE,residential,14214.3,133396.0,7362,Political Subdivision,2023
4671,Custer Public Power District,NE,residential,11620.0,85872.0,4707,Political Subdivision,2023
4911,Dawson Power District,NE,residential,28862.1,256456.0,16023,Political Subdivision,2023
5780,Elkhorn Rural Public Pwr Dist,NE,residential,10260.0,111576.0,6120,Political Subdivision,2023
6779,City of Fremont - (NE),NE,residential,18313.9,150226.0,13845,Municipal,2023
8245,City of Hastings - (NE),NE,residential,12027.0,113929.0,11409,Municipal,2023
8570,Highline Electric Assn,NE,residential,1127.7,8865.0,757,Cooperative,2023
10967,City of Lexington - (NE),NE,residential,5680.6,58780.0,3711,Municipal,2023
11018,Lincoln Electric System,NE,residential,137735.5,1347649.0,132338,Municipal,2023
11251,Loup River Public Power Dist,NE,residential,25563.5,254603.0,16102,Political Subdivision,2023
12539,Midwest Electric Member Corp - (NE),NE,residential,3919.7,35154.0,2365,Cooperative,2023
13337,Nebraska Public Power District,NE,residential,87869.0,841644.0,72987,Political Subdivision,2023
13664,Norris Public Power District,NE,residential,31399.5,339477.0,17802,Political Subdivision,2023
13725,City of North Platte,NE,residential,13234.0,121426.0,11799,Municipal,2023
13739,Northeast Power,NE,residential,10984.0,117699.0,6798,Political Subdivision,2023
14127,Omaha Public Power District,NE,residential,470527.0,3915108.0,357527,Political Subdivision,2023
17577,City of South Sioux City,NE,residential,6619.1,52915.0,5125,Municipal,2023
17642,Southern Public Power District,NE,residential,21962.7,242622.0,15238,Political Subdivision,2023
17692,Southwest Public Power Dist,NE,residential,3589.9,36487.0,2169,Political Subdivision,2023
21111,Perennial Public Power Dist,NE,residential,7498.0,77485.0,4119,Political Subdivision,2023
27058,"High West Energy, Inc",NE,residential,2760.0,18989.0,1751,Cooperative,2023
40606,City of Grand Island - (NE),NE,residential,23507.0,226478.0,22093,Municipal,2023
13441,New Hampshire Elec Coop Inc,NH,residential,132768.5,497151.0,73026,Cooperative,2023
15472,Public Service Co of NH,NH,residential,765400.5,2259204.0,328800,Investor Owned,2023
24590,Unitil Energy Systems,NH,residential,137935.2,394132.0,55907,Investor Owned,2023
26510,Liberty Utilities (Granite State Electri,NH,residential,77562.6,225427.0,29719,Investor Owned,2023
54820,Direct Energy Services,NH,residential,71281.9,520850.0,64943,Retail Power Marketer,2023
56212,"Ambit Energy Holdings, LLC",NH,residential,3035.3,15221.0,2127,Retail Power Marketer,2023
58086,"Electricity NH, LLC",NH,residential,25020.0,127252.0,18662,Retail Power Marketer,2023
58158,FairPoint Energy LLC,NH,residential,3559.6,16086.0,2469,Retail Power Marketer,2023
58633,"XOOM Energy New Hampshire, LLC",NH,residential,1548.0,8846.0,1193,Retail Power Marketer,2023
58667,"North American Power and Gas, LLC",NH,residential,19578.0,114424.0,15422,Retail Power Marketer,2023
58956,"SmartEnergy Holdings, LLC",NH,residential,9923.3,50047.0,9821,Retail Power Marketer,2023
58974,Clearview Electric Inc.,NH,residential,1773.0,4749.0,986,Retail Power Marketer,2023
59012,"Mega Energy of New Hampshire, LLC",NH,residential,37.7,120.0,141,Retail Power Marketer,2023
59059,Town Square Energy,NH,residential,5987.9,37695.0,5262,Retail Power Marketer,2023
59065,Titan Gas LLC,NH,residential,211.5,1739.0,464,Retail Power Marketer,2023
59793,"First Point Power, LLC",NH,residential,1826.6,16683.0,1700,Retail Power Marketer,2023
61200,"Summer Energy Northeast, LLC",NH,residential,114.5,308.0,31,Retail Power Marketer,2023
65310,Energywell LLC,NH,residential,3057.0,18460.0,2091,Retail Power Marketer,2023
65649,Community Power Coalition of NH,NH,residential,37457.9,285198.0,57484,Community Choice Aggregator,2023
963,Atlantic City Electric Co,NJ,residential,780711.9,3660971.0,467475,Investor Owned,2023
4100,Just Energy Solutions Inc.,NJ,residential,1541.6,9553.0,1104,Retail Power Marketer,2023
6458,Energy Harbor Corp.,NJ,residential,14337.5,163184.0,17146,Retail Power Marketer,2023
7279,"NextEra Energy Services, LLC",NJ,residential,628.6,3187.0,326,Retail Power Marketer,2023
7554,Green Mountain Energy Company,NJ,residential,883.5,5018.0,606,Retail Power Marketer,2023
9726,Jersey Central Power & Lt Co,NJ,residential,1233939.9,8547995.0,945888,Investor Owned,2023
13374,"Constellation NewEnergy, Inc",NJ,residential,6255.4,54748.0,5783,Retail Power Marketer,2023
15477,Public Service Elec & Gas Co,NJ,residential,2385346.0,12529224.0,1944142,Investor Owned,2023
16213,Rockland Electric Co,NJ,residential,124539.6,648961.0,62997,Investor Owned,2023
19126,"TriEagle Energy, L.P.",NJ,residential,840.4,6094.0,421,Retail Power Marketer,2023
19856,City of Vineland - (NJ),NJ,residential,35254.0,198322.0,22676,Municipal,2023
54820,Direct Energy Services,NJ,residential,20704.6,148048.0,20189,Retail Power Marketer,2023
55722,AEP Energy,NJ,residential,60.5,481.0,39,Retail Power Marketer,2023
55815,"IDT Energy, Inc.",NJ,residential,4984.5,26205.0,3981,Retail Power Marketer,2023
55874,"Energy Services Providers, Inc",NJ,residential,1995.1,12015.0,2236,Retail Power Marketer,2023
56212,"Ambit Energy Holdings, LLC",NJ,residential,9778.0,74765.0,7697,Retail Power Marketer,2023
56265,Energy Plus Holdings LLC,NJ,residential,5826.8,32426.0,4040,Retail Power Marketer,2023
56286,"Frontier Utilities, LLC",NJ,residential,1100.4,5745.0,620,Retail Power Marketer,2023
56501,"Palmco Power NJ, LLC",NJ,residential,5217.0,20412.0,5244,Retail Power Marketer,2023
56571,AP Holdings LLC,NJ,residential,289.0,1541.0,265,Retail Power Marketer,2023
57037,Reliant Energy Northeast LLC,NJ,residential,15040.0,100965.0,11046,Retail Power Marketer,2023
57074,"Stream Energy New Jersey, LLC",NJ,residential,9204.0,51861.0,6392,Retail Power Marketer,2023
57307,ENGIE Power & Gas LLC,NJ,residential,887.7,5170.0,521,Retail Power Marketer,2023
57491,"XOOM Energy New Jersey, LLC",NJ,residential,3378.0,21125.0,2685,Retail Power Marketer,2023
58162,Viridian Energy PA LLC,NJ,residential,11646.9,62636.0,7738,Retail Power Marketer,2023
58663,Respond Power LLC,NJ,residential,2210.0,12290.0,1987,Retail Power Marketer,2023
58667,"North American Power and Gas, LLC",NJ,residential,7749.0,45830.0,4723,Retail Power Marketer,2023
58683,Everyday Energy LLC,NJ,residential,229.5,1312.0,174,Retail Power Marketer,2023
58951,"CleanChoice Energy, Inc.",NJ,residential,14467.3,65543.0,10435,Retail Power Marketer,2023
58952,Tomorrow Energy Corp.,NJ,residential,3903.9,15855.0,2734,Retail Power Marketer,2023
58956,"SmartEnergy Holdings, LLC",NJ,residential,22991.4,107700.0,20367,Retail Power Marketer,2023
58964,"Alpha Gas and Electric, LLC",NJ,residential,931.2,5416.0,949,Retail Power Marketer,2023
58966,Marathon Power LLC,NJ,residential,593.9,4337.0,281,Retail Power Marketer,2023
58973,"Town Square Energy East, LLC",NJ,residential,172.0,1196.0,173,Retail Power Marketer,2023
58974,Clearview Electric Inc.,NJ,residential,4919.2,20776.0,2419,Retail Power Marketer,2023
58978,"Harborside Energy, LLC",NJ,residential,457.8,2056.0,377,Retail Power Marketer,2023
59052,Astral Energy LLC,NJ,residential,461.1,1869.0,456,Retail Power Marketer,2023
59054,"Eligo Energy, LLC",NJ,residential,1146.0,7761.0,628,Retail Power Marketer,2023
59055,"Choice Energy, LLC",NJ,residential,1123.5,6731.0,952,Retail Power Marketer,2023
59065,Titan Gas LLC,NJ,residential,900.6,6465.0,686,Retail Power Marketer,2023
59085,"SFE Energy NJ, Inc.",NJ,residential,3967.9,28700.0,4517,Retail Power Marketer,2023
59088,"Nordic Energy Services, LLC",NJ,residential,132.1,898.0,174,Retail Power Marketer,2023
59310,"Inspire Energy Holdings, LLC",NJ,residential,45808.1,243307.0,36213,Retail Power Marketer,2023
59620,Verde Energy USA,NJ,residential,11817.0,55135.0,7720,Retail Power Marketer,2023
59793,"First Point Power, LLC",NJ,residential,3.2,17.0,2,Retail Power Marketer,2023
59797,Park Power LLC,NJ,residential,0.1,1.0,4,Retail Power Marketer,2023
59799,American Power & Gas,NJ,residential,3499.8,15692.0,1687,Retail Power Marketer,2023
59807,"Rushmore Energy, LLC",NJ,residential,1144.2,7845.0,1316,Retail Power Marketer,2023
59809,"Residents Energy, LLC",NJ,residential,3106.9,16219.0,2518,Retail Power Marketer,2023
59810,Greenlight Energy Inc.,NJ,residential,297.0,1328.0,294,Retail Power Marketer,2023
59933,"Texpo Power, L.P.",NJ,residential,71.6,435.0,41,Retail Power Marketer,2023
59993,Discount Power Inc - (CT),NJ,residential,1160.8,5384.0,875,Retail Power Marketer,2023
60124,Spring Energy RRH LLC,NJ,residential,1222.0,7719.0,1468,Retail Power Marketer,2023
60218,MPower Energy NJ LLC,NJ,residential,3892.2,19178.0,4077,Retail Power Marketer,2023
60583,Atlantic Energy LLC,NJ,residential,2300.5,10055.0,1836,Retail Power Marketer,2023
60696,"Vista Energy Marketing, L.P.",NJ,residential,155.5,720.0,145,Retail Power Marketer,2023
61367,South Bay Energy Corp.,NJ,residential,841.0,4915.0,769,Retail Power Marketer,2023
61920,"All American Power and Gas, LLC",NJ,residential,497.0,1365.0,203,Retail Power Marketer,2023
61922,"Pure Energy USA, LLC",NJ,residential,4345.0,12447.0,1969,Retail Power Marketer,2023
61972,"SunSea Energy, LLC",NJ,residential,1874.0,6316.0,1306,Retail Power Marketer,2023
62156,"Power UP Energy, LLC",NJ,residential,406.0,1112.0,55,Retail Power Marketer,2023
63028,Josco Energy USA LLC,NJ,residential,4.9,25.0,20,Retail Power Marketer,2023
63122,"Approved Energy II, LLC",NJ,residential,1.0,5.0,1,Retail Power Marketer,2023
63168,Median Energy Corp.,NJ,residential,3391.6,16052.0,2692,Retail Power Marketer,2023
63232,"National Gas & Electric, LLC",NJ,residential,1031.5,5519.0,854,Retail Power Marketer,2023
63695,"RPA Energy, Inc.",NJ,residential,1703.7,6077.0,1348,Retail Power Marketer,2023
64544,"Mega Energy of New Jersey, LLC",NJ,residential,13.3,60.0,109,Retail Power Marketer,2023
65310,Energywell LLC,NJ,residential,202.3,1722.0,247,Retail Power Marketer,2023
66113,"EcoPlus Power, LLC",NJ,residential,22.2,791.0,231,Retail Power Marketer,2023
3273,"Central New Mexico El Coop, Inc",NM,residential,21847.0,131545.0,17087,Cooperative,2023
3287,"Central Valley Elec Coop, Inc",NM,residential,7779.8,83480.0,5911,Cooperative,2023
4265,Continental Divide El Coop Inc,NM,residential,23705.0,150785.0,20488,Cooperative,2023
5701,El Paso Electric Co,NM,residential,80515.0,837772.0,94061,Investor Owned,2023
6198,"Farmers Electric Coop, Inc - (NM)",NM,residential,12759.1,101909.0,10213,Cooperative,2023
6204,City of Farmington - (NM),NM,residential,34780.0,279973.0,35824,Municipal,2023
9699,"Jemez Mountains Elec Coop, Inc",NM,residential,29638.4,195767.0,28041,Cooperative,2023
10378,"Kit Carson Electric Coop, Inc",NM,residential,24528.1,156492.0,25800,Cooperative,2023
10817,"Lea County Electric Coop, Inc - (NM)",NM,residential,9910.0,97238.0,7184,Cooperative,2023
11204,Los Alamos County,NM,residential,7484.9,60982.0,8367,Municipal,2023
13314,Navajo Tribal Utility Authority,NM,residential,11641.0,62796.0,9975,State,2023
13318,"Navopache Electric Coop, Inc",NM,residential,1285.0,7753.0,1482,Cooperative,2023
14224,Otero County Electric Coop Inc,NM,residential,21978.2,114771.0,16515,Cooperative,2023
15473,Public Service Co of NM,NM,residential,515552.0,3390662.0,488458,Investor Owned,2023
16057,"Rio Grande Electric Coop, Inc",NM,residential,343.1,1905.0,233,Cooperative,2023
17715,Southwestern Electric Coop Inc - (NM),NM,residential,2335.0,9602.0,1442,Cooperative,2023
17718,Southwestern Public Service Co,NM,residential,141695.8,1203792.0,99886,Investor Owned,2023
17826,"Springer Electric Coop, Inc",NM,residential,2865.0,15010.0,2465,Cooperative,2023
19160,"Tri-County Electric Coop, Inc (OK)",NM,residential,2.2,7.0,3,Cooperative,2023
22690,Roosevelt County Elec Coop Inc,NM,residential,5956.0,48836.0,3904,Cooperative,2023
2008,City of Boulder City - (NV),NV,residential,9641.0,95234.0,7124,Municipal,2023
13073,"Mt Wheeler Power, Inc",NV,residential,7228.6,89440.0,5175,Cooperative,2023
13407,Nevada Power Co,NV,residential,1655580.2,9583914.0,899223,Investor Owned,2023
14245,Overton Power District No 5,NV,residential,22759.0,212903.0,15228,Political Subdivision,2023
17166,Sierra Pacific Power Co,NV,residential,427550.3,2655054.0,325571,Investor Owned,2023
18260,Surprise Valley Electrification,NV,residential,6.4,58.0,4,Cooperative,2023
19840,"Valley Electric Assn, Inc",NV,residential,56229.9,311612.0,22001,Cooperative,2023
20332,Wells Rural Electric Co,NV,residential,6109.9,61701.0,4606,Cooperative,2023
22814,Raft Rural Elec Coop Inc,NV,residential,1736.0,17490.0,1539,Cooperative,2023
113,"Agway Energy Services, LLC",NY,residential,12773.5,107720.0,14754,Retail Power Marketer,2023
3249,Central Hudson Gas & Elec Corp,NY,residential,502307.6,1866092.0,241785,Investor Owned,2023
4226,Consolidated Edison Co-NY Inc,NY,residential,4050990.0,11574172.0,2667061,Investor Owned,2023
5880,"Energy Coop of New York, Inc",NY,residential,11736.0,183056.0,3961,Retail Power Marketer,2023
5930,Village of Fairport - (NY),NY,residential,13076.8,236441.0,16341,Municipal,2023
6369,Fishers Island Utility Co Inc,NY,residential,1798.0,4499.0,646,Investor Owned,2023
6775,Village of Freeport - (NY),NY,residential,16399.0,119648.0,13322,Municipal,2023
7554,Green Mountain Energy Company,NY,residential,53399.0,288514.0,64006,Retail Power Marketer,2023
9645,Jamestown Board of Public Util,NY,residential,12401.8,152765.0,16088,Municipal,2023
11171,Long Island Power Authority,NY,residential,1982836.4,8878566.0,1028014,State,2023
11811,Town of Massena - (NY),NY,residential,7265.1,115492.0,8174,Municipal,2023
13374,"Constellation NewEnergy, Inc",NY,residential,158970.8,1363120.0,208552,Retail Power Marketer,2023
13511,New York State Elec & Gas Corp,NY,residential,1010870.0,6169049.0,723220,Investor Owned,2023
13573,Niagara Mohawk Power Corp.,NY,residential,1912321.8,10750064.0,1416116,Investor Owned,2023
14154,Orange & Rockland Utils Inc,NY,residential,343372.8,1268360.0,168096,Investor Owned,2023
14711,Pennsylvania Electric Co,NY,residential,4636.2,30124.0,3350,Investor Owned,2023
15145,City of Plattsburgh - (NY),NY,residential,7688.9,152302.0,8834,Municipal,2023
16177,"Robison Energy, LLC",NY,residential,5560.2,40391.0,2166,Retail Power Marketer,2023
16183,Rochester Gas & Electric Corp,NY,residential,423614.3,2334938.0,290313,Investor Owned,2023
17512,Village of Solvay - (NY),NY,residential,3133.0,59333.0,4711,Municipal,2023
49922,U.S. Energy Partners LLC,NY,residential,491.0,4114.0,660,Retail Power Marketer,2023
54820,Direct Energy Services,NY,residential,54172.9,395608.0,60476,Retail Power Marketer,2023
54893,NOCO Electric,NY,residential,5857.5,86564.0,6680,Retail Power Marketer,2023
55815,"IDT Energy, Inc.",NY,residential,19052.3,98225.0,19705,Retail Power Marketer,2023
55874,"Energy Services Providers, Inc",NY,residential,10655.4,65243.0,10503,Retail Power Marketer,2023
55878,Hudson Energy Services,NY,residential,46.1,338.0,44,Retail Power Marketer,2023
56196,Just Energy New York Corp.,NY,residential,6736.7,71494.0,10530,Retail Power Marketer,2023
56265,Energy Plus Holdings LLC,NY,residential,8037.4,45333.0,8481,Retail Power Marketer,2023
56504,Major Energy Electric Services,NY,residential,2682.0,23687.0,3240,Retail Power Marketer,2023
57037,Reliant Energy Northeast LLC,NY,residential,14805.0,105287.0,12767,Retail Power Marketer,2023
57307,ENGIE Power & Gas LLC,NY,residential,5.0,25.0,2,Retail Power Marketer,2023
58119,Public Power LLC (CT),NY,residential,921.3,14688.0,1521,Retail Power Marketer,2023
58160,Viridian Energy NY LLC,NY,residential,3028.5,19753.0,2862,Retail Power Marketer,2023
58181,"Stream Energy New York, LLC",NY,residential,2993.0,34160.0,4272,Retail Power Marketer,2023
58248,"EnergyMark, LLC",NY,residential,1360.8,25464.0,3223,Retail Power Marketer,2023
58367,"XOOM Energy New York, LLC",NY,residential,14669.0,89621.0,14722,Retail Power Marketer,2023
58853,Kiwi Energy NY LLC,NY,residential,8712.0,59342.0,10313,Retail Power Marketer,2023
58951,"CleanChoice Energy, Inc.",NY,residential,53086.0,203647.0,40769,Retail Power Marketer,2023
58956,"SmartEnergy Holdings, LLC",NY,residential,1722.9,25282.0,4475,Retail Power Marketer,2023
58964,"Alpha Gas and Electric, LLC",NY,residential,5503.3,34428.0,7485,Retail Power Marketer,2023
58966,Marathon Power LLC,NY,residential,5259.7,49320.0,1659,Retail Power Marketer,2023
58974,Clearview Electric Inc.,NY,residential,526.5,4224.0,460,Retail Power Marketer,2023
59052,Astral Energy LLC,NY,residential,435.8,2131.0,686,Retail Power Marketer,2023
59053,"Abest Power & Gas, LLC",NY,residential,2572.0,16111.0,3377,Retail Power Marketer,2023
59054,"Eligo Energy, LLC",NY,residential,13215.0,76576.0,11734,Retail Power Marketer,2023
59082,"Family Energy, Inc. New York",NY,residential,12684.4,117076.0,20028,Retail Power Marketer,2023
59088,"Nordic Energy Services, LLC",NY,residential,307.9,2462.0,516,Retail Power Marketer,2023
59128,MPower Energy LLC,NY,residential,22245.4,112702.0,31891,Retail Power Marketer,2023
59310,"Inspire Energy Holdings, LLC",NY,residential,24477.5,198711.0,28226,Retail Power Marketer,2023
59620,Verde Energy USA,NY,residential,5831.0,54039.0,7001,Retail Power Marketer,2023
59799,American Power & Gas,NY,residential,24211.3,120361.0,13467,Retail Power Marketer,2023
59809,"Residents Energy, LLC",NY,residential,4223.9,20710.0,4529,Retail Power Marketer,2023
59810,Greenlight Energy Inc.,NY,residential,3179.0,18467.0,3435,Retail Power Marketer,2023
59812,New Wave Energy Corporation,NY,residential,4500.0,48960.0,2960,Retail Power Marketer,2023
59931,"MidAmerican Energy Services, LLC",NY,residential,26.7,202.0,9,Retail Power Marketer,2023
60583,Atlantic Energy LLC,NY,residential,5100.1,26704.0,5183,Retail Power Marketer,2023
61059,"Renaissance Power & Gas, Inc.",NY,residential,2151.1,11799.0,2823,Retail Power Marketer,2023
61367,South Bay Energy Corp.,NY,residential,1757.0,7003.0,1764,Retail Power Marketer,2023
61920,"All American Power and Gas, LLC",NY,residential,1038.0,2514.0,525,Retail Power Marketer,2023
61922,"Pure Energy USA, LLC",NY,residential,6121.0,16007.0,4076,Retail Power Marketer,2023
61972,"SunSea Energy, LLC",NY,residential,2600.0,11133.0,2448,Retail Power Marketer,2023
62156,"Power UP Energy, LLC",NY,residential,13.3,32.0,7,Retail Power Marketer,2023
63007,First Choice Energy LLC,NY,residential,1214.6,7352.0,200,Retail Power Marketer,2023
63027,Josco Energy Corp-  NY,NY,residential,1020.0,5547.0,4179,Retail Power Marketer,2023
63122,"Approved Energy II, LLC",NY,residential,82.4,579.0,37,Retail Power Marketer,2023
63168,Median Energy Corp.,NY,residential,2378.1,12897.0,3081,Retail Power Marketer,2023
63364,"Mirabito Power & Gas, LLC",NY,residential,267.5,3365.0,197,Retail Power Marketer,2023
63570,"Chief Energy Power, LLC",NY,residential,1775.0,14642.0,1137,Retail Power Marketer,2023
64326,"Phoenix Energy Group, LLC",NY,residential,31.1,194.0,40,Retail Power Marketer,2023
65310,Energywell LLC,NY,residential,633.1,5490.0,549,Retail Power Marketer,2023
65335,Pay Less Energy LLC,NY,residential,9.8,52.0,17,Retail Power Marketer,2023
65613,"ABN Energy, LLC",NY,residential,2.0,12.0,1,Retail Power Marketer,2023
66173,Northeastern Power and Gas LLC,NY,residential,1934.5,9387.0,1445,Retail Power Marketer,2023
2054,City of Bowling Green - (OH),OH,residential,14645.0,94839.0,12947,Municipal,2023
2502,"Buckeye Rural Elec Coop, Inc",OH,residential,37136.5,198901.0,16465,Cooperative,2023
2651,Butler Rural Electric Coop Inc - (OH),OH,residential,30781.0,174827.0,11267,Cooperative,2023
3216,City of Celina - (OH),OH,residential,9118.0,86277.0,7205,Municipal,2023
3542,Duke Energy Ohio Inc,OH,residential,774927.6,3587895.0,334752,Investor Owned,2023
3755,Cleveland Electric Illum Co,OH,residential,540848.2,2273043.0,296401,Investor Owned,2023
3762,City of Cleveland - (OH),OH,residential,54517.9,363684.0,64034,Municipal,2023
3824,Clyde Light & Power,OH,residential,2948.0,23666.0,2768,Municipal,2023
4065,City of Columbus - (OH),OH,residential,10880.9,94139.0,15038,Municipal,2023
4100,Just Energy Solutions Inc.,OH,residential,30443.6,321041.0,30440,Retail Power Marketer,2023
4683,City of Cuyahoga Falls - (OH),OH,residential,21100.0,169633.0,24241,Municipal,2023
4922,Dayton Power & Light Co,OH,residential,478951.0,2032389.0,196500,Investor Owned,2023
5336,City of Dover - (OH),OH,residential,7812.0,51474.0,5850,Municipal,2023
6458,Energy Harbor Corp.,OH,residential,429354.1,7570889.0,756855,Retail Power Marketer,2023
7279,"NextEra Energy Services, LLC",OH,residential,126598.4,1948585.0,266684,Retail Power Marketer,2023
7891,Guernsey-Muskingum El Coop Inc,OH,residential,27581.2,167083.0,15210,Cooperative,2023
7977,City of Hamilton - (OH),OH,residential,39297.1,239362.0,26823,Municipal,2023
8034,Hancock-Wood Electric Coop Inc,OH,residential,24287.8,148266.0,11323,Cooperative,2023
8761,Holmes-Wayne Electric Coop Inc,OH,residential,27550.3,173363.0,14632,Cooperative,2023
10668,Licking Rural Electric Inc,OH,residential,50323.6,315190.0,25619,Cooperative,2023
10830,City of Lebanon - (OH),OH,residential,9527.0,83761.0,8683,Municipal,2023
11200,"Lorain-Medina R E C, Inc",OH,residential,35318.5,207930.0,15148,Cooperative,2023
12377,Midwest Energy Cooperative - (MI),OH,residential,2002.7,10243.0,865,Cooperative,2023
12515,"Midwest Electric, Inc - (OH)",OH,residential,23164.8,166290.0,10793,Cooperative,2023
12990,Consolidated Cooperative,OH,residential,38129.0,248081.0,16667,Cooperative,2023
13374,"Constellation NewEnergy, Inc",OH,residential,37720.0,537740.0,54598,Retail Power Marketer,2023
13602,City of Niles - (OH),OH,residential,7270.0,90319.0,12119,Municipal,2023
13693,"North Central Elec Coop, Inc - (OH)",OH,residential,19286.4,118389.0,8418,Cooperative,2023
13998,Ohio Edison Co,OH,residential,887285.1,3492386.0,363647,Investor Owned,2023
14006,Ohio Power Co,OH,residential,1940357.0,7450029.0,713995,Investor Owned,2023
14194,City of Orrville - (OH),OH,residential,7995.3,72345.0,6310,Municipal,2023
14381,City of Painesville,OH,residential,11421.1,82612.0,10818,Municipal,2023
14599,"Paulding-Putman Elec Coop, Inc",OH,residential,18988.4,133794.0,9142,Cooperative,2023
15054,"Pioneer Rural Elec Coop, Inc - (OH)",OH,residential,38315.5,244538.0,16146,Cooperative,2023
15095,City of Piqua - (OH),OH,residential,10852.0,84280.0,9707,Municipal,2023
17891,City of St Marys - (OH),OH,residential,4765.0,35316.0,3758,Municipal,2023
18085,South Central Power Company,OH,residential,209243.1,1468886.0,115871,Cooperative,2023
18997,The Toledo Edison Co,OH,residential,241042.2,780304.0,88417,Investor Owned,2023
19501,"Union Rural Electric Coop, Inc",OH,residential,23297.0,154396.0,11372,Cooperative,2023
19951,City of Wadsworth - (OH),OH,residential,11421.0,106837.0,12198,Municipal,2023
20077,City of Wapakoneta - (OH),OH,residential,5316.0,46549.0,4955,Municipal,2023
20477,City of Westerville - (OH),OH,residential,20612.0,158389.0,15711,Municipal,2023
54820,Direct Energy Services,OH,residential,51514.0,611394.0,70604,Retail Power Marketer,2023
55722,AEP Energy,OH,residential,247009.5,3193910.0,353297,Retail Power Marketer,2023
55815,"IDT Energy, Inc.",OH,residential,3728.7,26907.0,3721,Retail Power Marketer,2023
55874,"Energy Services Providers, Inc",OH,residential,6486.5,59457.0,7878,Retail Power Marketer,2023
56212,"Ambit Energy Holdings, LLC",OH,residential,2152.8,20031.0,1963,Retail Power Marketer,2023
56265,Energy Plus Holdings LLC,OH,residential,196.6,1690.0,184,Retail Power Marketer,2023
56286,"Frontier Utilities, LLC",OH,residential,891.4,6037.0,751,Retail Power Marketer,2023
56504,Major Energy Electric Services,OH,residential,1505.0,13131.0,2122,Retail Power Marketer,2023
56571,AP Holdings LLC,OH,residential,1864.0,15777.0,1742,Retail Power Marketer,2023
57037,Reliant Energy Northeast LLC,OH,residential,96979.0,935160.0,93413,Retail Power Marketer,2023
57307,ENGIE Power & Gas LLC,OH,residential,136.6,1120.0,173,Retail Power Marketer,2023
58119,Public Power LLC (CT),OH,residential,7999.3,108263.0,9259,Retail Power Marketer,2023
58142,Viridian Energy Ohio LLC,OH,residential,9336.8,70655.0,5829,Retail Power Marketer,2023
58162,Viridian Energy PA LLC,OH,residential,48.5,360.0,43,Retail Power Marketer,2023
58667,"North American Power and Gas, LLC",OH,residential,3026.0,22897.0,2295,Retail Power Marketer,2023
58683,Everyday Energy LLC,OH,residential,176.0,1205.0,151,Retail Power Marketer,2023
58853,Kiwi Energy NY LLC,OH,residential,987.0,8684.0,1365,Retail Power Marketer,2023
58951,"CleanChoice Energy, Inc.",OH,residential,18414.1,139217.0,18606,Retail Power Marketer,2023
58952,Tomorrow Energy Corp.,OH,residential,4451.1,23365.0,3347,Retail Power Marketer,2023
58956,"SmartEnergy Holdings, LLC",OH,residential,20631.5,148854.0,24844,Retail Power Marketer,2023
58957,"Interstate Gas Supply, Inc.",OH,residential,152525.0,1543888.0,187296,Retail Power Marketer,2023
58964,"Alpha Gas and Electric, LLC",OH,residential,550.2,3751.0,517,Retail Power Marketer,2023
58972,"Realgy, LLC",OH,residential,3233.8,35646.0,4269,Retail Power Marketer,2023
58973,"Town Square Energy East, LLC",OH,residential,473.8,4106.0,528,Retail Power Marketer,2023
58974,Clearview Electric Inc.,OH,residential,1853.6,12635.0,1619,Retail Power Marketer,2023
59052,Astral Energy LLC,OH,residential,1.5,20.0,5,Retail Power Marketer,2023
59054,"Eligo Energy, LLC",OH,residential,6002.0,46735.0,5343,Retail Power Marketer,2023
59055,"Choice Energy, LLC",OH,residential,514.6,3786.0,466,Retail Power Marketer,2023
59064,"Great American Power, LLC",OH,residential,311.0,3762.0,343,Retail Power Marketer,2023
59065,Titan Gas LLC,OH,residential,9670.0,65070.0,7055,Retail Power Marketer,2023
59088,"Nordic Energy Services, LLC",OH,residential,6457.6,58667.0,9678,Retail Power Marketer,2023
59310,"Inspire Energy Holdings, LLC",OH,residential,55424.8,406741.0,58136,Retail Power Marketer,2023
59311,"XOOM Energy Ohio, LLC",OH,residential,9350.0,95188.0,9767,Retail Power Marketer,2023
59385,"Dynegy Energy Services, LLC",OH,residential,183907.5,3013165.0,291705,Retail Power Marketer,2023
59410,"Shipley Choice, LLC",OH,residential,3776.0,54753.0,5793,Retail Power Marketer,2023
59620,Verde Energy USA,OH,residential,5916.0,30951.0,4129,Retail Power Marketer,2023
59797,Park Power LLC,OH,residential,1412.5,7047.0,944,Retail Power Marketer,2023
59799,American Power & Gas,OH,residential,8926.6,52227.0,4938,Retail Power Marketer,2023
59807,"Rushmore Energy, LLC",OH,residential,3735.3,40035.0,4823,Retail Power Marketer,2023
59809,"Residents Energy, LLC",OH,residential,4916.9,51367.0,5918,Retail Power Marketer,2023
59810,Greenlight Energy Inc.,OH,residential,193.9,1725.0,237,Retail Power Marketer,2023
59811,Santanna Energy Services,OH,residential,3675.8,38686.0,4656,Retail Power Marketer,2023
59812,New Wave Energy Corporation,OH,residential,781.0,10311.0,917,Retail Power Marketer,2023
59848,"ResCom Energy, LLC",OH,residential,2.1,30.0,12,Retail Power Marketer,2023
59931,"MidAmerican Energy Services, LLC",OH,residential,161.9,2834.0,406,Retail Power Marketer,2023
59993,Discount Power Inc - (CT),OH,residential,745.1,5427.0,724,Retail Power Marketer,2023
60218,MPower Energy NJ LLC,OH,residential,2823.6,15789.0,2412,Retail Power Marketer,2023
60579,"SFE Energy Ohio, Inc.",OH,residential,2573.5,33083.0,4347,Retail Power Marketer,2023
60583,Atlantic Energy LLC,OH,residential,626.3,4721.0,662,Retail Power Marketer,2023
60696,"Vista Energy Marketing, L.P.",OH,residential,2112.0,13867.0,2298,Retail Power Marketer,2023
60914,Current Power & Gas Inc.,OH,residential,159.3,2334.0,214,Retail Power Marketer,2023
60977,StateWise Energy Ohio LLC,OH,residential,2889.6,36058.0,4165,Retail Power Marketer,2023
61059,"Renaissance Power & Gas, Inc.",OH,residential,208.5,1435.0,257,Retail Power Marketer,2023
61367,South Bay Energy Corp.,OH,residential,142.0,1263.0,140,Retail Power Marketer,2023
61479,"Stream Ohio Gas & Electric, LLC",OH,residential,1409.0,12459.0,1191,Retail Power Marketer,2023
61920,"All American Power and Gas, LLC",OH,residential,51.0,188.0,25,Retail Power Marketer,2023
61922,"Pure Energy USA, LLC",OH,residential,564.0,2029.0,255,Retail Power Marketer,2023
61972,"SunSea Energy, LLC",OH,residential,1026.0,5700.0,657,Retail Power Marketer,2023
62148,Powervine Energy,OH,residential,1683.0,21537.0,1674,Retail Power Marketer,2023
62790,"Summer Energy Midwest, LLC",OH,residential,39.7,548.0,64,Retail Power Marketer,2023
63028,Josco Energy USA LLC,OH,residential,1.5,14.0,8,Retail Power Marketer,2023
63168,Median Energy Corp.,OH,residential,784.2,6353.0,788,Retail Power Marketer,2023
63232,"National Gas & Electric, LLC",OH,residential,2033.0,12717.0,1456,Retail Power Marketer,2023
63546,"Provision Power & Gas, LLC",OH,residential,4019.8,37194.0,5047,Retail Power Marketer,2023
63695,"RPA Energy, Inc.",OH,residential,1028.4,6253.0,919,Retail Power Marketer,2023
64601,LE Energy,OH,residential,12732.9,95616.0,11494,Retail Power Marketer,2023
64705,"NTHERM, LLC",OH,residential,3773.3,26413.0,3155,Retail Power Marketer,2023
64975,Mega Energy of Ohio,OH,residential,21.2,126.0,166,Retail Power Marketer,2023
65262,"Archer Energy, LLC",OH,residential,16271.3,192220.0,17014,Retail Power Marketer,2023
65310,Energywell LLC,OH,residential,1044.6,8653.0,1060,Retail Power Marketer,2023
66113,"EcoPlus Power, LLC",OH,residential,437.6,5607.0,632,Retail Power Marketer,2023
296,"Alfalfa Electric Coop, Inc",OK,residential,5151.0,49656.0,2649,Cooperative,2023
416,City of Altus - (OK),OK,residential,13049.0,99401.0,9138,Municipal,2023
817,Arkansas Valley Elec Coop Corp,OK,residential,7217.9,57543.0,4231,Cooperative,2023
2911,"Canadian Valley Elec Coop, Inc",OK,residential,43264.0,369549.0,24231,Cooperative,2023
3226,"Central Rural Electric Cooperative, Inc",OK,residential,36368.7,340622.0,19184,Cooperative,2023
3478,Cimarron Electric Coop,OK,residential,21008.0,172263.0,14759,Cooperative,2023
3527,Choctaw Electric Coop Inc,OK,residential,39559.4,296779.0,21218,Cooperative,2023
3647,City of Claremore,OK,residential,19572.0,132199.0,11655,Municipal,2023
4296,"Cookson Hills Elec Coop, Inc",OK,residential,31950.1,247649.0,17319,Cooperative,2023
4401,"Cotton Electric Coop, Inc",OK,residential,37387.1,304614.0,19459,Cooperative,2023
5598,East Central Oklahoma Elec Coop Inc,OK,residential,48692.0,447827.0,32839,Cooperative,2023
5661,City of Edmond - (OK),OK,residential,62362.3,531305.0,38067,Municipal,2023
5860,Empire District Electric Co,OK,residential,6825.0,49568.0,3872,Investor Owned,2023
9246,"Indian Electric Coop, Inc",OK,residential,25860.5,233526.0,14668,Cooperative,2023
10012,Kay Electric Coop,OK,residential,6877.0,52758.0,4353,Cooperative,2023
10170,"Kiamichi Electric Coop, Inc",OK,residential,34310.0,272374.0,20918,Cooperative,2023
10599,"Lake Region Electric Coop, Inc - (OK)",OK,residential,41099.0,350267.0,24479,Cooperative,2023
13734,Northeast Oklahoma Electric Co,OK,residential,62129.0,517305.0,37487,Cooperative,2023
13807,Northwestern Electric Coop Inc - (OK),OK,residential,15735.0,103615.0,9604,Cooperative,2023
14062,Oklahoma Electric Coop Inc,OK,residential,105803.0,867271.0,57484,Cooperative,2023
14063,Oklahoma Gas & Electric Co,OK,residential,960990.4,8892773.0,701619,Investor Owned,2023
14289,Ozarks Electric Coop Corp - (AR),OK,residential,18507.6,145946.0,11707,Cooperative,2023
14775,People's Electric Cooperative,OK,residential,25299.0,236933.0,14406,Cooperative,2023
15202,City of Ponca City - (OK),OK,residential,18153.0,146341.0,13803,Municipal,2023
15474,Public Service Co of Oklahoma,OK,residential,839605.7,6070994.0,494284,Investor Owned,2023
15746,Red River Valley Rrl Elec Assn,OK,residential,23970.0,203554.0,15722,Cooperative,2023
16382,"Rural Electric Coop, Inc - (OK)",OK,residential,14234.5,125461.0,8975,Cooperative,2023
17603,Southeastern Electric Coop Inc - (OK),OK,residential,25881.0,221661.0,15516,Cooperative,2023
17671,Southwest Arkansas E C C,OK,residential,298.7,2451.0,220,Cooperative,2023
17715,Southwestern Electric Coop Inc - (NM),OK,residential,3.2,16.0,1,Cooperative,2023
18125,Stillwater Utilities Authority,OK,residential,28476.0,206365.0,19616,Municipal,2023
19160,"Tri-County Electric Coop, Inc (OK)",OK,residential,21429.6,126399.0,13692,Cooperative,2023
19785,Verdigris Valley Elec Coop Inc,OK,residential,64504.0,573553.0,34734,Cooperative,2023
60482,CKenergy Electric Cooperative,OK,residential,34643.2,263595.0,22310,Cooperative,2023
3240,Central Electric Coop Inc - (OR),OR,residential,52084.0,568299.0,33820,Cooperative,2023
3264,Central Lincoln People's Ut Dt,OR,residential,46447.9,434772.0,35736,Political Subdivision,2023
4041,"Columbia Rural Elec Assn, Inc",OR,residential,112.7,934.0,44,Cooperative,2023
4317,"Coos-Curry Electric Coop, Inc",OR,residential,23982.0,192257.0,15862,Cooperative,2023
4743,"Consumers Power, Inc",OR,residential,33521.0,274907.0,18571,Cooperative,2023
6022,City of Eugene - (OR),OR,residential,120206.1,983522.0,88435,Municipal,2023
6582,City of Forest Grove,OR,residential,11409.0,127119.0,10278,Municipal,2023
9191,Idaho Power Co,OR,residential,21308.0,190708.0,14012,Investor Owned,2023
10681,Lane Electric Coop Inc,OR,residential,22865.3,195076.0,12393,Cooperative,2023
12187,City of McMinnville - (OR),OR,residential,15893.0,218342.0,16614,Municipal,2023
12439,"Midstate Electric Coop, Inc",OR,residential,27555.0,300344.0,18336,Cooperative,2023
13788,Northern Wasco County PUD,OR,residential,10999.0,150507.0,9781,Political Subdivision,2023
14109,"Oregon Trail El Cons Coop, Inc",OR,residential,31961.0,321064.0,25903,Cooperative,2023
14354,PacifiCorp,OR,residential,721478.1,6007121.0,541238,Investor Owned,2023
15248,Portland General Electric Co,OR,residential,1208402.0,7952312.0,815920,Investor Owned,2023
16555,Salem Electric - (OR),OR,residential,20842.0,200316.0,18296,Cooperative,2023
17839,City of Springfield - (OR),OR,residential,29370.6,385696.0,29457,Municipal,2023
18260,Surprise Valley Electrification,OR,residential,1907.3,17438.0,1202,Cooperative,2023
18917,Tillamook Peoples Utility Dist,OR,residential,28873.0,258391.0,19940,Political Subdivision,2023
19325,Umatilla Electric Coop Assn,OR,residential,17379.3,185883.0,12372,Cooperative,2023
28541,Clatskanie Peoples Util Dist,OR,residential,5868.5,75467.0,3761,Political Subdivision,2023
40437,Emerald People's Utility Dist,OR,residential,32103.5,310768.0,19583,Political Subdivision,2023
40438,Columbia River Peoples Ut Dist,OR,residential,21117.6,241406.0,16122,Political Subdivision,2023
65352,Umpqua Indian Utility Cooperative,OR,residential,47.0,468.0,52,Cooperative,2023
113,"Agway Energy Services, LLC",PA,residential,1091.1,9195.0,1057,Retail Power Marketer,2023
3329,Borough of Chambersburg,PA,residential,9833.0,93700.0,9798,Municipal,2023
3597,Citizens Electric Co - (PA),PA,residential,14337.0,82343.0,5928,Investor Owned,2023
4100,Just Energy Solutions Inc.,PA,residential,5218.8,43525.0,5450,Retail Power Marketer,2023
5487,Duquesne Light Co,PA,residential,740580.2,2953487.0,433219,Investor Owned,2023
5880,"Energy Coop of New York, Inc",PA,residential,411.4,3079.0,296,Retail Power Marketer,2023
6458,Energy Harbor Corp.,PA,residential,163632.7,1454397.0,120810,Retail Power Marketer,2023
7279,"NextEra Energy Services, LLC",PA,residential,28485.1,225491.0,19241,Retail Power Marketer,2023
7554,Green Mountain Energy Company,PA,residential,43997.9,325807.0,34926,Retail Power Marketer,2023
9949,Just Energy,PA,residential,25181.4,211590.0,18608,Retail Power Marketer,2023
12390,Metropolitan Edison Co,PA,residential,840501.7,4465177.0,418727,Investor Owned,2023
13374,"Constellation NewEnergy, Inc",PA,residential,64030.0,591059.0,54709,Retail Power Marketer,2023
14711,Pennsylvania Electric Co,PA,residential,724741.2,3475068.0,415415,Investor Owned,2023
14715,PPL Electric Utilities Corp,PA,residential,1912421.7,7923953.0,810977,Investor Owned,2023
14716,Pennsylvania Power Co,PA,residential,241805.1,1301716.0,124492,Investor Owned,2023
14940,PECO Energy Co,PA,residential,1928891.0,10379516.0,1202721,Investor Owned,2023
15045,Pike County Light & Power Co,PA,residential,6080.8,26641.0,3542,Investor Owned,2023
19126,"TriEagle Energy, L.P.",PA,residential,4679.5,37249.0,3242,Retail Power Marketer,2023
19390,"UGI Utilities, Inc",PA,residential,99777.5,532244.0,54410,Investor Owned,2023
20334,Wellsborough Electric Co,PA,residential,8366.6,41738.0,5156,Investor Owned,2023
20387,West Penn Power Company,PA,residential,896825.0,5699748.0,529258,Investor Owned,2023
20659,"WGL Energy Services, Inc.",PA,residential,6650.0,70345.0,8225,Retail Power Marketer,2023
40167,"Somerset Rural Elec Coop, Inc",PA,residential,16903.0,125027.0,12311,Cooperative,2023
40220,Adams Electric Cooperative Inc,PA,residential,60476.0,426828.0,31876,Cooperative,2023
40221,"Bedford Rural Elec Coop, Inc",PA,residential,13894.0,100111.0,8823,Cooperative,2023
40222,Valley Rural Electric Coop Inc,PA,residential,30607.0,203949.0,18518,Cooperative,2023
40224,"Central Electric Coop, Inc - (PA)",PA,residential,36039.0,211397.0,23609,Cooperative,2023
40289,Claverack Rural Elec Coop Inc,PA,residential,30407.0,168453.0,17004,Cooperative,2023
40290,Tri-County Rural Elec Coop Inc (PA),PA,residential,24960.0,120121.0,18165,Cooperative,2023
40292,REA Energy Coop Inc,PA,residential,33329.0,228872.0,20923,Cooperative,2023
40293,"Northwestern Rural E C A, Inc - (PA)",PA,residential,28609.0,200124.0,18189,Cooperative,2023
49746,The Energy Coop,PA,residential,2613.3,17647.0,2162,Cooperative,2023
54820,Direct Energy Services,PA,residential,85230.3,812903.0,71073,Retail Power Marketer,2023
55722,AEP Energy,PA,residential,57109.5,563202.0,48972,Retail Power Marketer,2023
55815,"IDT Energy, Inc.",PA,residential,12045.1,66706.0,8492,Retail Power Marketer,2023
55874,"Energy Services Providers, Inc",PA,residential,16613.3,110399.0,16039,Retail Power Marketer,2023
56212,"Ambit Energy Holdings, LLC",PA,residential,33757.9,259475.0,23367,Retail Power Marketer,2023
56220,Anthracite Power & Light,PA,residential,876.4,8064.0,689,Retail Power Marketer,2023
56265,Energy Plus Holdings LLC,PA,residential,28609.1,219604.0,20602,Retail Power Marketer,2023
56286,"Frontier Utilities, LLC",PA,residential,31128.6,281032.0,23637,Retail Power Marketer,2023
56408,"UGI Energy Services, LLC",PA,residential,327.9,3818.0,481,Retail Power Marketer,2023
56571,AP Holdings LLC,PA,residential,15584.0,143877.0,15377,Retail Power Marketer,2023
56573,"Palmco Power PA, LLC",PA,residential,5689.0,27858.0,4419,Retail Power Marketer,2023
56737,"Stream Energy Pennsylvania, LLC",PA,residential,35698.0,244838.0,25212,Retail Power Marketer,2023
57037,Reliant Energy Northeast LLC,PA,residential,183879.0,1298608.0,137529,Retail Power Marketer,2023
57307,ENGIE Power & Gas LLC,PA,residential,276.9,1557.0,209,Retail Power Marketer,2023
58118,Public Power LLC (PA),PA,residential,5462.1,53375.0,2735,Retail Power Marketer,2023
58162,Viridian Energy PA LLC,PA,residential,1618.4,10670.0,1353,Retail Power Marketer,2023
58339,"XOOM Energy Pennsylvania, LLC",PA,residential,13317.0,119206.0,11597,Retail Power Marketer,2023
58663,Respond Power LLC,PA,residential,22495.0,188004.0,17540,Retail Power Marketer,2023
58667,"North American Power and Gas, LLC",PA,residential,12106.0,89077.0,9068,Retail Power Marketer,2023
58683,Everyday Energy LLC,PA,residential,993.0,6232.0,614,Retail Power Marketer,2023
58951,"CleanChoice Energy, Inc.",PA,residential,61328.8,409543.0,54481,Retail Power Marketer,2023
58952,Tomorrow Energy Corp.,PA,residential,26030.9,142998.0,16740,Retail Power Marketer,2023
58956,"SmartEnergy Holdings, LLC",PA,residential,45020.1,275495.0,41582,Retail Power Marketer,2023
58957,"Interstate Gas Supply, Inc.",PA,residential,62966.0,435688.0,46351,Retail Power Marketer,2023
58964,"Alpha Gas and Electric, LLC",PA,residential,910.2,6061.0,780,Retail Power Marketer,2023
58966,Marathon Power LLC,PA,residential,214.1,2163.0,157,Retail Power Marketer,2023
58973,"Town Square Energy East, LLC",PA,residential,6792.3,72090.0,6318,Retail Power Marketer,2023
58974,Clearview Electric Inc.,PA,residential,21366.9,148136.0,13122,Retail Power Marketer,2023
59052,Astral Energy LLC,PA,residential,320.2,1758.0,264,Retail Power Marketer,2023
59054,"Eligo Energy, LLC",PA,residential,10787.0,75727.0,8412,Retail Power Marketer,2023
59055,"Choice Energy, LLC",PA,residential,6513.2,47074.0,5912,Retail Power Marketer,2023
59064,"Great American Power, LLC",PA,residential,9025.0,80239.0,7380,Retail Power Marketer,2023
59065,Titan Gas LLC,PA,residential,39507.2,326046.0,29958,Retail Power Marketer,2023
59083,"SFE Energy Pennsylvania, Inc.",PA,residential,16268.8,150671.0,20574,Retail Power Marketer,2023
59088,"Nordic Energy Services, LLC",PA,residential,1924.7,13411.0,2312,Retail Power Marketer,2023
59310,"Inspire Energy Holdings, LLC",PA,residential,132837.0,1032629.0,106655,Retail Power Marketer,2023
59385,"Dynegy Energy Services, LLC",PA,residential,25356.3,238098.0,20609,Retail Power Marketer,2023
59410,"Shipley Choice, LLC",PA,residential,11133.1,81262.0,8358,Retail Power Marketer,2023
59620,Verde Energy USA,PA,residential,40402.0,286876.0,28348,Retail Power Marketer,2023
59793,"First Point Power, LLC",PA,residential,22.3,111.0,12,Retail Power Marketer,2023
59797,Park Power LLC,PA,residential,10289.5,55030.0,6545,Retail Power Marketer,2023
59799,American Power & Gas,PA,residential,37290.0,238282.0,21246,Retail Power Marketer,2023
59807,"Rushmore Energy, LLC",PA,residential,2817.3,23906.0,3243,Retail Power Marketer,2023
59809,"Residents Energy, LLC",PA,residential,11345.9,65821.0,9123,Retail Power Marketer,2023
59810,Greenlight Energy Inc.,PA,residential,1730.0,10976.0,1516,Retail Power Marketer,2023
59811,Santanna Energy Services,PA,residential,6567.2,70413.0,4063,Retail Power Marketer,2023
59812,New Wave Energy Corporation,PA,residential,3019.0,35381.0,2870,Retail Power Marketer,2023
59931,"MidAmerican Energy Services, LLC",PA,residential,218.6,2780.0,326,Retail Power Marketer,2023
59933,"Texpo Power, L.P.",PA,residential,1175.0,9534.0,1161,Retail Power Marketer,2023
59993,Discount Power Inc - (CT),PA,residential,5644.6,28200.0,3773,Retail Power Marketer,2023
60124,Spring Energy RRH LLC,PA,residential,3377.0,26997.0,3869,Retail Power Marketer,2023
60218,MPower Energy NJ LLC,PA,residential,8135.8,46342.0,7180,Retail Power Marketer,2023
60583,Atlantic Energy LLC,PA,residential,1502.1,8373.0,1360,Retail Power Marketer,2023
60696,"Vista Energy Marketing, L.P.",PA,residential,3403.4,20659.0,3259,Retail Power Marketer,2023
61367,South Bay Energy Corp.,PA,residential,1727.0,13286.0,1803,Retail Power Marketer,2023
61920,"All American Power and Gas, LLC",PA,residential,1321.0,4345.0,634,Retail Power Marketer,2023
61922,"Pure Energy USA, LLC",PA,residential,9958.0,31462.0,4430,Retail Power Marketer,2023
62148,Powervine Energy,PA,residential,3315.0,30457.0,2257,Retail Power Marketer,2023
62790,"Summer Energy Midwest, LLC",PA,residential,167.9,1809.0,53,Retail Power Marketer,2023
62914,StateWise Energy Pennsylvania LLC,PA,residential,1010.9,14369.0,1678,Retail Power Marketer,2023
63028,Josco Energy USA LLC,PA,residential,3.8,28.0,25,Retail Power Marketer,2023
63169,Median Energy PA LLC,PA,residential,1682.6,9575.0,1298,Retail Power Marketer,2023
63232,"National Gas & Electric, LLC",PA,residential,5542.3,37767.0,4577,Retail Power Marketer,2023
63695,"RPA Energy, Inc.",PA,residential,3433.7,14164.0,2279,Retail Power Marketer,2023
63870,Click Energy LLC,PA,residential,1057.8,5808.0,503,Retail Power Marketer,2023
64705,"NTHERM, LLC",PA,residential,9567.8,57873.0,6247,Retail Power Marketer,2023
65310,Energywell LLC,PA,residential,7199.5,50806.0,5468,Retail Power Marketer,2023
66113,"EcoPlus Power, LLC",PA,residential,2318.8,21247.0,2532,Retail Power Marketer,2023
1857,Block Island Utility District,RI,residential,2844.0,7346.0,1622,Political Subdivision,2023
7279,"NextEra Energy Services, LLC",RI,residential,34873.1,332261.0,77904,Retail Power Marketer,2023
13214,The Narragansett Electric Co,RI,residential,722842.9,2408232.0,364293,Investor Owned,2023
14537,Pascoag Utility District,RI,residential,5232.0,34791.0,4361,Municipal,2023
54820,Direct Energy Services,RI,residential,2010.6,16323.0,2348,Retail Power Marketer,2023
56212,"Ambit Energy Holdings, LLC",RI,residential,1388.5,6873.0,1001,Retail Power Marketer,2023
58119,Public Power LLC (CT),RI,residential,37.9,278.0,36,Retail Power Marketer,2023
58161,Viridian Energy LLC,RI,residential,337.7,1885.0,278,Retail Power Marketer,2023
58631,"XOOM Energy Rhode Island, LLC",RI,residential,354.0,2255.0,307,Retail Power Marketer,2023
58667,"North American Power and Gas, LLC",RI,residential,3363.0,18500.0,2614,Retail Power Marketer,2023
58956,"SmartEnergy Holdings, LLC",RI,residential,8126.8,41280.0,7943,Retail Power Marketer,2023
58974,Clearview Electric Inc.,RI,residential,10073.1,30114.0,6047,Retail Power Marketer,2023
59059,Town Square Energy,RI,residential,3621.2,20304.0,3888,Retail Power Marketer,2023
59793,"First Point Power, LLC",RI,residential,850.6,6891.0,1105,Retail Power Marketer,2023
59993,Discount Power Inc - (CT),RI,residential,1900.0,8374.0,1474,Retail Power Marketer,2023
65262,"Archer Energy, LLC",RI,residential,112.0,1157.0,138,Retail Power Marketer,2023
65310,Energywell LLC,RI,residential,615.4,4428.0,447,Retail Power Marketer,2023
162,Aiken Electric Coop Inc,SC,residential,97651.6,611111.0,48608,Cooperative,2023
1613,Berkeley Electric Coop Inc,SC,residential,205468.0,1461635.0,109170,Cooperative,2023
1763,"Black River Electric Coop, Inc - (SC)",SC,residential,55807.1,437531.0,30253,Cooperative,2023
1890,Blue Ridge Electric Coop Inc - (SC),SC,residential,127818.9,776274.0,66079,Cooperative,2023
2212,"Broad River Electric Coop, Inc",SC,residential,41719.4,274943.0,22688,Cooperative,2023
3046,Duke Energy Progress - (NC),SC,residential,283706.0,1933986.0,143074,Investor Owned,2023
5416,"Duke Energy Carolinas, LLC",SC,residential,852199.2,6728468.0,554253,Investor Owned,2023
5644,"Edisto Electric Coop, Inc",SC,residential,35772.9,216176.0,15316,Cooperative,2023
5929,"Fairfield Electric Coop, Inc",SC,residential,58722.0,427819.0,31290,Cooperative,2023
6709,Easley Combined Utility System,SC,residential,22170.3,172514.0,15381,Municipal,2023
6894,City of Gaffney - (SC),SC,residential,8621.0,69522.0,6285,Municipal,2023
7646,Greenwood CPW,SC,residential,10961.0,110310.0,11670,Municipal,2023
7654,Greer Commission of Public Wks,SC,residential,28600.0,223718.0,21216,Municipal,2023
8333,Haywood Electric Member Corp,SC,residential,10.0,54.0,9,Cooperative,2023
8786,Horry Electric Coop Inc,SC,residential,133760.0,1036315.0,81842,Cooperative,2023
10768,"Laurens Electric Coop, Inc",SC,residential,99391.0,696914.0,57401,Cooperative,2023
11118,Lockhart Power Co,SC,residential,8862.0,61613.0,4949,Investor Owned,2023
11355,"Lynches River Elec Coop, Inc",SC,residential,39819.8,251204.0,21172,Cooperative,2023
12462,Mid-Carolina Electric Coop Inc,SC,residential,106453.0,734920.0,55743,Cooperative,2023
13523,City of Newberry - (SC),SC,residential,7232.1,46589.0,4506,Municipal,2023
13524,"Newberry Electric Coop, Inc",SC,residential,23747.0,149716.0,12894,Cooperative,2023
14164,City of Orangeburg - (SC),SC,residential,37304.0,258563.0,20597,Municipal,2023
14175,"Tri-County Electric Coop, Inc (SC)",SC,residential,38544.0,223164.0,17581,Cooperative,2023
14398,Palmetto Electric Coop Inc,SC,residential,115566.3,940812.0,67125,Cooperative,2023
16195,City of Rock Hill - (SC),SC,residential,45720.0,348013.0,36837,Municipal,2023
16606,"Santee Electric Coop, Inc",SC,residential,72436.1,508943.0,35052,Cooperative,2023
17539,"Dominion Energy South Carolina, Inc",SC,residential,1159974.0,8048073.0,680200,Investor Owned,2023
17543,South Carolina Public Service Authority,SC,residential,227017.8,1994237.0,177342,State,2023
21002,York Electric Coop Inc,SC,residential,100218.0,800162.0,64110,Cooperative,2023
66073,MPD Electric Cooperative,SC,residential,51711.0,468651.0,31664,Cooperative,2023
1769,"Black Hills Electric Coop, Inc",SD,residential,17492.3,122503.0,9154,Cooperative,2023
2285,City of Brookings - (SD),SD,residential,11678.0,107786.0,10227,Municipal,2023
3236,"Central Electric Coop, Inc - (SD)",SD,residential,15003.2,120212.0,6455,Cooperative,2023
4720,Dakota Energy Coop Inc,SD,residential,9188.2,62857.0,3297,Cooperative,2023
11475,City of Madison - (SD),SD,residential,4109.0,36405.0,2793,Municipal,2023
12199,Montana-Dakota Utilities Co,SD,residential,8384.0,67132.0,6373,Investor Owned,2023
12341,MidAmerican Energy Co,SD,residential,4853.7,56488.0,4235,Investor Owned,2023
13337,Nebraska Public Power District,SD,residential,1594.0,16775.0,1059,Political Subdivision,2023
13750,"Northern Electric Coop, Inc",SD,residential,14960.8,147637.0,5602,Cooperative,2023
13781,Northern States Power Co - Minnesota,SD,residential,119486.4,844354.0,89900,Investor Owned,2023
13809,NorthWestern Energy - (SD),SD,residential,67888.0,602945.0,51261,Investor Owned,2023
14232,Otter Tail Power Co,SD,residential,13170.5,118430.0,9006,Investor Owned,2023
15040,City of Pierre - (SD),SD,residential,6941.3,69883.0,6145,Municipal,2023
16286,Rosebud Electric Coop Inc,SD,residential,7111.0,68447.0,4842,Cooperative,2023
17267,Sioux Valley SW Elec Coop,SD,residential,41142.7,342396.0,21762,Cooperative,2023
19293,Southeastern Electric Coop Inc - (SD),SD,residential,31385.7,274441.0,19184,Cooperative,2023
19545,"Black Hills Power, Inc.",SD,residential,74641.0,546151.0,59756,Investor Owned,2023
19896,City of Volga - (SD),SD,residential,1524.6,11926.0,1058,Municipal,2023
20187,Watertown Municipal Utilities,SD,residential,11340.0,126107.0,11339,Municipal,2023
20401,West River Electric Assn Inc,SD,residential,26317.0,196349.0,18130,Cooperative,2023
577,City of Alcoa Utilities,TN,residential,46453.0,384256.0,27394,Municipal,2023
727,Appalachian Electric Coop,TN,residential,77860.0,608071.0,43143,Cooperative,2023
814,Entergy Arkansas LLC,TN,residential,3.0,25.0,1,Investor Owned,2023
947,Athens Utility Board,TN,residential,17296.0,150252.0,11553,Municipal,2023
1578,Benton County,TN,residential,14487.0,106241.0,8648,Municipal,2023
1936,Bolivar Energy Authority,TN,residential,16269.0,120916.0,8921,Municipal,2023
2247,City of Bristol - (TN),TN,residential,45621.0,428898.0,29384,Municipal,2023
2411,City of Brownsville,TN,residential,5558.0,49980.0,4104,Municipal,2023
2960,"Caney Fork Electric Coop, Inc",TN,residential,48791.0,383656.0,29053,Cooperative,2023
3075,Carroll County - (TN),TN,residential,19823.0,169555.0,12280,Municipal,2023
3408,City of Chattanooga - (TN),TN,residential,244804.0,2040139.0,160446,Municipal,2023
3704,City of Clarksville - (TN),TN,residential,118443.0,956181.0,74287,Municipal,2023
3758,City of Cleveland - (TN),TN,residential,45672.0,363409.0,28727,Municipal,2023
3812,City of Clinton - (TN),TN,residential,44685.0,352371.0,25968,Municipal,2023
3855,Columbia Power System - (TN),TN,residential,44398.0,372920.0,30374,Municipal,2023
4294,City of Cookeville - (TN),TN,residential,19307.0,170619.0,15579,Municipal,2023
4437,City of Covington - (TN),TN,residential,5062.0,45790.0,3671,Municipal,2023
4622,"Cumberland Valley Electric, Inc.",TN,residential,100.0,688.0,77,Cooperative,2023
4624,Cumberland Elec Member Corp,TN,residential,195293.0,1540047.0,98124,Cooperative,2023
4920,City of Dayton - (TN),TN,residential,12987.0,109691.0,8922,Municipal,2023
5148,City of Dickson,TN,residential,49135.0,426139.0,30379,Municipal,2023
5399,Duck River Elec Member Corp,TN,residential,133670.0,1094588.0,70272,Cooperative,2023
5509,City of Dyersburg,TN,residential,14086.0,125513.0,9498,Municipal,2023
5763,City of Elizabethton - (TN),TN,residential,36027.0,303543.0,23254,Municipal,2023
5961,Town of Erwin - (TN),TN,residential,10789.0,88765.0,7677,Municipal,2023
6008,City of Etowah,TN,residential,7664.0,55756.0,4408,Municipal,2023
6234,City of Fayetteville,TN,residential,28474.0,238682.0,16546,Municipal,2023
6608,Fort Loudoun Electric Coop,TN,residential,54843.0,455573.0,29988,Cooperative,2023
6784,French Broad Elec Member Corp,TN,residential,1245.0,8470.0,990,Cooperative,2023
6923,City of Gallatin - (TN),TN,residential,29752.0,262519.0,21790,Municipal,2023
7174,Gibson Electric Members Corp,TN,residential,56272.0,437320.0,29221,Cooperative,2023
7625,City of Greeneville - (TN),TN,residential,53446.0,447491.0,32244,Municipal,2023
8147,City of Harriman - (TN),TN,residential,16189.0,119651.0,9277,Municipal,2023
8764,"Holston Electric Coop, Inc",TN,residential,43390.0,343020.0,25632,Cooperative,2023
9023,City of Humboldt,TN,residential,4727.0,42112.0,3488,Municipal,2023
9612,City of Jackson - (TN),TN,residential,46156.0,387306.0,31060,Municipal,2023
9697,City of Jellico,TN,residential,2554.0,20451.0,1617,Municipal,2023
9777,Johnson City - (TN),TN,residential,119141.0,944531.0,71459,Municipal,2023
10331,Kingsport Power Co,TN,residential,82951.0,601847.0,42837,Investor Owned,2023
10421,Knoxville Utilities Board,TN,residential,293927.0,2393498.0,190846,Municipal,2023
10579,City of LaFollette,TN,residential,32589.0,243618.0,19844,Municipal,2023
10799,City of Lawrenceburg,TN,residential,29825.0,252124.0,17940,Municipal,2023
10906,City of Lenoir - (TN),TN,residential,100982.0,852368.0,60693,Municipal,2023
10960,City of Lewisburg - (TN),TN,residential,7176.0,64242.0,4909,Municipal,2023
10968,City of Lexington - (TN),TN,residential,26365.0,220983.0,17826,Municipal,2023
11222,Loudon Utilities Board,TN,residential,19630.0,172310.0,12315,Municipal,2023
11789,Maryville Utilities,TN,residential,27837.0,251869.0,19826,Municipal,2023
12186,McMinnville Electric System,TN,residential,8286.0,72747.0,6565,Municipal,2023
12293,City of Memphis - (TN),TN,residential,587340.0,5079133.0,372070,Municipal,2023
12330,Meriwether Lewis Electric Coop,TN,residential,54834.0,403349.0,30051,Cooperative,2023
12470,Middle Tennessee E M C,TN,residential,486145.0,4282591.0,298753,Cooperative,2023
12532,City of Milan - (TN),TN,residential,11460.0,96854.0,6814,Municipal,2023
12988,City of Morristown - (TN),TN,residential,20307.0,160228.0,13321,Municipal,2023
13027,"Mountain Electric Coop, Inc",TN,residential,17725.0,146894.0,12590,Cooperative,2023
13039,City of Mt Pleasant - (TN),TN,residential,6094.0,46379.0,3495,Municipal,2023
13216,Nashville Electric Service,TN,residential,638334.0,4749486.0,405896,Municipal,2023
13437,City of Newbern,TN,residential,2008.0,19269.0,1502,Municipal,2023
13550,City of Newport - (TN),TN,residential,32936.0,245825.0,19810,Municipal,2023
13933,City of Oak Ridge,TN,residential,20177.0,160884.0,15155,Municipal,2023
14455,City of Paris - (TN),TN,residential,23844.0,207014.0,16119,Municipal,2023
15016,Pickwick Electric Coop,TN,residential,29183.0,232347.0,16440,Cooperative,2023
15141,Plateau Electric Cooperative,TN,residential,19953.0,154674.0,14157,Cooperative,2023
15293,Powell Valley Electric Coop,TN,residential,28105.0,247629.0,20998,Cooperative,2023
15507,City of Pulaski - (TN),TN,residential,21841.0,166900.0,12360,Municipal,2023
16223,City of Rockwood - (TN),TN,residential,20824.0,162854.0,11964,Municipal,2023
16930,Sequachee Valley Electric Coop,TN,residential,55178.0,429408.0,32583,Cooperative,2023
16949,Sevier County Electric System,TN,residential,51867.0,461560.0,35133,Municipal,2023
17047,City of Shelbyville - (TN),TN,residential,13571.0,119606.0,9560,Municipal,2023
17452,City of Smithville - (TN),TN,residential,2965.0,24162.0,2369,Municipal,2023
17564,South Kentucky Rural E C C,TN,residential,186.0,1341.0,153,Cooperative,2023
17694,Southwest Tennessee E M C,TN,residential,82320.0,654327.0,43527,Cooperative,2023
17740,City of Sparta,TN,residential,2920.0,24198.0,2250,Municipal,2023
17829,City of Springfield - (TN),TN,residential,10399.0,94193.0,7490,Municipal,2023
18384,City of Sweetwater,TN,residential,12635.0,108008.0,7455,Municipal,2023
18643,Tennessee Valley Electric Coop,TN,residential,26164.0,208927.0,16597,Cooperative,2023
19149,City of Trenton - (TN),TN,residential,2833.0,22554.0,1945,Municipal,2023
19154,Tri-State Electric Member Corp,TN,residential,4457.0,32498.0,2740,Cooperative,2023
19162,Tri-County Elec Member Corp (TN),TN,residential,42164.0,345159.0,24503,Cooperative,2023
19266,Tullahoma Board-Public Utils,TN,residential,13312.0,120640.0,9190,Municipal,2023
19430,City of Union City,TN,residential,6996.0,61546.0,5194,Municipal,2023
19574,Upper Cumberland E M C,TN,residential,74798.0,605185.0,44926,Cooperative,2023
19898,Volunteer Electric Coop,TN,residential,164142.0,1391156.0,103320,Cooperative,2023
20228,Weakley County Mun Elec Sys,TN,residential,25632.0,231252.0,15380,Municipal,2023
20793,City of Winchester - (TN),TN,residential,7871.0,66991.0,5232,Municipal,2023
27222,City of Ripley - (TN),TN,residential,7741.0,64704.0,5109,Municipal,2023
40166,"Chickasaw Electric Coop, Inc",TN,residential,34033.0,312422.0,19207,Cooperative,2023
40236,"Forked Deer Electric Coop, Inc",TN,residential,18029.0,127679.0,8363,Cooperative,2023
1015,Austin Energy,TX,residential,671416.8,5165079.0,490069,Municipal,2023
1169,Bailey County Elec Coop Assn,TX,residential,5747.0,23282.0,952,Cooperative,2023
1175,"Bandera Electric Coop, Inc",TX,residential,60858.0,500119.0,34818,Cooperative,2023
1273,"Bartlett Electric Coop, Inc",TX,residential,30532.1,193948.0,10716,Cooperative,2023
1591,"Big Country Electric Coop, Inc",TX,residential,13257.2,88745.0,9341,Cooperative,2023
1892,"Bluebonnet Electric Coop, Inc",TX,residential,180193.8,1627377.0,108769,Cooperative,2023
2049,"Bowie-Cass Electric Coop, Inc",TX,residential,65079.0,468279.0,34490,Cooperative,2023
2194,City of Brenham - (TX),TX,residential,8298.4,80951.0,5974,Municipal,2023
2409,Brownsville Public Utilities Board,TX,residential,80533.0,616828.0,47548,Municipal,2023
2442,City of Bryan - (TX),TX,residential,91045.0,810817.0,56480,Municipal,2023
3282,"Central Texas Elec Coop, Inc",TX,residential,53109.2,514124.0,38693,Cooperative,2023
3470,Cherokee County Elec Coop Assn - (TX),TX,residential,45603.0,303227.0,21510,Cooperative,2023
3940,City of College Station - (TX),TX,residential,75696.0,520817.0,41879,Municipal,2023
4146,Concho Valley Elec Coop Inc,TX,residential,18810.8,136581.0,11898,Cooperative,2023
4262,Cooke County Elec Coop Assn,TX,residential,34839.0,222074.0,15536,Cooperative,2023
4295,Comanche County Elec Coop Assn,TX,residential,17598.7,109545.0,7170,Cooperative,2023
4939,"Deaf Smith Electric Coop, Inc",TX,residential,5282.3,55606.0,5320,Cooperative,2023
4975,Deep East Texas Elec Coop Inc,TX,residential,74596.0,589763.0,40852,Cooperative,2023
5063,City of Denton - (TX),TX,residential,74932.0,705438.0,56448,Municipal,2023
5078,"Denton County Elec Coop, Inc",TX,residential,547898.3,4278869.0,285106,Cooperative,2023
5701,El Paso Electric Co,TX,residential,359792.0,2657537.0,310988,Investor Owned,2023
6182,"Farmers Electric Coop, Inc - (TX)",TX,residential,134905.0,1203890.0,78859,Cooperative,2023
6183,"Fayette Electric Coop, Inc",TX,residential,21889.0,173320.0,13943,Cooperative,2023
6427,City of Floresville,TX,residential,33477.8,261895.0,15487,Municipal,2023
6958,City of Garland - (TX),TX,residential,116626.0,934067.0,68034,Municipal,2023
7129,City of Georgetown - (TX),TX,residential,42797.8,339393.0,29677,Municipal,2023
7554,Green Mountain Energy Company,TX,residential,572157.0,3479300.0,304709,Retail Power Marketer,2023
7559,"Grayson-Collin Elec Coop, Inc",TX,residential,155995.0,1155434.0,79446,Cooperative,2023
7561,"Greenbelt Electric Coop, Inc",TX,residential,5108.0,27878.0,3878,Cooperative,2023
7634,City of Greenville - (TX),TX,residential,25817.0,185577.0,14508,Municipal,2023
7752,Guadalupe Valley Elec Coop Inc,TX,residential,170279.7,1324859.0,88756,Cooperative,2023
7979,Hamilton County Elec Coop Assn,TX,residential,36202.4,248915.0,19321,Cooperative,2023
8620,"HILCO Electric Cooperative, Inc.",TX,residential,78614.0,485263.0,25689,Cooperative,2023
8898,Houston County Elec Coop Inc,TX,residential,38086.6,225013.0,21331,Cooperative,2023
9590,"Jackson Electric Coop, Inc - (TX)",TX,residential,23235.0,177415.0,15605,Cooperative,2023
9668,"Jasper-Newton Elec Coop, Inc",TX,residential,40933.0,285799.0,21030,Cooperative,2023
9949,Just Energy,TX,residential,751329.0,5500532.0,347845,Retail Power Marketer,2023
10009,Karnes Electric Coop Inc,TX,residential,27983.0,267636.0,13560,Cooperative,2023
10625,"Lamb County Electric Coop, Inc",TX,residential,4055.0,38065.0,2819,Cooperative,2023
10649,Lamar County Elec Coop Assn,TX,residential,22048.0,165205.0,12695,Cooperative,2023
10817,"Lea County Electric Coop, Inc - (NM)",TX,residential,2298.0,31907.0,1878,Cooperative,2023
11014,"Lighthouse Electric Coop, Inc",TX,residential,4153.6,27728.0,3883,Cooperative,2023
11292,City of Lubbock - (TX),TX,residential,157620.4,1029689.0,95273,Municipal,2023
11364,"Lyntegar Electric Coop, Inc",TX,residential,11817.5,119182.0,8845,Cooperative,2023
11501,Magic Valley Electric Coop Inc,TX,residential,200083.1,1934621.0,121456,Cooperative,2023
12268,"Medina Electric Coop, Inc",TX,residential,50687.6,402552.0,29568,Cooperative,2023
12452,Mid-South Electric Coop Assn,TX,residential,80224.4,545860.0,34276,Cooperative,2023
13332,"Navarro County Elec Coop, Inc",TX,residential,41296.0,282573.0,17966,Cooperative,2023
13374,"Constellation NewEnergy, Inc",TX,residential,376729.0,2418008.0,161216,Retail Power Marketer,2023
13418,City of New Braunfels - (TX),TX,residential,88169.5,680988.0,47850,Municipal,2023
13757,North Plains Electric Coop Inc,TX,residential,4141.0,33702.0,3099,Cooperative,2023
13830,Nueces Electric Cooperative,TX,residential,77222.9,680157.0,43643,Cooperative,2023
14424,"Panola-Harrison Elec Coop, Inc",TX,residential,13002.7,130229.0,9383,Cooperative,2023
14626,"Pedernales Electric Coop, Inc",TX,residential,667962.9,5712985.0,387103,Cooperative,2023
15847,Reliant Energy Retail Services,TX,residential,3283538.8,19958434.0,1530514,Retail Power Marketer,2023
16057,"Rio Grande Electric Coop, Inc",TX,residential,19761.7,102905.0,9188,Cooperative,2023
16063,"Rita Blanca Electric Coop, Inc",TX,residential,3509.0,37097.0,1240,Cooperative,2023
16146,"Navasota Valley Elec Coop, Inc",TX,residential,36942.7,237010.0,19336,Cooperative,2023
16461,"Rusk County Electric Coop, Inc",TX,residential,37561.3,289619.0,18217,Cooperative,2023
16604,City of San Antonio - (TX),TX,residential,1347870.0,11127285.0,843521,Municipal,2023
16613,Sam Houston Electric Coop Inc,TX,residential,143449.0,1177564.0,83451,Cooperative,2023
16627,San Patricio Electric Coop Inc,TX,residential,19019.2,135257.0,9877,Cooperative,2023
16638,"San Bernard Electric Coop, Inc",TX,residential,69937.0,474305.0,31181,Cooperative,2023
16900,City of Seguin - (TX),TX,residential,11209.0,103761.0,8127,Municipal,2023
17561,South Plains Electric Coop Inc,TX,residential,78699.2,679743.0,53601,Cooperative,2023
17671,Southwest Arkansas E C C,TX,residential,2204.7,20236.0,1071,Cooperative,2023
17693,"Southwest Texas Elec Coop, Inc",TX,residential,5659.0,40679.0,5827,Cooperative,2023
17698,Southwestern Electric Power Co,TX,residential,253934.4,2129999.0,155326,Investor Owned,2023
17710,"Spark Energy, LP",TX,residential,63959.0,430644.0,28012,Retail Power Marketer,2023
17715,Southwestern Electric Coop Inc - (NM),TX,residential,18.2,76.0,10,Cooperative,2023
17718,Southwestern Public Service Co,TX,residential,371847.1,2524471.0,220640,Investor Owned,2023
18476,"Tara Energy, LLC",TX,residential,71121.6,489863.0,34997,Retail Power Marketer,2023
18976,Trinity Valley Elec Coop Inc,TX,residential,136493.5,1223592.0,77315,Cooperative,2023
19126,"TriEagle Energy, L.P.",TX,residential,237608.5,1745002.0,107966,Retail Power Marketer,2023
19159,"Tri-County Electric Coop, Inc (TX)",TX,residential,299392.9,2116738.0,115899,Cooperative,2023
19160,"Tri-County Electric Coop, Inc (OK)",TX,residential,354.8,2138.0,209,Cooperative,2023
19327,"TXU Energy Retail Co, LLC",TX,residential,3414851.6,19308497.0,1412686,Retail Power Marketer,2023
19490,United Electric Coop Service Inc - (TX),TX,residential,187821.0,1414416.0,85768,Cooperative,2023
19579,Upshur Rural Elec Coop Corp,TX,residential,82450.0,627963.0,43875,Cooperative,2023
19806,"Victoria Electric Coop, Inc",TX,residential,41046.3,327737.0,21280,Cooperative,2023
20230,Weatherford Mun Utility System,TX,residential,26783.0,210949.0,13875,Municipal,2023
20472,"Wharton County Elec Coop, Inc",TX,residential,9852.0,74570.0,5515,Cooperative,2023
20927,"Wood County Electric Coop, Inc",TX,residential,62304.2,464640.0,35280,Cooperative,2023
20948,Wise Electric Coop Inc,TX,residential,53965.0,358923.0,19661,Cooperative,2023
27369,Taylor Electric Coop Inc - (TX),TX,residential,36360.1,229484.0,17476,Cooperative,2023
28604,Kerrville Public Utility Board,TX,residential,23974.3,288925.0,20070,Municipal,2023
28978,City of San Marcos - (TX),TX,residential,28756.0,256949.0,22014,Municipal,2023
49818,"Alliance Power Company, LLC.",TX,residential,9099.4,79724.0,5134,Retail Power Marketer,2023
49853,Amigo Energy,TX,residential,281752.4,1902748.0,136740,Retail Power Marketer,2023
49952,3000 Energy Corp,TX,residential,3150.2,19254.0,1570,Retail Power Marketer,2023
50041,"Stream SPE, LTD",TX,residential,406972.9,2640272.0,177078,Retail Power Marketer,2023
54820,Direct Energy Services,TX,residential,566184.0,3869578.0,281047,Retail Power Marketer,2023
54862,Champion Energy Services,TX,residential,252000.0,2574877.0,169593,Retail Power Marketer,2023
54872,"Accent Energy Holdings, LLC",TX,residential,8733.0,54785.0,3725,Retail Power Marketer,2023
55878,Hudson Energy Services,TX,residential,7773.1,69515.0,4418,Retail Power Marketer,2023
55937,Entergy Texas Inc.,TX,residential,893549.7,6785117.0,445292,Investor Owned,2023
55982,Heart of Texas Electric Coop,TX,residential,44251.8,354719.0,18478,Cooperative,2023
56212,"Ambit Energy Holdings, LLC",TX,residential,779396.0,4439013.0,364411,Retail Power Marketer,2023
56248,"Young Energy, LLC",TX,residential,95511.8,498863.0,44251,Retail Power Marketer,2023
56286,"Frontier Utilities, LLC",TX,residential,292279.7,1718466.0,121152,Retail Power Marketer,2023
56571,AP Holdings LLC,TX,residential,33972.0,388123.0,23340,Retail Power Marketer,2023
56734,Smart Prepaid Electric,TX,residential,193.9,1209.0,117,Retail Power Marketer,2023
57132,"US Retailers, LLC",TX,residential,742906.6,5397881.0,331712,Retail Power Marketer,2023
57350,Summer Energy LLC,TX,residential,63253.0,397264.0,27191,Retail Power Marketer,2023
57394,Value Based Brands LLC,TX,residential,466586.0,2842610.0,195866,Retail Power Marketer,2023
57459,"Wolverine Alternative Investments, LLC",TX,residential,325.7,2751.0,117,Retail Power Marketer,2023
57486,"XOOM Energy Texas, LLC",TX,residential,114642.5,726359.0,51108,Retail Power Marketer,2023
58113,"Texas A&M, Utilities & Energy Services",TX,residential,1151.4,14049.0,2,State,2023
58952,Tomorrow Energy Corp.,TX,residential,10028.7,67966.0,4955,Retail Power Marketer,2023
58956,"SmartEnergy Holdings, LLC",TX,residential,3.4,23.0,2,Retail Power Marketer,2023
58963,Brooklet Energy Distribution,TX,residential,18797.0,156617.0,13299,Retail Power Marketer,2023
58974,Clearview Electric Inc.,TX,residential,17.9,43.0,89,Retail Power Marketer,2023
59808,MP2 Energy LLC,TX,residential,78797.5,517365.0,42914,Retail Power Marketer,2023
59931,"MidAmerican Energy Services, LLC",TX,residential,6287.3,55642.0,3326,Retail Power Marketer,2023
59933,"Texpo Power, L.P.",TX,residential,17731.1,212522.0,18034,Retail Power Marketer,2023
61264,Heritage Power LLC,TX,residential,6943.0,53246.0,3549,Retail Power Marketer,2023
61265,Pogo Energy LLC,TX,residential,27260.5,148614.0,13121,Retail Power Marketer,2023
61855,"Pulse Power, LLC",TX,residential,432969.1,2532456.0,164038,Retail Power Marketer,2023
62862,Chariot Energy,TX,residential,44865.0,334127.0,21646,Retail Power Marketer,2023
62952,"Southern Federal Power, LLC",TX,residential,23964.8,322997.0,17742,Retail Power Marketer,2023
62987,Octopus Energy LLC,TX,residential,20661.8,171124.0,10017,Retail Power Marketer,2023
63422,Varsity Energy,TX,residential,20414.7,148610.0,11208,Retail Power Marketer,2023
64011,Rhythm Ops LLC,TX,residential,151010.2,737519.0,86827,Retail Power Marketer,2023
64312,"JP Energy Resources, LLC",TX,residential,6311.8,53280.0,5684,Retail Power Marketer,2023
64521,Ironhorse Power Services LLC,TX,residential,46701.1,596729.0,33953,Retail Power Marketer,2023
64554,OhmConnect Texas LLC,TX,residential,13481.4,103920.0,6442,Retail Power Marketer,2023
64653,Declaration Energy LLC,TX,residential,206621.7,1598095.0,80234,Retail Power Marketer,2023
64682,"Gexa Energy, LP",TX,residential,607461.6,3104549.0,226636,Retail Power Marketer,2023
64727,Branch Energy Texas LLC,TX,residential,3499.3,25091.0,2191,Retail Power Marketer,2023
64906,Mothership,TX,residential,95002.5,708864.0,38241,Retail Power Marketer,2023
64923,Capital Energy PA LLC,TX,residential,98498.1,769729.0,43515,Retail Power Marketer,2023
64929,"Good Charlie & Co., LLC",TX,residential,29708.4,226809.0,11926,Retail Power Marketer,2023
64977,Revolution Energy LLC,TX,residential,3389.4,26777.0,1950,Retail Power Marketer,2023
65310,Energywell LLC,TX,residential,0.2,1.0,2,Retail Power Marketer,2023
65314,"BKV-BPP Retail, LLC",TX,residential,39995.4,319115.0,17006,Retail Power Marketer,2023
65353,Arrow Energy TX LLC,TX,residential,724.8,6456.0,455,Retail Power Marketer,2023
65413,Tesla Energy Ventures,TX,residential,3091.5,24682.0,1722,Retail Power Marketer,2023
2010,City of Bountiful,UT,residential,18747.0,156458.0,15652,Municipal,2023
5862,"Empire Electric Assn, Inc",UT,residential,1218.0,7819.0,939,Cooperative,2023
6957,"Garkane Energy Coop, Inc",UT,residential,13699.0,129422.0,12749,Cooperative,2023
10879,Lehi City Corporation,UT,residential,25097.2,232629.0,26342,Municipal,2023
11135,City of Logan - (UT),UT,residential,14891.5,114725.0,19239,Municipal,2023
12866,Moon Lake Electric Assn Inc,UT,residential,14823.1,169375.0,13121,Cooperative,2023
13073,"Mt Wheeler Power, Inc",UT,residential,205.5,2195.0,218,Cooperative,2023
13137,City of Murray - (UT),UT,residential,11873.0,122091.0,16667,Municipal,2023
13314,Navajo Tribal Utility Authority,UT,residential,1795.0,12401.0,1845,State,2023
14354,PacifiCorp,UT,residential,933104.8,8282116.0,924463,Investor Owned,2023
15444,Provo City Corp,UT,residential,27914.0,247242.0,36258,Municipal,2023
17732,Spanish Fork City Corporation,UT,residential,12404.0,121620.0,13228,Municipal,2023
17845,City of Springville - (UT),UT,residential,12221.7,98837.0,10701,Municipal,2023
17874,City of St George,UT,residential,33354.6,306559.0,28025,Municipal,2023
18206,Strawberry Electric Serv Dist,UT,residential,7841.7,48898.0,3592,Political Subdivision,2023
20332,Wells Rural Electric Co,UT,residential,607.3,5894.0,506,Cooperative,2023
22814,Raft Rural Elec Coop Inc,UT,residential,492.0,5118.0,375,Cooperative,2023
40165,"Dixie Escalante R E A, Inc",UT,residential,33635.0,396349.0,25130,Cooperative,2023
66058,Ticaboo Electric Improvement District,UT,residential,83.7,98.0,50,Political Subdivision,2023
84,A & N Electric Coop,VA,residential,47400.5,355433.0,32835,Cooperative,2023
733,Appalachian Power Co,VA,residential,901124.0,5674429.0,462259,Investor Owned,2023
1456,Town of Bedford - (VA),VA,residential,11436.7,80813.0,5944,Municipal,2023
2248,Bristol Virginia Utilities,VA,residential,20688.0,189492.0,13566,Municipal,2023
3291,Central Virginia Electric Coop,VA,residential,75713.0,472189.0,34744,Cooperative,2023
4794,City of Danville - (VA),VA,residential,68217.9,436008.0,37583,Municipal,2023
8198,City of Harrisonburg - (VA),VA,residential,23694.0,197730.0,18037,Municipal,2023
10171,Kentucky Utilities Co,VA,residential,44495.2,312763.0,22764,Investor Owned,2023
11560,City of Manassas - (VA),VA,residential,20065.0,161171.0,14405,Municipal,2023
12260,Mecklenburg Electric Cooperative,VA,residential,50301.0,337333.0,29949,Cooperative,2023
13640,Northern Virginia Elec Coop,VA,residential,298954.0,2148257.0,165760,Cooperative,2023
13762,"Northern Neck Elec Coop, Inc",VA,residential,35286.0,227068.0,17668,Cooperative,2023
15293,Powell Valley Electric Coop,VA,residential,9521.0,84524.0,6569,Cooperative,2023
15410,Prince George Electric Coop,VA,residential,21465.0,160396.0,10865,Cooperative,2023
16558,City of Salem - (VA),VA,residential,15379.9,118947.0,11268,Municipal,2023
17066,Shenandoah Valley Elec Coop,VA,residential,156261.0,1141484.0,84064,Cooperative,2023
19876,Virginia Electric & Power Co,VA,residential,3784508.5,27195517.0,2357519,Investor Owned,2023
19882,Virginia Tech Electric Service,VA,residential,8501.1,52478.0,5738,State,2023
21244,"Southside Electric Coop, Inc",VA,residential,109796.3,730980.0,56366,Cooperative,2023
40228,Rappahannock Electric Coop,VA,residential,334348.0,2257969.0,164828,Cooperative,2023
2548,City of Burlington Electric - (VT),VT,residential,15684.8,87265.0,17620,Municipal,2023
7601,Green Mountain Power Corp,VT,residential,327241.0,1556800.0,225952,Investor Owned,2023
19791,"Vermont Electric Cooperative, Inc",VT,residential,50951.6,238034.0,35793,Cooperative,2023
20151,Washington Electric Coop - (VT),VT,residential,18055.0,65285.0,11316,Cooperative,2023
1579,PUD No 1 of Benton County,WA,residential,66809.0,763742.0,49607,Political Subdivision,2023
1625,Benton Rural Electric Assn,WA,residential,20496.8,236784.0,12991,Cooperative,2023
1723,"Big Bend Electric Coop, Inc",WA,residential,10209.3,116715.0,5410,Cooperative,2023
3295,City of Centralia - (WA),WA,residential,12287.5,124993.0,9015,Municipal,2023
3413,PUD No 1 of Chelan County,WA,residential,32880.6,930419.0,41572,Political Subdivision,2023
3644,PUD No 1 of Clallam County,WA,residential,54006.7,469079.0,30390,Political Subdivision,2023
3660,PUD No 1 of Clark County - (WA),WA,residential,247072.0,2671382.0,215343,Political Subdivision,2023
4041,"Columbia Rural Elec Assn, Inc",WA,residential,7955.7,60399.0,4293,Cooperative,2023
4442,PUD No 1 of Cowlitz County,WA,residential,68656.0,795261.0,47781,Political Subdivision,2023
5326,PUD No 1 of Douglas County,WA,residential,14869.0,482545.0,16513,Political Subdivision,2023
5832,Elmhurst Mutual Power & Light Co,WA,residential,17500.3,232152.0,15263,Cooperative,2023
6149,City of Ellensburg - (WA),WA,residential,9516.0,93775.0,9011,Municipal,2023
6716,PUD No 1 of Franklin County,WA,residential,38674.0,410065.0,27081,Political Subdivision,2023
7548,PUD No 1 of Grays Harbor County,WA,residential,64851.2,526311.0,39541,Political Subdivision,2023
8699,Inland Power & Light Company,WA,residential,62174.5,720048.0,40607,Cooperative,2023
10393,PUD No 1 of Klickitat County,WA,residential,19698.0,170126.0,11803,Political Subdivision,2023
10454,Kootenai Electric Cooperative,WA,residential,247.3,2433.0,93,Cooperative,2023
10627,Lakeview Light & Power,WA,residential,10833.2,109780.0,8270,Cooperative,2023
10944,PUD No 1 of Lewis County,WA,residential,47384.1,501514.0,29752,Political Subdivision,2023
12744,Modern Electric Water Company,WA,residential,7116.7,104415.0,8912,Cooperative,2023
13758,"Northern Lights, Inc",WA,residential,30.0,252.0,15,Cooperative,2023
14055,PUD No 1 of Okanogan County,WA,residential,29547.7,320183.0,18015,Political Subdivision,2023
14170,Orcas Power & Light Coop,WA,residential,27321.0,157470.0,13874,Cooperative,2023
14324,PUD No 2 of Pacific County,WA,residential,18381.0,202479.0,16294,Political Subdivision,2023
14354,PacifiCorp,WA,residential,173594.3,1618257.0,113694,Investor Owned,2023
14624,PUD No 2 of Grant County,WA,residential,50698.7,883634.0,41776,Political Subdivision,2023
14653,PUD No 1 of Pend Oreille County,WA,residential,13646.9,161460.0,9064,Political Subdivision,2023
14668,Peninsula Light Company,WA,residential,53814.0,532034.0,35170,Cooperative,2023
15231,City of Port Angeles - (WA),WA,residential,11633.0,129056.0,9306,Municipal,2023
15419,PUD No 3 of Mason County,WA,residential,59959.0,472052.0,33576,Political Subdivision,2023
15500,Puget Sound Energy Inc,WA,residential,1514149.0,11387970.0,1077406,Investor Owned,2023
15979,City of Richland - (WA),WA,residential,39066.0,402667.0,25233,Municipal,2023
16868,City of Seattle - (WA),WA,residential,428927.0,3355925.0,451055,Municipal,2023
17470,PUD No 1 of Snohomish County,WA,residential,419675.0,3922390.0,342016,Political Subdivision,2023
18429,City of Tacoma - (WA),WA,residential,204743.6,1974398.0,174342,Municipal,2023
19784,Vera Irrigation District #15,WA,residential,13811.9,161055.0,12154,Political Subdivision,2023
20169,Avista Corp,WA,residential,287292.0,2664362.0,243524,Investor Owned,2023
56621,Yakama Power,WA,residential,2828.0,37448.0,1890,Cooperative,2023
59013,PUD No 1 of Jefferson County,WA,residential,28031.0,224929.0,18127,Political Subdivision,2023
108,Adams-Columbia Electric Coop,WI,residential,48038.0,275559.0,35649,Cooperative,2023
307,Algoma Utility Comm,WI,residential,1433.4,10739.0,1656,Municipal,2023
1251,Barron Electric Coop,WI,residential,28551.0,205022.0,19114,Cooperative,2023
1776,City of Black River Falls,WI,residential,2782.9,18857.0,2255,Municipal,2023
1997,City of Boscobel - (WI),WI,residential,1286.0,11670.0,1425,Municipal,2023
2273,Brodhead Water & Lighting Comm,WI,residential,1756.3,13486.0,1556,Municipal,2023
3208,Cedarburg Light & Water Comm,WI,residential,5673.6,44639.0,5914,Municipal,2023
4073,City of Columbus - (WI),WI,residential,2378.9,18837.0,2453,Municipal,2023
4247,Consolidated Water Power Co,WI,residential,80.9,670.0,70,Investor Owned,2023
4607,City of Cuba City,WI,residential,909.1,7493.0,973,Municipal,2023
4715,Dahlberg Light & Power Co,WI,residential,9076.0,73642.0,10860,Investor Owned,2023
5417,Dunn County Electric Coop,WI,residential,16529.4,109829.0,9412,Cooperative,2023
5551,City of Eagle River - (WI),WI,residential,848.3,6123.0,1046,Municipal,2023
5574,East Central Energy,WI,residential,7292.4,48238.0,5153,Cooperative,2023
6043,City of Evansville,WI,residential,3860.2,29555.0,3937,Municipal,2023
6424,Florence Utility Comm,WI,residential,1162.7,7233.0,1390,Municipal,2023
8212,Hartford Electric,WI,residential,6118.2,50772.0,6922,Municipal,2023
9124,Hustisford Utilities,WI,residential,1568.2,11028.0,1319,Municipal,2023
9690,Jefferson Utilities,WI,residential,3500.8,29874.0,3720,Municipal,2023
9936,Juneau Utility Comm,WI,residential,922.5,7639.0,941,Municipal,2023
10056,City of Kaukauna,WI,residential,15942.7,124819.0,14255,Municipal,2023
10605,Lake Mills Light & Water,WI,residential,4179.6,29757.0,4040,Municipal,2023
11125,City of Lodi - (WI),WI,residential,1572.1,11537.0,1486,Municipal,2023
11479,Madison Gas & Electric Co,WI,residential,171845.0,871558.0,142945,Investor Owned,2023
11571,Manitowoc Public Utilities,WI,residential,11421.2,107878.0,16117,Municipal,2023
11740,City of Marshfield - (WI),WI,residential,10446.0,99582.0,11924,Municipal,2023
12298,City of Menasha - (WI),WI,residential,7919.8,62391.0,8568,Municipal,2023
13036,Village of Mt. Horeb - (WI),WI,residential,3571.3,29674.0,3667,Municipal,2023
13145,Village of Muscoda - (WI),WI,residential,817.0,7107.0,933,Municipal,2023
13438,Village of New Glarus - (WI),WI,residential,1098.9,8006.0,1090,Municipal,2023
13448,City of New Holstein - (WI),WI,residential,2591.3,18855.0,2252,Municipal,2023
13467,New London Electric&Water Util,WI,residential,3331.5,26682.0,3504,Municipal,2023
13481,City of New Richmond,WI,residential,4838.4,42177.0,4855,Municipal,2023
13697,North Central Power Co Inc,WI,residential,3941.6,26032.0,4960,Investor Owned,2023
13780,Northern States Power Co,WI,residential,303339.8,1892820.0,218404,Investor Owned,2023
13815,Northwestern Wisconsin Elec Co,WI,residential,12146.9,87065.0,12942,Investor Owned,2023
13936,Oakdale Electric Coop,WI,residential,22024.0,148699.0,16884,Cooperative,2023
13963,Oconomowoc Utilities,WI,residential,10752.7,79498.0,9796,Municipal,2023
13965,Oconto Falls Water & Light Comm,WI,residential,1365.0,9916.0,1363,Municipal,2023
15086,Pioneer Power and Light Co,WI,residential,2376.5,13993.0,2020,Investor Owned,2023
15159,City of Plymouth - (WI),WI,residential,7420.4,61486.0,7211,Municipal,2023
15312,Village of Prairie Du Sac - (WI),WI,residential,1766.4,14929.0,1909,Municipal,2023
15344,Polk-Burnett Electric Coop,WI,residential,29736.0,196500.0,20149,Cooperative,2023
15804,Reedsburg Utility Comm,WI,residential,4882.4,39662.0,4716,Municipal,2023
15978,City of Richland Center - (WI),WI,residential,2023.3,16815.0,2430,Municipal,2023
16060,Riverland Energy Cooperative,WI,residential,36393.7,236669.0,18315,Cooperative,2023
16082,City of River Falls,WI,residential,7056.5,51062.0,6552,Municipal,2023
16196,Rock Energy Cooperative,WI,residential,11782.0,82979.0,7287,Cooperative,2023
16740,Scenic Rivers Energy Coop,WI,residential,26864.3,183287.0,13515,Cooperative,2023
17011,Shawano Municipal Utilities,WI,residential,4203.0,34227.0,4920,Municipal,2023
17324,Slinger Utilities,WI,residential,2547.3,20169.0,2521,Municipal,2023
18181,City of Stoughton - (WI),WI,residential,8000.8,64531.0,8177,Municipal,2023
18249,City of Sturgeon Bay - (WI),WI,residential,6754.4,52878.0,7612,Municipal,2023
18312,Sun Prairie Utilities,WI,residential,13822.5,116699.0,16436,Municipal,2023
18336,Superior Water and Light Co,WI,residential,12673.0,85036.0,13008,Investor Owned,2023
19324,Two Rivers Water & Light,WI,residential,4342.1,33661.0,5591,Municipal,2023
20182,Waterloo Light & Water Comm,WI,residential,1675.0,12513.0,1636,Municipal,2023
20211,Village of Waunakee - (WI),WI,residential,6768.3,55464.0,6497,Municipal,2023
20213,Waupun Utilities,WI,residential,3841.0,31938.0,3913,Municipal,2023
20434,City of Westby,WI,residential,993.4,8366.0,1033,Municipal,2023
20583,Whitehall Electric Utility,WI,residential,802.4,6393.0,781,Municipal,2023
20847,Wisconsin Electric Power Co,WI,residential,1477327.5,7790977.0,1038810,Investor Owned,2023
20856,Wisconsin Power & Light Co,WI,residential,579319.0,3589536.0,433061,Investor Owned,2023
20860,Wisconsin Public Service Corp,WI,residential,489246.5,2952094.0,407404,Investor Owned,2023
20862,Wisconsin Rapids W W & L Comm,WI,residential,12190.0,96064.0,12402,Municipal,2023
40036,Westfield Electric Company,WI,residential,898.5,4823.0,598,Investor Owned,2023
733,Appalachian Power Co,WV,residential,713278.0,4451267.0,350279,Investor Owned,2023
1764,Black Diamond Power Co,WV,residential,4975.5,32418.0,3479,Investor Owned,2023
12796,Monongahela Power Co,WV,residential,434935.7,3446643.0,334676,Investor Owned,2023
15263,The Potomac Edison Company,WV,residential,211244.7,1857742.0,132509,Investor Owned,2023
20521,Wheeling Power Co,WV,residential,60132.0,360996.0,34561,Investor Owned,2023
3461,Cheyenne Light Fuel & Power,WY,residential,40779.6,268961.0,39444,Investor Owned,2023
6169,Fall River Rural Elec Coop Inc,WY,residential,964.0,9655.0,317,Cooperative,2023
7222,City of Gillette - (WY),WY,residential,17958.0,147624.0,13933,Municipal,2023
8566,High Plains Power Inc,WY,residential,21238.0,155751.0,12721,Cooperative,2023
11273,Lower Valley Energy Inc,WY,residential,34227.0,534056.0,22234,Cooperative,2023
12199,Montana-Dakota Utilities Co,WY,residential,17814.0,146874.0,14457,Investor Owned,2023
12825,NorthWestern Energy LLC - (MT),WY,residential,282.0,2120.0,235,Investor Owned,2023
14354,PacifiCorp,WY,residential,117840.4,1046604.0,117758,Investor Owned,2023
19156,Powder River Energy Corp,WY,residential,25115.3,211410.0,15272,Cooperative,2023
19545,"Black Hills Power, Inc.",WY,residential,2461.0,19530.0,2016,Investor Owned,2023
21081,Yampa Valley Electric Assn Inc,WY,residential,920.3,5528.0,559,Cooperative,2023
27058,"High West Energy, Inc",WY,residential,9716.0,67527.0,5546,Cooperative,2023
213,Alaska Electric Light & Power Co.,AK,residential,22067.7,170626.0,15407,Investor Owned,2024
219,Alaska Power and Telephone Co,AK,residential,10397.0,27967.0,5737,Investor Owned,2024
221,"Alaska Village Elec Coop, Inc",AK,residential,30675.3,43854.0,7689,Cooperative,2024
3522,Chugach Electric Assn Inc,AK,residential,125486.7,590921.0,97048,Cooperative,2024
7353,Golden Valley Elec Assn Inc,AK,residential,87530.9,288667.0,40675,Cooperative,2024
10210,Ketchikan Public Utilities,AK,residential,9741.7,78034.0,6561,Municipal,2024
10433,Kodiak Electric Assn Inc,AK,residential,7498.0,39813.0,4772,Cooperative,2024
10451,Kotzebue Electric Assn Inc,AK,residential,3695.1,7715.0,1227,Cooperative,2024
11824,Matanuska Electric Assn Inc,AK,residential,109114.7,466931.0,64205,Cooperative,2024
19558,Homer Electric Assn Inc,AK,residential,52771.3,177136.0,29721,Cooperative,2024
195,Alabama Power Co,AL,residential,3028741.0,18058325.0,1332911,Investor Owned,2024
241,Albertville Municipal Utilities Board,AL,residential,13258.0,124264.0,8318,Municipal,2024
604,City of Andalusia,AL,residential,6678.0,42321.0,3605,Municipal,2024
750,Arab Electric Coop Inc,AL,residential,24986.0,208955.0,14062,Cooperative,2024
944,City of Athens - (AL),AL,residential,85146.0,695825.0,50985,Municipal,2024
1149,Baldwin County El Member Corp,AL,residential,155483.0,1121292.0,83005,Cooperative,2024
1640,City of Bessemer Utilities,AL,residential,14276.0,116464.0,9378,Municipal,2024
1780,Black Warrior Elec Member Corp,AL,residential,35392.8,267309.0,20053,Cooperative,2024
3222,Central Alabama Electric Coop,AL,residential,104651.0,628803.0,45036,Cooperative,2024
3426,Cherokee Electric Coop - (AL),AL,residential,38021.0,252438.0,18830,Cooperative,2024
4327,Coosa Valley Electric Coop Inc,AL,residential,35671.0,227026.0,15612,Cooperative,2024
4430,"Covington Electric Coop, Inc",AL,residential,52781.9,316974.0,23281,Cooperative,2024
4617,Cullman Power Board,AL,residential,11442.0,90546.0,7049,Municipal,2024
4618,"Cullman Electric Coop, Inc",AL,residential,78419.0,591417.0,39779,Cooperative,2024
4958,Decatur Utilities,AL,residential,35773.0,320833.0,22820,Municipal,2024
5204,Dixie Electric Coop - (AL),AL,residential,46941.0,311929.0,22054,Cooperative,2024
5309,City of Dothan - (AL),AL,residential,40445.0,377220.0,26752,Municipal,2024
6422,City of Florence - (AL),AL,residential,73769.0,635264.0,41594,Municipal,2024
6491,Foley Board of Utilities,AL,residential,101881.0,755706.0,50954,Municipal,2024
6612,Fort Payne Improvement Authority,AL,residential,11776.0,96984.0,6922,Municipal,2024
6717,Franklin Electric Coop - (AL),AL,residential,11205.0,79843.0,5979,Cooperative,2024
7827,Guntersville Electric Board,AL,residential,9143.0,71438.0,4875,Municipal,2024
8226,City of Hartselle,AL,residential,7664.0,63141.0,4629,Municipal,2024
9094,City of Huntsville - (AL),AL,residential,318331.0,2779774.0,197537,Municipal,2024
9739,Joe Wheeler Elec Member Corp,AL,residential,86327.0,595913.0,36973,Cooperative,2024
11714,Marshall-De Kalb Electric Coop,AL,residential,32202.0,257918.0,17318,Cooperative,2024
13144,City of Muscle Shoals,AL,residential,12631.0,105580.0,7154,Municipal,2024
13669,North Alabama Electric Coop,AL,residential,25483.0,198549.0,13099,Cooperative,2024
14146,City of Opelika - (AL),AL,residential,21140.0,164791.0,13555,Municipal,2024
14602,Pea River Electric Coop,AL,residential,34400.8,205084.0,14922,Cooperative,2024
16458,City of Russellville - (AL),AL,residential,6688.0,50459.0,3890,Municipal,2024
16629,Sand Mountain Electric Coop,AL,residential,48380.0,385353.0,27298,Cooperative,2024
16829,City of Scottsboro - (AL),AL,residential,12835.0,99747.0,7090,Municipal,2024
17033,Sheffield Utilities,AL,residential,28928.0,234217.0,15663,Municipal,2024
17252,Singing River Elec Cooperative,AL,residential,653.1,4897.0,336,Cooperative,2024
17534,"South Alabama Elec Coop, Inc",AL,residential,31775.0,205849.0,16801,Cooperative,2024
17646,"Southern Pine Elec Coop, Inc",AL,residential,36514.0,262752.0,20645,Cooperative,2024
18203,Tallapoosa River Elec Coop Inc,AL,residential,59051.0,410431.0,29578,Cooperative,2024
18472,City of Tarrant,AL,residential,3897.0,28980.0,2069,Municipal,2024
19219,Diverse Power Incorporated,AL,residential,1402.3,8118.0,589,Cooperative,2024
19225,City of Troy - (AL),AL,residential,9511.5,98455.0,7855,Municipal,2024
19307,City of Tuscumbia,AL,residential,6432.0,54455.0,4038,Municipal,2024
20841,"Wiregrass Electric Coop, Inc",AL,residential,50742.0,328360.0,22401,Cooperative,2024
40127,Clarke-Washington E M C,AL,residential,34811.0,220870.0,18708,Cooperative,2024
40364,City of Courtland,AL,residential,901.0,7566.0,551,Municipal,2024
814,Entergy Arkansas LLC,AR,residential,999636.9,7708656.0,608362,Investor Owned,2024
817,Arkansas Valley Elec Coop Corp,AR,residential,96119.8,721279.0,54372,Cooperative,2024
1581,City of Benton - (AR),AR,residential,16004.0,155389.0,12972,Municipal,2024
1586,City of Bentonville - (AR),AR,residential,33472.0,287396.0,25103,Municipal,2024
2678,C & L Electric Coop Corp,AR,residential,33414.0,251978.0,20000,Cooperative,2024
3093,Carroll Electric Coop Corp - (AR),AR,residential,161753.0,1320033.0,101154,Cooperative,2024
3705,Clarksville Connected Utilities,AR,residential,3923.8,45234.0,3812,Municipal,2024
3712,Clay County Electric Coop Corp - (AR),AR,residential,15795.6,111277.0,10523,Cooperative,2024
4280,Conway Corporation,AR,residential,30354.0,366220.0,30979,Municipal,2024
4509,Craighead Electric Coop Corp,AR,residential,46240.0,385539.0,25326,Cooperative,2024
5860,Empire District Electric Co,AR,residential,7105.1,53043.0,4813,Investor Owned,2024
6342,First Electric Coop Corp,AR,residential,163494.0,1332404.0,95175,Cooperative,2024
8840,City of Hope - (AR),AR,residential,7372.0,63051.0,5782,Municipal,2024
9879,City Water and Light Plant,AR,residential,33351.0,503106.0,35013,Municipal,2024
12681,Mississippi County Electric Co,AR,residential,4653.0,54855.0,3232,Cooperative,2024
13676,"North Arkansas Elec Coop, Inc",AR,residential,54083.4,420412.0,36355,Cooperative,2024
13718,City of North Little Rock - (AR),AR,residential,45431.0,371555.0,34984,Municipal,2024
14063,Oklahoma Gas & Electric Co,AR,residential,82513.7,718272.0,58218,Investor Owned,2024
14238,Ouachita Electric Coop Corp,AR,residential,12576.0,95374.0,8391,Cooperative,2024
14289,Ozarks Electric Coop Corp - (AR),AR,residential,115836.0,889081.0,72076,Cooperative,2024
14446,Paragould Municipal Utilities,AR,residential,18933.0,199769.0,12540,Municipal,2024
14864,Petit Jean Electric Coop Corp,AR,residential,33236.0,212826.0,18776,Cooperative,2024
17184,City of Siloam Springs - (AR),AR,residential,10344.0,88813.0,8590,Municipal,2024
17540,"South Central Ark El Coop, Inc",AR,residential,16012.0,108938.0,9410,Cooperative,2024
17671,Southwest Arkansas E C C,AR,residential,47215.9,364269.0,24879,Cooperative,2024
17698,Southwestern Electric Power Co,AR,residential,127222.3,1103186.0,108102,Investor Owned,2024
20382,City of West Memphis - (AR),AR,residential,11281.0,139667.0,10199,Municipal,2024
20963,Woodruff Electric Coop Corp,AR,residential,19123.2,167759.0,12125,Cooperative,2024
176,Ajo Improvement Co,AZ,residential,678.0,5396.0,821,Investor Owned,2024
803,Arizona Public Service Co,AZ,residential,2562822.5,15579131.0,1256120,Investor Owned,2024
6957,"Garkane Energy Coop, Inc",AZ,residential,3135.3,27237.0,1401,Cooperative,2024
12351,City of Mesa - (AZ),AZ,residential,26812.0,158340.0,15331,Municipal,2024
12919,Morenci Water and Electric,AZ,residential,2366.6,21078.0,2232,Investor Owned,2024
13314,Navajo Tribal Utility Authority,AZ,residential,26410.0,158835.0,27014,State,2024
13318,"Navopache Electric Coop, Inc",AZ,residential,39512.0,294157.0,40076,Cooperative,2024
15048,Electrical Dist No2 Pinal County,AZ,residential,8833.0,66589.0,5218,Political Subdivision,2024
16572,Salt River Project,AZ,residential,2060051.0,15307643.0,1053407,Political Subdivision,2024
18280,Sulphur Springs Valley E C Inc,AZ,residential,55275.9,409660.0,46008,Cooperative,2024
19189,Trico Electric Cooperative Inc,AZ,residential,84010.2,592945.0,52450,Cooperative,2024
19604,USBIA-San Carlos Project,AZ,residential,24640.0,126426.0,11432,Federal,2024
19728,"UNS Electric, Inc",AZ,residential,169013.1,1055159.0,95191,Investor Owned,2024
21538,"Mohave Electric Cooperative, Inc.",AZ,residential,54352.3,485505.0,41009,Cooperative,2024
24211,Tucson Electric Power Co,AZ,residential,619593.9,3964038.0,412747,Investor Owned,2024
25866,Ak-Chin Electric Utility Authority,AZ,residential,649.5,5016.0,319,State,2024
30518,Electrical Dist No3 Pinal County,AZ,residential,63271.5,454173.0,32009,Political Subdivision,2024
40165,"Dixie Escalante R E A, Inc",AZ,residential,3464.1,36073.0,2790,Cooperative,2024
65261,Gila River Indian Utility Authority (GRICUA),AZ,residential,6709.0,47079.0,2682,Cooperative,2024
207,Alameda Municipal Power,CA,residential,32111.2,139744.0,33174,Municipal,2024
590,City of Anaheim - (CA),CA,residential,101425.0,592710.0,105839,Municipal,2024
1050,City of Azusa,CA,residential,17011.0,89136.0,15599,Municipal,2024
2507,City of Burbank Water and Power,CA,residential,49794.0,258668.0,46157,Municipal,2024
4003,City of Colton - (CA),CA,residential,27963.8,112530.0,17472,Municipal,2024
4390,City of Corona - (CA),CA,residential,1283.6,8282.0,1285,Municipal,2024
7294,City of Glendale - (CA),CA,residential,129473.9,382936.0,77563,Municipal,2024
9216,Imperial Irrigation District,CA,residential,353871.0,1975507.0,142078,Political Subdivision,2024
11124,City of Lodi - (CA),CA,residential,38996.0,173515.0,23751,Municipal,2024
11208,Los Angeles Department of Water & Power,CA,residential,1956785.0,8208619.0,1410191,Municipal,2024
12312,Merced Irrigation District,CA,residential,21222.7,87505.0,11366,Political Subdivision,2024
12745,Modesto Irrigation District,CA,residential,218924.8,1005119.0,103650,Political Subdivision,2024
14328,Pacific Gas & Electric Co.,CA,residential,8238576.0,11138420.0,1856780,Investor Owned,2024
14354,PacifiCorp,CA,residential,77033.5,373288.0,36273,Investor Owned,2024
14401,City of Palo Alto - (CA),CA,residential,32625.0,157856.0,26249,Municipal,2024
14534,City of Pasadena - (CA),CA,residential,86833.0,334268.0,58551,Municipal,2024
14999,"Pilot Power Group, LLC",CA,residential,4047.0,24530.0,3892,Retail Power Marketer,2024
15783,City of Redding - (CA),CA,residential,69425.0,388866.0,38170,Municipal,2024
16088,City of Riverside - (CA),CA,residential,155114.0,767945.0,100450,Municipal,2024
16295,City of Roseville - (CA),CA,residential,101628.0,544702.0,63052,Municipal,2024
16534,Sacramento Municipal Util Dist,CA,residential,892673.1,4995051.0,592557,Political Subdivision,2024
16609,San Diego Gas & Electric Co,CA,residential,1561695.6,1347817.0,307982,Investor Owned,2024
16612,City & County of San Francisco,CA,residential,10213.6,42476.0,2618,Municipal,2024
16655,City of Santa Clara - (CA),CA,residential,43895.9,260068.0,50949,Municipal,2024
17609,Southern California Edison Co,CA,residential,7745773.0,19540551.0,3219520,Investor Owned,2024
17612,Bear Valley Electric Service,CA,residential,26596.1,86717.0,23327,Investor Owned,2024
17896,City of Shasta Lake - (CA),CA,residential,8193.8,42533.0,4268,Municipal,2024
18260,Surprise Valley Electrification,CA,residential,4357.5,33171.0,2785,Cooperative,2024
19281,Turlock Irrigation District,CA,residential,136142.0,833392.0,80575,Political Subdivision,2024
19798,City of Vernon,CA,residential,48.9,336.0,73,Municipal,2024
19840,"Valley Electric Assn, Inc",CA,residential,19.1,100.0,12,Cooperative,2024
21093,3 Phases Renewables Inc,CA,residential,45.0,335.0,55,Retail Power Marketer,2024
55787,City of Moreno Valley - (CA),CA,residential,18450.0,46278.0,7936,Municipal,2024
56692,Marin Clean Energy,CA,residential,432119.7,2862154.0,524852,Community Choice Aggregator,2024
57483,Liberty Utilities,CA,residential,76119.4,293637.0,43902,Investor Owned,2024
59126,Sonoma Clean Power Authority,CA,residential,134263.7,1029779.0,199002,Community Choice Aggregator,2024
59625,Lancaster Choice Energy,CA,residential,51127.0,323422.0,46856,Community Choice Aggregator,2024
60181,CleanPowerSF,CA,residential,166312.7,1155703.0,353982,Community Choice Aggregator,2024
60402,Peninsula Clean Energy Authority,CA,residential,189050.3,1392192.0,282893,Community Choice Aggregator,2024
60758,Apple Valley Choice Energy,CA,residential,24604.0,149109.0,22941,Community Choice Aggregator,2024
60759,Silicon Valley Clean Energy Authority,CA,residential,190728.3,1324868.0,249951,Community Choice Aggregator,2024
60868,Redwood Coast Energy Authority,CA,residential,34656.1,235696.0,51305,Community Choice Aggregator,2024
61083,Pico Rivera Innovative Municipal Energy,CA,residential,13508.0,84710.0,15000,Community Choice Aggregator,2024
61431,Pioneer Community Energy,CA,residential,141794.0,993284.0,144723,Community Choice Aggregator,2024
61432,Central Coast Community Energy,CA,residential,219250.9,1684832.0,383835,Community Choice Aggregator,2024
61433,San Jacinto Power,CA,residential,16164.0,97293.0,13558,Community Choice Aggregator,2024
61462,Valley Clean Energy Alliance,CA,residential,42415.5,272616.0,54337,Community Choice Aggregator,2024
61471,Rancho Mirage Energy Authority,CA,residential,21525.0,128434.0,13079,Community Choice Aggregator,2024
61475,Ava Community Energy,CA,residential,351874.0,2405490.0,581804,Community Choice Aggregator,2024
61526,Clean Power Alliance of Southern Califor,CA,residential,814624.2,5098735.0,753633,Community Choice Aggregator,2024
61570,King City Community Power,CA,residential,1644.0,10095.0,2838,Community Choice Aggregator,2024
61858,San Jose Clean Energy,CA,residential,241420.3,1594382.0,326459,Community Choice Aggregator,2024
63725,Pomona Choice Energy (PCE),CA,residential,34760.0,213516.0,36414,Community Choice Aggregator,2024
64195,Desert Community Energy,CA,residential,39973.3,207316.0,28095,Community Choice Aggregator,2024
64289,San Diego Community Power,CA,residential,502883.0,3219990.0,852720,Community Choice Aggregator,2024
64425,Clean Energy Alliance,CA,residential,126898.0,725846.0,181700,Community Choice Aggregator,2024
64555,Santa Barbara Clean Energy,CA,residential,22840.0,129973.0,32140,Community Choice Aggregator,2024
64928,Orange County Power Authority,CA,residential,144846.0,979674.0,187088,Community Choice Aggregator,2024
65259,Energy for Palmdale's Independent Choice,CA,residential,48705.0,294561.0,41057,Community Choice Aggregator,2024
3989,City of Colorado Springs - (CO),CO,residential,232830.0,1611075.0,216771,Municipal,2024
5086,Delta Montrose Electric Assn,CO,residential,41927.5,280040.0,32575,Cooperative,2024
5862,"Empire Electric Assn, Inc",CO,residential,16733.5,109300.0,12899,Cooperative,2024
6604,City of Fort Collins - (CO),CO,residential,69729.7,527984.0,70803,Municipal,2024
6610,City of Fort Morgan,CO,residential,4713.2,67589.0,5999,Municipal,2024
6638,City of Fountain,CO,residential,20575.0,149763.0,17242,Municipal,2024
7563,Grand Valley Power,CO,residential,26160.0,164101.0,17268,Cooperative,2024
8570,Highline Electric Assn,CO,residential,7662.4,54263.0,5047,Cooperative,2024
8773,"Holy Cross Electric Assn, Inc",CO,residential,83039.0,689825.0,49982,Cooperative,2024
9336,CORE Electric Cooperative,CO,residential,257358.0,1710656.0,165067,Cooperative,2024
10066,K C Electric Association,CO,residential,5361.1,40943.0,3404,Cooperative,2024
10539,"La Plata Electric Assn, Inc",CO,residential,52878.0,316525.0,39931,Cooperative,2024
11187,City of Longmont,CO,residential,41698.5,338976.0,40855,Municipal,2024
11256,City of Loveland - (CO),CO,residential,39771.3,276130.0,37007,Municipal,2024
12860,Morgan County Rural Elec Assn,CO,residential,10218.9,71098.0,5825,Cooperative,2024
12866,Moon Lake Electric Assn Inc,CO,residential,1452.6,15530.0,1526,Cooperative,2024
13050,"Mountain Parks Electric, Inc",CO,residential,27476.0,171905.0,19183,Cooperative,2024
13058,"Mountain View Elec Assn, Inc",CO,residential,99901.3,643841.0,59789,Cooperative,2024
15257,"Poudre Valley REA, Inc",CO,residential,64284.2,526321.0,49587,Cooperative,2024
15466,Public Service Co of Colorado,CO,residential,1478540.7,9826647.0,1365053,Investor Owned,2024
16603,"San Luis Valley R E C, Inc",CO,residential,12986.0,70637.0,9115,Cooperative,2024
16616,"San Isabel Electric Assn, Inc",CO,residential,32484.1,182662.0,23289,Cooperative,2024
16622,"San Miguel Power Assn, Inc",CO,residential,19263.8,118032.0,12154,Cooperative,2024
17592,Southeast Colorado Power Assn,CO,residential,12390.0,71970.0,8148,Cooperative,2024
17715,Southwestern Electric Coop Inc - (NM),CO,residential,20.1,101.0,5,Cooperative,2024
19160,"Tri-County Electric Coop, Inc (OK)",CO,residential,11.7,73.0,9,Cooperative,2024
19499,"United Power, Inc",CO,residential,155543.0,987339.0,101502,Cooperative,2024
20510,"Wheatland Electric Coop, Inc",CO,residential,27.0,147.0,31,Cooperative,2024
20576,"White River Electric Assn, Inc",CO,residential,3047.8,22111.0,2633,Cooperative,2024
21075,Y-W Electric Assn Inc,CO,residential,7130.0,45595.0,4876,Cooperative,2024
21081,Yampa Valley Electric Assn Inc,CO,residential,40452.4,241331.0,23253,Cooperative,2024
27058,"High West Energy, Inc",CO,residential,1002.1,6615.0,670,Cooperative,2024
56146,"Black Hills Colorado Electric, LLC",CO,residential,104284.0,611784.0,89252,Investor Owned,2024
2089,Bozrah Light & Power Company,CT,residential,4696.0,24294.0,2434,Municipal,2024
4176,Connecticut Light & Power Co,CT,residential,2493675.9,7278426.0,924132,Investor Owned,2024
7716,Groton Dept of Utilities - (CT),CT,residential,19705.7,105354.0,12284,Municipal,2024
13374,"Constellation NewEnergy, Inc",CT,residential,144599.4,1139183.0,125376,Retail Power Marketer,2024
13831,City of Norwich - (CT),CT,residential,31757.3,139392.0,18870,Municipal,2024
19497,United Illuminating Co,CT,residential,652813.1,1668612.0,256302,Investor Owned,2024
20038,Town of Wallingford - (CT),CT,residential,33299.9,212760.0,21405,Municipal,2024
54820,Direct Energy Services,CT,residential,74061.5,578488.0,51430,Retail Power Marketer,2024
56265,Energy Plus Holdings LLC,CT,residential,28.5,357.0,30,Retail Power Marketer,2024
56504,Major Energy Electric Services,CT,residential,7504.0,59417.0,5931,Retail Power Marketer,2024
57037,Reliant Energy Northeast LLC,CT,residential,80.0,997.0,107,Retail Power Marketer,2024
57487,"XOOM Energy Connecticut, LLC",CT,residential,12941.0,97309.0,12460,Retail Power Marketer,2024
58667,"North American Power and Gas, LLC",CT,residential,5864.8,34057.0,4254,Retail Power Marketer,2024
59059,Town Square Energy,CT,residential,85910.6,695475.0,67591,Retail Power Marketer,2024
65310,Energywell LLC,CT,residential,29946.2,254845.0,26417,Retail Power Marketer,2024
7279,"NextEra Energy Services, LLC",DC,residential,83.2,884.0,72,Retail Power Marketer,2024
13374,"Constellation NewEnergy, Inc",DC,residential,1611.4,13479.0,1597,Retail Power Marketer,2024
15270,Potomac Electric Power Co,DC,residential,360059.9,2031842.0,285878,Investor Owned,2024
20659,"WGL Energy Services, Inc.",DC,residential,3127.0,24091.0,3222,Retail Power Marketer,2024
54820,Direct Energy Services,DC,residential,845.5,6219.0,495,Retail Power Marketer,2024
55815,"IDT Energy, Inc.",DC,residential,911.5,5644.0,749,Retail Power Marketer,2024
56212,"Ambit Energy Holdings, LLC",DC,residential,272.7,1877.0,247,Retail Power Marketer,2024
56504,Major Energy Electric Services,DC,residential,609.0,3948.0,615,Retail Power Marketer,2024
57037,Reliant Energy Northeast LLC,DC,residential,502.0,3057.0,386,Retail Power Marketer,2024
58476,"Stream Energy Columbia, LLC",DC,residential,263.0,1578.0,215,Retail Power Marketer,2024
58951,"CleanChoice Energy, Inc.",DC,residential,10018.0,47396.0,6940,Retail Power Marketer,2024
58956,"SmartEnergy Holdings, LLC",DC,residential,4527.7,25768.0,4186,Retail Power Marketer,2024
58964,"Alpha Gas and Electric, LLC",DC,residential,19.3,120.0,16,Retail Power Marketer,2024
58974,Clearview Electric Inc.,DC,residential,513.8,2340.0,320,Retail Power Marketer,2024
59054,"Eligo Energy, LLC",DC,residential,149.5,787.0,123,Retail Power Marketer,2024
59062,"Horizon Power and Light, LLC",DC,residential,213.2,1214.0,146,Retail Power Marketer,2024
59065,Titan Gas LLC,DC,residential,245.4,1360.0,174,Retail Power Marketer,2024
59088,"Nordic Energy Services, LLC",DC,residential,107.4,706.0,99,Retail Power Marketer,2024
59310,"Inspire Energy Holdings, LLC",DC,residential,1229.0,7717.0,910,Retail Power Marketer,2024
59312,"XOOM Energy Washington DC, LLC",DC,residential,768.0,4708.0,623,Retail Power Marketer,2024
59620,Verde Energy USA,DC,residential,2.0,15.0,2,Retail Power Marketer,2024
59797,Park Power LLC,DC,residential,257.0,1337.0,226,Retail Power Marketer,2024
59931,"MidAmerican Energy Services, LLC",DC,residential,23.7,238.0,17,Retail Power Marketer,2024
60218,MPower Energy NJ LLC,DC,residential,4535.7,24228.0,3523,Retail Power Marketer,2024
60583,Atlantic Energy LLC,DC,residential,672.9,2806.0,481,Retail Power Marketer,2024
61059,"Renaissance Power & Gas, Inc.",DC,residential,131.0,957.0,153,Retail Power Marketer,2024
61283,"Palmco Power DC, LLC",DC,residential,1018.1,4618.0,868,Retail Power Marketer,2024
61972,"SunSea Energy, LLC",DC,residential,1995.5,7632.0,1512,Retail Power Marketer,2024
63168,Median Energy Corp.,DC,residential,563.0,3420.0,491,Retail Power Marketer,2024
63695,"RPA Energy, Inc.",DC,residential,119.0,466.0,82,Retail Power Marketer,2024
65310,Energywell LLC,DC,residential,330.5,3066.0,116,Retail Power Marketer,2024
4100,Just Energy Solutions Inc.,DE,residential,2201.6,16669.0,1515,Retail Power Marketer,2024
5027,Delmarva Power,DE,residential,522040.4,2916139.0,275018,Investor Owned,2024
5070,Delaware Electric Cooperative,DE,residential,184505.0,1297535.0,104839,Cooperative,2024
5335,City of Dover - (DE),DE,residential,32754.0,211090.0,21601,Municipal,2024
7279,"NextEra Energy Services, LLC",DE,residential,365.9,2504.0,211,Retail Power Marketer,2024
12478,Town of Middletown - (DE),DE,residential,17226.8,100606.0,9071,Municipal,2024
12540,City of Milford - (DE),DE,residential,12128.9,79966.0,7169,Municipal,2024
13374,"Constellation NewEnergy, Inc",DE,residential,820.6,8234.0,712,Retail Power Marketer,2024
13519,City of Newark - (DE),DE,residential,18762.0,98785.0,11888,Municipal,2024
17710,"Spark Energy, LP",DE,residential,975.0,7787.0,881,Retail Power Marketer,2024
20659,"WGL Energy Services, Inc.",DE,residential,1855.0,17907.0,1995,Retail Power Marketer,2024
54820,Direct Energy Services,DE,residential,4139.9,33737.0,3201,Retail Power Marketer,2024
56212,"Ambit Energy Holdings, LLC",DE,residential,447.2,3281.0,292,Retail Power Marketer,2024
57037,Reliant Energy Northeast LLC,DE,residential,5886.0,41090.0,4049,Retail Power Marketer,2024
58632,"XOOM Energy Delaware, LLC",DE,residential,534.0,3784.0,362,Retail Power Marketer,2024
58951,"CleanChoice Energy, Inc.",DE,residential,3896.9,26426.0,3044,Retail Power Marketer,2024
58956,"SmartEnergy Holdings, LLC",DE,residential,3102.4,19568.0,2260,Retail Power Marketer,2024
58974,Clearview Electric Inc.,DE,residential,1098.6,6419.0,770,Retail Power Marketer,2024
59065,Titan Gas LLC,DE,residential,100.8,815.0,108,Retail Power Marketer,2024
59088,"Nordic Energy Services, LLC",DE,residential,65.0,515.0,197,Retail Power Marketer,2024
59310,"Inspire Energy Holdings, LLC",DE,residential,4547.8,35787.0,3555,Retail Power Marketer,2024
59793,"First Point Power, LLC",DE,residential,20.4,117.0,14,Retail Power Marketer,2024
59797,Park Power LLC,DE,residential,265.4,1186.0,139,Retail Power Marketer,2024
59807,"Rushmore Energy, LLC",DE,residential,1114.4,10336.0,1137,Retail Power Marketer,2024
59809,"Residents Energy, LLC",DE,residential,1984.8,13853.0,1673,Retail Power Marketer,2024
59810,Greenlight Energy Inc.,DE,residential,14.0,119.0,14,Retail Power Marketer,2024
59848,"ResCom Energy, LLC",DE,residential,18.4,171.0,49,Retail Power Marketer,2024
59931,"MidAmerican Energy Services, LLC",DE,residential,73.9,1349.0,82,Retail Power Marketer,2024
59993,Discount Power Inc - (CT),DE,residential,368.0,1926.0,203,Retail Power Marketer,2024
60583,Atlantic Energy LLC,DE,residential,179.0,867.0,117,Retail Power Marketer,2024
61201,"Stream Energy Delaware, LLC",DE,residential,271.0,1727.0,172,Retail Power Marketer,2024
61349,"Palmco Power DE, LLC",DE,residential,428.4,2272.0,248,Retail Power Marketer,2024
63695,"RPA Energy, Inc.",DE,residential,178.5,842.0,129,Retail Power Marketer,2024
65310,Energywell LLC,DE,residential,34.6,310.0,31,Retail Power Marketer,2024
1300,City of Bartow - (FL),FL,residential,17056.5,157492.0,11613,Municipal,2024
3245,"Central Florida Elec Coop, Inc",FL,residential,56144.0,412201.0,32771,Cooperative,2024
3502,"Choctawhatche Elec Coop, Inc",FL,residential,109837.3,829925.0,57070,Cooperative,2024
3757,"Clay Electric Cooperative, Inc - (FL)",FL,residential,326753.7,2495611.0,171179,Cooperative,2024
5964,"Escambia River Elec Coop, Inc",FL,residential,27476.0,179919.0,11914,Cooperative,2024
6443,"Florida Keys El Coop Assn, Inc",FL,residential,60035.0,463854.0,28815,Cooperative,2024
6452,Florida Power & Light Co,FL,residential,9720848.0,70926801.0,5236277,Investor Owned,2024
6455,"Duke Energy Florida, LLC",FL,residential,3665224.1,22042842.0,1793067,Investor Owned,2024
6457,Florida Public Utilities Co,FL,residential,55947.0,310576.0,25560,Investor Owned,2024
6616,Fort Pierce Utilities Authority,FL,residential,32351.0,256414.0,24444,Municipal,2024
6909,Gainesville Regional Utilities,FL,residential,129307.3,869643.0,92968,Municipal,2024
7264,"Glades Electric Coop, Inc",FL,residential,31637.0,190738.0,14456,Cooperative,2024
7785,"Gulf Coast Electric Coop, Inc",FL,residential,44571.7,303810.0,21220,Cooperative,2024
8795,City of Homestead - (FL),FL,residential,49731.3,404627.0,26052,Municipal,2024
9616,Beaches Energy Services,FL,residential,54832.0,442908.0,30358,Municipal,2024
9617,JEA,FL,residential,748256.0,6021884.0,470564,Municipal,2024
10226,"Utility Board of the City of Key West, F",FL,residential,55404.0,394917.0,27264,Municipal,2024
10376,Kissimmee Utility Authority,FL,residential,141365.0,1069507.0,79281,Municipal,2024
10620,City of Lake Worth Beach - (FL),FL,residential,38018.9,301807.0,24475,Municipal,2024
10623,City of Lakeland - (FL),FL,residential,195448.0,1714227.0,121604,Municipal,2024
10857,"Lee County Electric Coop, Inc - (FL)",FL,residential,441966.2,3264831.0,231142,Cooperative,2024
10868,City of Leesburg - (FL),FL,residential,36733.8,284182.0,24482,Municipal,2024
13485,New Smyrna Beach City of,FL,residential,34872.0,319280.0,27879,Municipal,2024
13955,City of Ocala,FL,residential,68469.2,565310.0,45171,Municipal,2024
14606,"Peace River Electric Coop, Inc",FL,residential,100621.0,814932.0,57589,Cooperative,2024
14610,Orlando Utilities Comm,FL,residential,447347.4,2935918.0,248683,Municipal,2024
15776,Central Florida Tourism Oversight District,FL,residential,14.0,122.0,9,Municipal,2024
18304,"Sumter Electric Coop, Inc",FL,residential,367528.6,2808084.0,228855,Cooperative,2024
18360,Suwannee Valley Elec Coop Inc,FL,residential,51648.0,344357.0,25934,Cooperative,2024
18445,City of Tallahassee - (FL),FL,residential,161682.8,1189213.0,106946,Municipal,2024
18449,"Talquin Electric Coop, Inc",FL,residential,108056.2,727858.0,53881,Cooperative,2024
18454,Tampa Electric Co,FL,residential,1506555.8,10269013.0,757280,Investor Owned,2024
19161,"Tri-County Electric Coop, Inc (FL)",FL,residential,33198.3,188475.0,18028,Cooperative,2024
20371,"West Florida El Coop Assn, Inc",FL,residential,55465.0,339027.0,26357,Cooperative,2024
20885,Withlacoochee River Elec Coop,FL,residential,416094.5,3369193.0,229375,Cooperative,2024
31833,Okefenoke Rural El Member Corp,FL,residential,23803.6,170669.0,11088,Cooperative,2024
58124,City of Winter Park - (FL),FL,residential,26182.0,192053.0,12137,Municipal,2024
230,Albany Utility Board,GA,residential,44345.0,344628.0,29517,Municipal,2024
407,Altamaha Electric Member Corp,GA,residential,37983.5,236866.0,19628,Cooperative,2024
562,Amicalola Electric Member Corp,GA,residential,92851.8,748163.0,50337,Cooperative,2024
1891,Blue Ridge Mountain EMC - (GA),GA,residential,47854.0,341281.0,30599,Cooperative,2024
2487,City of Buford,GA,residential,5277.0,39567.0,2985,Municipal,2024
2812,City of Calhoun - (GA),GA,residential,7020.6,50099.0,4944,Municipal,2024
2903,Canoochee Electric Member Corp,GA,residential,45716.1,326992.0,24180,Cooperative,2024
3081,Carroll Electric Member Corp - (GA),GA,residential,102625.0,767238.0,53299,Cooperative,2024
3108,City of Cartersville - (GA),GA,residential,12657.8,86931.0,6711,Municipal,2024
3248,Central Georgia El Member Corp,GA,residential,114965.0,939245.0,61155,Cooperative,2024
3408,City of Chattanooga - (TN),GA,residential,18023.0,146590.0,10366,Municipal,2024
3475,City of Chickamauga,GA,residential,1398.0,10264.0,831,Municipal,2024
3843,Coastal Electric Member Corp - (GA),GA,residential,43271.0,310505.0,20559,Cooperative,2024
3916,Cobb Electric Membership Corp,GA,residential,309076.8,2709931.0,200601,Cooperative,2024
3939,City of College Park - (GA),GA,residential,9923.0,77270.0,7924,Municipal,2024
4432,Coweta-Fayette El Member Corp,GA,residential,157461.4,1229803.0,83001,Cooperative,2024
4433,City of Covington - (GA),GA,residential,23283.0,159780.0,12459,Municipal,2024
4538,Crisp County Power Comm,GA,residential,21172.7,145602.0,9206,Political Subdivision,2024
4744,Dalton Utilities,GA,residential,15788.0,156755.0,13482,Municipal,2024
5325,City of Douglas,GA,residential,5597.8,58084.0,4124,Municipal,2024
5582,City of East Point - (GA),GA,residential,19424.2,162306.0,16365,Municipal,2024
5905,Excelsior Electric Member Corp,GA,residential,45450.0,333979.0,23422,Cooperative,2024
6411,Flint Electric Membership Corp,GA,residential,171879.6,1267065.0,83739,Cooperative,2024
7090,GreyStone Power Corporation,GA,residential,241837.7,1979465.0,139028,Cooperative,2024
7140,Georgia Power Co,GA,residential,4509930.6,29113358.0,2452488,Investor Owned,2024
7450,Grady Electric Membership Corp,GA,residential,38617.3,260280.0,19283,Cooperative,2024
7679,City of Griffin - (GA),GA,residential,24211.7,161378.0,13594,Municipal,2024
7887,Habersham Electric Membership Corp,GA,residential,62308.3,444362.0,35011,Cooperative,2024
8210,Hart Electric Member Corp,GA,residential,54598.0,415155.0,30297,Cooperative,2024
8333,Haywood Electric Member Corp,GA,residential,630.0,3635.0,433,Cooperative,2024
9601,Jackson Electric Member Corp - (GA),GA,residential,395695.3,3476293.0,239558,Cooperative,2024
9689,Jefferson Electric Member Corp,GA,residential,60484.0,455869.0,34490,Cooperative,2024
10585,City of La Grange - (GA),GA,residential,18036.0,143475.0,12347,Municipal,2024
10624,Southern Rivers Energy,GA,residential,50769.0,309412.0,20411,Cooperative,2024
10800,City of Lawrenceville - (GA),GA,residential,17255.1,109381.0,10667,Municipal,2024
11646,City of Marietta - (GA),GA,residential,43110.7,361258.0,36273,Municipal,2024
12706,Mitchell Electric Member Corp,GA,residential,47853.8,298974.0,21293,Cooperative,2024
13547,"Newnan Wtr, Sewer & Light Comm",GA,residential,13189.0,99916.0,9209,Municipal,2024
13716,North Georgia Elec Member Corp,GA,residential,177226.0,1454917.0,90182,Cooperative,2024
13962,Oconee Electric Member Corp,GA,residential,23115.3,147116.0,10743,Cooperative,2024
14649,Planters Electric Member Corp,GA,residential,32351.0,222583.0,16385,Cooperative,2024
15700,Rayle Electric Membership Corp,GA,residential,31555.0,218845.0,16369,Cooperative,2024
16637,City of Sandersville - (GA),GA,residential,2929.7,26880.0,2234,Municipal,2024
16674,Satilla Rural Elec Member Corporation,GA,residential,104060.1,744068.0,54115,Cooperative,2024
16865,Sawnee Electric Membership Corporation,GA,residential,296924.7,2573235.0,181600,Cooperative,2024
17832,Snapping Shoals El Member Corp,GA,residential,201056.0,1625834.0,105253,Cooperative,2024
18305,Sumter Electric Member Corp,GA,residential,33043.4,233692.0,15049,Cooperative,2024
18397,City of Sylvania - (GA),GA,residential,2845.4,22086.0,1913,Municipal,2024
18499,Three Notch Elec Member Corp,GA,residential,25210.9,148849.0,13695,Cooperative,2024
18848,City of Thomasville - (GA),GA,residential,26285.9,193931.0,14025,Municipal,2024
18956,Tri-County Elec Member Corp (GA),GA,residential,44242.0,298324.0,21154,Cooperative,2024
19154,Tri-State Electric Member Corp,GA,residential,22572.0,160930.0,13123,Cooperative,2024
19219,Diverse Power Incorporated,GA,residential,79573.7,474979.0,31998,Cooperative,2024
20065,Walton Electric Member Corp,GA,residential,255174.7,1964784.0,131915,Cooperative,2024
20140,City of Washington - (GA),GA,residential,3110.7,19312.0,1856,Municipal,2024
20146,Washington Elec Member Corp,GA,residential,28160.4,191835.0,15200,Cooperative,2024
31833,Okefenoke Rural El Member Corp,GA,residential,54544.3,383096.0,27736,Cooperative,2024
40212,Colquitt Electric Membership Corp,GA,residential,120594.7,913680.0,65743,Cooperative,2024
8287,Hawaii Electric Light Co Inc,HI,residential,206725.6,427915.0,78386,Investor Owned,2024
10071,Kauai Island Utility Cooperative,HI,residential,79983.4,193728.0,30109,Cooperative,2024
11843,Maui Electric Co Ltd,HI,residential,159187.6,362096.0,61811,Investor Owned,2024
19547,Hawaiian Electric Co Inc,HI,residential,645375.5,1505403.0,276206,Investor Owned,2024
471,Amana Society Service Co,IA,residential,1061.0,6833.0,709,Investor Owned,2024
554,City of Ames - (IA),IA,residential,20680.5,170973.0,24979,Municipal,2024
2652,Butler County Rural Elec Coop - (IA),IA,residential,9793.6,63458.0,3898,Cooperative,2024
3203,Cedar Falls Utilities,IA,residential,17475.7,167715.0,17772,Municipal,2024
5588,East-Central Iowa Rural Elec Coop,IA,residential,15812.0,119049.0,7368,Cooperative,2024
5605,Eastern Iowa Light & Power Coop,IA,residential,38280.5,282368.0,20749,Cooperative,2024
6258,Federated Rural Electric Assn,IA,residential,98.0,829.0,53,Cooperative,2024
6782,Freeborn Mower Electric Cooperative,IA,residential,17.0,100.0,6,Cooperative,2024
8319,Heartland Power Coop,IA,residential,10111.4,79791.0,4351,Cooperative,2024
9230,City of Independence - (IA),IA,residential,2919.6,21131.0,2719,Municipal,2024
9417,Interstate Power and Light Co,IA,residential,639738.0,3573253.0,417153,Investor Owned,2024
9425,Iowa Lakes Electric Coop,IA,residential,23197.5,168339.0,9714,Cooperative,2024
11053,Linn County REC,IA,residential,44026.0,309400.0,30323,Cooperative,2024
11611,City of Maquoketa - (IA),IA,residential,3079.1,23411.0,2805,Municipal,2024
11788,Consumers Energy Coop - (IA),IA,residential,12702.0,84659.0,6922,Cooperative,2024
12341,MidAmerican Energy Co,IA,residential,661484.7,6006862.0,632436,Investor Owned,2024
12450,Midland Power Coop,IA,residential,27419.0,201590.0,11939,Cooperative,2024
12642,Maquoketa Valley Rrl Elec Coop,IA,residential,19314.4,140384.0,11051,Cooperative,2024
13143,Board of Water Electric & Communications,IA,residential,12394.2,98119.0,10123,Municipal,2024
15291,Prairie Energy Coop,IA,residential,7568.9,52787.0,3440,Cooperative,2024
15349,City of Preston,IA,residential,577.1,3749.0,521,Municipal,2024
16611,Access Energy Coop,IA,residential,16832.6,112566.0,8850,Cooperative,2024
17260,North West Rural Electric Coop,IA,residential,22965.9,247896.0,9400,Cooperative,2024
19157,MiEnergy Cooperative,IA,residential,11892.9,70345.0,6006,Cooperative,2024
6169,Fall River Rural Elec Coop Inc,ID,residential,23986.0,215953.0,15433,Cooperative,2024
8699,Inland Power & Light Company,ID,residential,3293.4,36933.0,2115,Cooperative,2024
9187,City of Idaho Falls - (ID),ID,residential,29714.7,321312.0,28142,Municipal,2024
9191,Idaho Power Co,ID,residential,679350.0,5777153.0,525751,Investor Owned,2024
10454,Kootenai Electric Cooperative,ID,residential,50310.0,412201.0,30378,Cooperative,2024
11273,Lower Valley Energy Inc,ID,residential,1518.0,20994.0,1636,Cooperative,2024
12692,"Missoula Electric Coop, Inc",ID,residential,69.4,694.0,46,Cooperative,2024
13758,"Northern Lights, Inc",ID,residential,27644.0,240558.0,18511,Cooperative,2024
14354,PacifiCorp,ID,residential,96864.6,800174.0,74170,Investor Owned,2024
16565,Salmon River Electric Coop Inc,ID,residential,3412.0,37927.0,2383,Cooperative,2024
19502,"United Electric Co-op, Inc - (ID)",ID,residential,7952.8,100760.0,5100,Cooperative,2024
20169,Avista Corp,ID,residential,157650.0,1356359.0,128226,Investor Owned,2024
22814,Raft Rural Elec Coop Inc,ID,residential,2288.0,24920.0,1391,Cooperative,2024
970,Homefield Energy,IL,residential,137052.5,1575796.0,163064,Retail Power Marketer,2024
1325,City of Batavia - (IL),IL,residential,12330.0,87561.0,10020,Municipal,2024
3931,Coles-Moultrie Electric Coop,IL,residential,19469.0,113570.0,8456,Cooperative,2024
4100,Just Energy Solutions Inc.,IL,residential,33901.6,312974.0,36786,Retail Power Marketer,2024
4110,Commonwealth Edison Co,IL,residential,3652389.4,20446776.0,2922223,Investor Owned,2024
4362,Corn Belt Energy Corporation,IL,residential,60011.3,380839.0,34710,Cooperative,2024
5535,Egyptian Electric Coop Assn,IL,residential,28817.4,185504.0,13707,Cooperative,2024
5585,Eastern Illinois Elec Coop,IL,residential,28218.0,165027.0,11115,Cooperative,2024
6458,Energy Harbor Corp.,IL,residential,120160.1,1339402.0,149006,Retail Power Marketer,2024
7096,City of Geneva- (IL),IL,residential,8886.0,80550.0,8691,Municipal,2024
7554,Green Mountain Energy Company,IL,residential,6396.3,50931.0,7910,Retail Power Marketer,2024
9750,"Jo-Carroll Energy, Inc",IL,residential,28977.0,146432.0,17227,Cooperative,2024
12341,MidAmerican Energy Co,IL,residential,62819.6,628574.0,73564,Investor Owned,2024
12395,Menard Electric Coop,IL,residential,19338.2,107126.0,9048,Cooperative,2024
13032,Mt Carmel Public Utility Co,IL,residential,8725.0,45617.0,4327,Investor Owned,2024
13208,City of Naperville - (IL),IL,residential,66567.1,512938.0,56117,Municipal,2024
13292,Norris Electric Coop,IL,residential,36904.0,244675.0,18074,Cooperative,2024
13374,"Constellation NewEnergy, Inc",IL,residential,197662.9,1966674.0,229490,Retail Power Marketer,2024
14840,City of Peru - (IL),IL,residential,4491.0,37429.0,4993,Municipal,2024
16179,Rochelle Municipal Utilities,IL,residential,6160.0,46606.0,5854,Municipal,2024
16196,Rock Energy Cooperative,IL,residential,12511.0,83600.0,9339,Cooperative,2024
16740,Scenic Rivers Energy Coop,IL,residential,18.5,139.0,12,Cooperative,2024
17040,"Shelby Electric Coop, Inc - (IL)",IL,residential,22822.4,122528.0,9871,Cooperative,2024
17585,"Southeastern IL Elec Coop, Inc",IL,residential,45231.0,312673.0,22731,Cooperative,2024
17697,Southwestern Electric Coop Inc - (IL),IL,residential,45817.6,334854.0,24822,Cooperative,2024
17710,"Spark Energy, LP",IL,residential,18955.0,98716.0,15356,Retail Power Marketer,2024
17828,City of Springfield - (IL),IL,residential,70964.8,593685.0,59621,Municipal,2024
17860,City of St Charles - (IL),IL,residential,17468.0,113684.0,14181,Municipal,2024
18955,"Tri-County Electric Coop, Inc (IL)",IL,residential,36852.6,229718.0,16197,Cooperative,2024
20222,Wayne-White Counties Elec Coop,IL,residential,24960.2,150579.0,11957,Cooperative,2024
54820,Direct Energy Services,IL,residential,32403.0,272756.0,35775,Retail Power Marketer,2024
55722,AEP Energy,IL,residential,3519.3,51097.0,5632,Retail Power Marketer,2024
55815,"IDT Energy, Inc.",IL,residential,10190.9,82468.0,13193,Retail Power Marketer,2024
55874,"Energy Services Providers, Inc",IL,residential,30574.0,224440.0,30192,Retail Power Marketer,2024
56212,"Ambit Energy Holdings, LLC",IL,residential,22458.7,201116.0,24490,Retail Power Marketer,2024
56265,Energy Plus Holdings LLC,IL,residential,5307.2,42761.0,6028,Retail Power Marketer,2024
56286,"Frontier Utilities, LLC",IL,residential,758.1,5249.0,820,Retail Power Marketer,2024
56379,"MC Squared Energy Services, LLC",IL,residential,155344.0,2289157.0,244008,Retail Power Marketer,2024
56504,Major Energy Electric Services,IL,residential,921.0,6931.0,1242,Retail Power Marketer,2024
56697,Ameren Illinois Company,IL,residential,1259712.4,5330247.0,520498,Investor Owned,2024
57037,Reliant Energy Northeast LLC,IL,residential,115415.0,1017353.0,129869,Retail Power Marketer,2024
57307,ENGIE Power & Gas LLC,IL,residential,309.7,2542.0,384,Retail Power Marketer,2024
57488,"XOOM Energy Illinois, LLC",IL,residential,9284.0,83803.0,11083,Retail Power Marketer,2024
58119,Public Power LLC (CT),IL,residential,1456.3,14017.0,2165,Retail Power Marketer,2024
58162,Viridian Energy PA LLC,IL,residential,3196.8,24036.0,3120,Retail Power Marketer,2024
58314,"Palmco Power IL, LLC",IL,residential,18759.7,106292.0,20713,Retail Power Marketer,2024
58667,"North American Power and Gas, LLC",IL,residential,1686.6,10534.0,1486,Retail Power Marketer,2024
58951,"CleanChoice Energy, Inc.",IL,residential,17466.1,147905.0,24315,Retail Power Marketer,2024
58952,Tomorrow Energy Corp.,IL,residential,3131.3,10489.0,1724,Retail Power Marketer,2024
58956,"SmartEnergy Holdings, LLC",IL,residential,24781.0,228332.0,35203,Retail Power Marketer,2024
58957,"Interstate Gas Supply, Inc.",IL,residential,17761.0,156059.0,21808,Retail Power Marketer,2024
58964,"Alpha Gas and Electric, LLC",IL,residential,1800.8,11534.0,2026,Retail Power Marketer,2024
58972,"Realgy, LLC",IL,residential,1823.2,18201.0,3467,Retail Power Marketer,2024
58974,Clearview Electric Inc.,IL,residential,10964.7,54565.0,7220,Retail Power Marketer,2024
59054,"Eligo Energy, LLC",IL,residential,6498.0,70889.0,9099,Retail Power Marketer,2024
59064,"Great American Power, LLC",IL,residential,1355.8,13105.0,1989,Retail Power Marketer,2024
59065,Titan Gas LLC,IL,residential,24.0,287.0,14,Retail Power Marketer,2024
59088,"Nordic Energy Services, LLC",IL,residential,9905.9,83191.0,11279,Retail Power Marketer,2024
59310,"Inspire Energy Holdings, LLC",IL,residential,8464.5,65044.0,8052,Retail Power Marketer,2024
59385,"Dynegy Energy Services, LLC",IL,residential,21677.5,323408.0,33305,Retail Power Marketer,2024
59797,Park Power LLC,IL,residential,512.1,2910.0,447,Retail Power Marketer,2024
59799,American Power & Gas,IL,residential,998.9,5973.0,730,Retail Power Marketer,2024
59807,"Rushmore Energy, LLC",IL,residential,5419.2,47072.0,8211,Retail Power Marketer,2024
59809,"Residents Energy, LLC",IL,residential,30759.1,214261.0,31062,Retail Power Marketer,2024
59810,Greenlight Energy Inc.,IL,residential,239.0,1776.0,287,Retail Power Marketer,2024
59811,Santanna Energy Services,IL,residential,4377.6,44414.0,5621,Retail Power Marketer,2024
59848,"ResCom Energy, LLC",IL,residential,1025.5,13140.0,2833,Retail Power Marketer,2024
59931,"MidAmerican Energy Services, LLC",IL,residential,3.0,28.0,1,Retail Power Marketer,2024
60218,MPower Energy NJ LLC,IL,residential,1504.3,8101.0,1951,Retail Power Marketer,2024
60583,Atlantic Energy LLC,IL,residential,618.7,5909.0,865,Retail Power Marketer,2024
60696,"Vista Energy Marketing, L.P.",IL,residential,14323.8,107160.0,15286,Retail Power Marketer,2024
61092,"Stream Energy Illinois, LLC",IL,residential,2482.0,20042.0,2989,Retail Power Marketer,2024
61367,South Bay Energy Corp.,IL,residential,76.0,592.0,107,Retail Power Marketer,2024
61922,"Pure Energy USA, LLC",IL,residential,1633.9,5993.0,1138,Retail Power Marketer,2024
62094,"SFE Energy Illinois, Inc.",IL,residential,323.9,3170.0,385,Retail Power Marketer,2024
63695,"RPA Energy, Inc.",IL,residential,5226.0,29551.0,5099,Retail Power Marketer,2024
64543,StateWise Energy Illinois LLC,IL,residential,6.2,106.0,45,Retail Power Marketer,2024
65310,Energywell LLC,IL,residential,1548.9,17557.0,2218,Retail Power Marketer,2024
66113,"EcoPlus Power, LLC",IL,residential,2068.5,28974.0,4803,Retail Power Marketer,2024
636,City of Anderson - (IN),IN,residential,38475.9,300134.0,29533,Municipal,2024
994,City of Auburn - (IN),IN,residential,5464.4,64148.0,6813,Municipal,2024
1283,Bartholomew County Rural E M C,IN,residential,22940.4,155960.0,11427,Cooperative,2024
1896,City of Bluffton - (IN),IN,residential,5023.0,48379.0,5007,Municipal,2024
4508,"Crawfordsville Elec, Lgt & Pwr",IN,residential,11550.6,84808.0,8615,Municipal,2024
4848,Daviess Martin County R E M C,IN,residential,18346.0,121109.0,7975,Cooperative,2024
4960,Decatur County Rural E M C,IN,residential,17960.6,113442.0,8088,Cooperative,2024
5394,Dubois Rural Electric Coop Inc,IN,residential,24189.0,168200.0,13419,Cooperative,2024
6707,City of Frankfort - (IN),IN,residential,8966.0,74481.0,7820,Municipal,2024
7627,City of Greenfield - (IN),IN,residential,14420.0,109792.0,11858,Municipal,2024
8000,NineStar Connect,IN,residential,41374.0,263797.0,17770,Cooperative,2024
8179,Harrison County Rural E M C,IN,residential,48864.1,351945.0,23221,Cooperative,2024
8447,Hendricks County Rural E M C,IN,residential,72234.4,522062.0,37638,Cooperative,2024
9273,AES Indiana,IN,residential,694095.2,5048596.0,469499,Investor Owned,2024
9324,Indiana Michigan Power Co,IN,residential,683413.4,4191016.0,422062,Investor Owned,2024
9576,Jackson County Rural E M C - (IN),IN,residential,55727.0,363693.0,24215,Cooperative,2024
9613,City of Lebanon - (IN),IN,residential,9591.2,76278.0,8076,Municipal,2024
9665,Jasper County Rural E M C,IN,residential,15658.4,102072.0,7745,Cooperative,2024
9667,City of Jasper - (IN),IN,residential,8002.2,71530.0,6568,Municipal,2024
9778,Johnson County Rural E M C,IN,residential,50787.7,368238.0,28279,Cooperative,2024
9999,Kankakee Valley Rural E M C,IN,residential,33202.9,218432.0,18994,Cooperative,2024
10448,Kosciusko County Rural E M C,IN,residential,24889.6,187587.0,17435,Cooperative,2024
11142,City of Logansport - (IN),IN,residential,11069.0,101243.0,11350,Municipal,2024
12377,Midwest Energy Cooperative - (MI),IN,residential,729.3,3806.0,310,Cooperative,2024
12674,City of Mishawaka,IN,residential,18613.7,180338.0,25071,Municipal,2024
12929,South Central Indiana REMC,IN,residential,79935.0,450962.0,34901,Cooperative,2024
13647,Noble County R E M C,IN,residential,17971.4,132778.0,10986,Cooperative,2024
13756,Northern Indiana Pub Serv Co,IN,residential,649930.9,3404882.0,430648,Investor Owned,2024
14599,"Paulding-Putman Elec Coop, Inc",IN,residential,7106.4,50892.0,3851,Cooperative,2024
14839,City of Peru - (IN),IN,residential,12168.0,88532.0,9062,Municipal,2024
15470,"Duke Energy Indiana, LLC",IN,residential,1149061.0,9014130.0,796265,Investor Owned,2024
15989,City of Richmond - (IN),IN,residential,23498.3,179056.0,16310,Municipal,2024
17038,RushShelby Energy,IN,residential,34432.0,203882.0,14761,Cooperative,2024
17599,Southeastern Indiana R E M C,IN,residential,54061.7,355150.0,26172,Cooperative,2024
17633,Southern Indiana Gas & Elec Co,IN,residential,249368.5,1423253.0,133795,Investor Owned,2024
18940,Tipmont Rural Elec Member Corp,IN,residential,53519.9,332963.0,28885,Cooperative,2024
19445,"Southern Indiana R E C, Inc",IN,residential,16381.0,104163.0,8936,Cooperative,2024
19667,Utilities Dist-Western IN REMC,IN,residential,38859.3,241346.0,18898,Cooperative,2024
20216,Whitewater Valley Rural EMC,IN,residential,25598.0,161691.0,11998,Cooperative,2024
20603,Northeastern Rural E M C,IN,residential,54890.0,366913.0,30610,Cooperative,2024
22822,Clark County Rural E M C - (IN),IN,residential,57146.4,390573.0,27103,Cooperative,2024
24753,Boone County Rural EMC,IN,residential,43497.0,263418.0,18371,Cooperative,2024
25295,Western Indiana Energy REMC,IN,residential,30415.4,211398.0,15017,Cooperative,2024
27599,Carroll-White REMC,IN,residential,28268.0,189289.0,14807,Cooperative,2024
59505,Heartland REMC,IN,residential,38024.0,258329.0,18013,Cooperative,2024
296,"Alfalfa Electric Coop, Inc",KS,residential,373.0,3583.0,205,Cooperative,2024
2774,CMS Electric Coop Inc,KS,residential,4896.8,26157.0,3198,Cooperative,2024
3355,City of Chanute,KS,residential,5622.0,43631.0,4556,Municipal,2024
3892,City of Coffeyville - (KS),KS,residential,5667.5,49147.0,4723,Municipal,2024
5860,Empire District Electric Co,KS,residential,13777.4,103256.0,8412,Investor Owned,2024
6941,City of Garden City,KS,residential,13693.0,86418.0,10449,Municipal,2024
9996,City of Kansas City - (KS),KS,residential,87905.0,572473.0,61475,Municipal,2024
10000,Evergy Metro,KS,residential,374727.3,2854073.0,244555,Investor Owned,2024
10005,"Evergy Kansas South, Inc",KS,residential,453478.9,3181627.0,302508,Investor Owned,2024
10019,FreeState Electric Coop,KS,residential,36491.0,222322.0,17514,Cooperative,2024
12208,City of McPherson - (KS),KS,residential,8264.7,91983.0,7432,Municipal,2024
12524,Midwest Energy Inc - (KS),KS,residential,36288.3,317121.0,29832,Cooperative,2024
13799,Prairie Land Electric Coop Inc,KS,residential,18782.2,131438.0,13273,Cooperative,2024
15073,"Pioneer Electric Coop, Inc - (KS)",KS,residential,6967.0,62283.0,5031,Cooperative,2024
19160,"Tri-County Electric Coop, Inc (OK)",KS,residential,1354.0,8342.0,1079,Cooperative,2024
19820,Victory Electric Coop Assn Inc,KS,residential,17211.0,145060.0,14243,Cooperative,2024
20476,Western Coop Electric Assn Inc,KS,residential,8498.3,59961.0,5799,Cooperative,2024
20510,"Wheatland Electric Coop, Inc",KS,residential,29574.0,211767.0,20118,Cooperative,2024
20813,City of Winfield - (KS),KS,residential,8510.0,61557.0,6284,Municipal,2024
22500,"Evergy Kansas Central, Inc",KS,residential,495679.0,3468990.0,341806,Investor Owned,2024
60839,Southern Pioneer Electric Company,KS,residential,18669.0,117680.0,12602,Cooperative,2024
1582,City of Benton - (KY),KY,residential,3315.0,23554.0,1889,Municipal,2024
1708,Big Sandy Rural Elec Coop Corp,KY,residential,20742.0,151557.0,11574,Cooperative,2024
1886,Blue Grass Energy Coop Corp,KY,residential,104665.0,849399.0,60641,Cooperative,2024
2056,City of Bowling Green - (KY),KY,residential,33332.0,290316.0,27181,Municipal,2024
3687,Clark Energy Coop Inc - (KY),KY,residential,43579.0,328940.0,26203,Cooperative,2024
4622,"Cumberland Valley Electric, Inc.",KY,residential,37629.0,292418.0,22478,Cooperative,2024
6194,Farmers Rural Electric Coop Corp - (KY),KY,residential,40733.0,311377.0,24889,Cooperative,2024
6442,Fleming-Mason Energy Coop Inc,KY,residential,37395.0,286661.0,23666,Cooperative,2024
6708,City of Frankfort - (KY),KY,residential,23295.0,207471.0,17200,Municipal,2024
6718,City of Franklin - (KY),KY,residential,7074.0,54766.0,4561,Municipal,2024
6840,City of Fulton - (KY),KY,residential,1855.0,13639.0,1188,Municipal,2024
7174,Gibson Electric Members Corp,KY,residential,4716.0,35374.0,2527,Cooperative,2024
7270,City of Glasgow - (KY),KY,residential,8744.0,64990.0,5644,Municipal,2024
7558,Grayson Rural Electric Coop Corp,KY,residential,26427.0,164405.0,14429,Cooperative,2024
8449,Henderson City Utility Comm,KY,residential,12587.1,116150.0,10320,Municipal,2024
8548,City of Hickman,KY,residential,1352.0,9328.0,821,Municipal,2024
8846,City of Hopkinsville,KY,residential,14675.0,117129.0,9832,Municipal,2024
9292,Inter County Energy Coop Corp - (KY),KY,residential,48126.0,350346.0,26655,Cooperative,2024
9575,Jackson Energy Coop Corp - (KY),KY,residential,90862.4,665206.0,49423,Cooperative,2024
9605,Jackson Purchase Energy Corporation,KY,residential,53021.5,338928.0,23979,Cooperative,2024
9697,City of Jellico,KY,residential,2975.0,22691.0,1763,Municipal,2024
9964,Kenergy Corp,KY,residential,101538.0,670042.0,47292,Cooperative,2024
10171,Kentucky Utilities Co,KY,residential,702923.8,5933106.0,450673,Investor Owned,2024
11011,Licking Valley Rural E C C,KY,residential,25852.0,186865.0,16805,Cooperative,2024
11249,Louisville Gas & Electric Co,KY,residential,516693.0,4206876.0,384902,Investor Owned,2024
11488,Madisonville Municipal Utils,KY,residential,8725.0,74710.0,6919,Municipal,2024
11871,City of Mayfield Plant Board,KY,residential,6079.0,45463.0,4348,Municipal,2024
12243,Meade County Rural E C C,KY,residential,48783.4,341836.0,29248,Cooperative,2024
13138,City of Murray - (KY),KY,residential,8520.0,64202.0,6163,Municipal,2024
13651,Nolin Rural Electric Coop Corp,KY,residential,64182.0,490715.0,35855,Cooperative,2024
14251,Owen Electric Coop Inc,KY,residential,106790.0,851113.0,63984,Cooperative,2024
14268,City of Owensboro - (KY),KY,residential,28818.6,214670.0,23286,Municipal,2024
14371,City of Paducah - (KY),KY,residential,31394.9,201834.0,18863,Municipal,2024
14724,Pennyrile Rural Electric Coop,KY,residential,76104.0,578172.0,40645,Cooperative,2024
16459,City of Russellville - (KY),KY,residential,4465.0,37234.0,3092,Municipal,2024
16587,Salt River Electric Coop Corp,KY,residential,83823.1,770315.0,53479,Cooperative,2024
17044,"Shelby Energy Coop, Inc - (KY)",KY,residential,32654.0,247143.0,17437,Cooperative,2024
17564,South Kentucky Rural E C C,KY,residential,101187.0,783246.0,64877,Cooperative,2024
18498,Taylor County Rural E C C,KY,residential,40131.0,302324.0,24985,Cooperative,2024
19162,Tri-County Elec Member Corp (TN),KY,residential,35384.0,282614.0,20529,Cooperative,2024
19446,Duke Energy Kentucky,KY,residential,199940.5,1487303.0,139405,Investor Owned,2024
20130,Warren Rural Elec Coop Corp,KY,residential,110154.0,919314.0,60701,Cooperative,2024
20377,West Kentucky Rural E C C,KY,residential,59888.0,445087.0,32062,Cooperative,2024
22053,Kentucky Power Co,KY,residential,279998.0,1858160.0,130852,Investor Owned,2024
49998,City of Berea Municipal Utility,KY,residential,5205.5,57571.0,4722,Municipal,2024
298,City of Alexandria - (LA),LA,residential,30931.1,278634.0,19541,Municipal,2024
1458,"Beauregard Electric Coop, Inc",LA,residential,81907.0,598074.0,40051,Cooperative,2024
3265,Cleco Power LLC,LA,residential,453519.0,3677934.0,251927,Investor Owned,2024
3641,"Claiborne Electric Coop, Inc",LA,residential,37725.2,290221.0,21438,Cooperative,2024
4153,"Concordia Electric Coop, Inc",LA,residential,18072.4,135274.0,11879,Cooperative,2024
5202,Dixie Electric Membership Corp - (LA),LA,residential,209018.0,1754509.0,110675,Cooperative,2024
8884,Terrebonne Parish Consol Gov't,LA,residential,18759.0,174885.0,11218,Municipal,2024
9096,City of Lafayette - (LA),LA,residential,86739.0,856774.0,59961,Municipal,2024
9682,"Jefferson Davis Elec Coop, Inc",LA,residential,18456.0,131371.0,9127,Cooperative,2024
11241,Entergy Louisiana LLC,LA,residential,1554400.0,14061790.0,957522,Investor Owned,2024
13228,City of Natchitoches,LA,residential,8072.4,87226.0,7234,Municipal,2024
13478,"Entergy New Orleans, LLC",LA,residential,306672.6,2353677.0,188178,Investor Owned,2024
13783,Northeast Louisiana Power Coop Inc.,LA,residential,20534.0,192625.0,11543,Cooperative,2024
14424,"Panola-Harrison Elec Coop, Inc",LA,residential,11184.1,126519.0,8459,Cooperative,2024
15175,Pointe Coupee Elec Member Corp,LA,residential,15905.0,118482.0,8255,Cooperative,2024
16463,City of Ruston - (LA),LA,residential,6141.0,108531.0,9900,Municipal,2024
17565,South Louisiana Elec Coop Assn,LA,residential,34782.0,258112.0,16997,Cooperative,2024
17684,Southwest Louisiana E M C,LA,residential,206788.1,1789693.0,108368,Cooperative,2024
17698,Southwestern Electric Power Co,LA,residential,360692.7,2679887.0,207011,Investor Owned,2024
21567,"Washington-St Tammany E C, Inc",LA,residential,93583.0,789798.0,50901,Cooperative,2024
2144,Town of Braintree - (MA),MA,residential,18800.0,119085.0,14039,Municipal,2024
3477,City of Chicopee - (MA),MA,residential,31462.1,194636.0,23218,Municipal,2024
5480,Town of Danvers,MA,residential,15865.4,96468.0,11594,Municipal,2024
6374,Fitchburg Gas & Elec Light Co,MA,residential,39335.8,37272.0,6168,Investor Owned,2024
7279,"NextEra Energy Services, LLC",MA,residential,156091.1,1106248.0,145990,Retail Power Marketer,2024
7554,Green Mountain Energy Company,MA,residential,1773.0,8883.0,1382,Retail Power Marketer,2024
8774,City of Holyoke - (MA),MA,residential,17929.0,108136.0,15040,Municipal,2024
8973,Town of Hudson - (MA),MA,residential,13981.7,104445.0,11448,Municipal,2024
9949,Just Energy,MA,residential,72.0,544.0,100,Retail Power Marketer,2024
11085,Town of Littleton - (MA),MA,residential,9699.6,68711.0,6738,Municipal,2024
11586,Town of Mansfield - (MA),MA,residential,12398.7,81769.0,9399,Municipal,2024
11804,Massachusetts Electric Co,MA,residential,1833608.7,3110674.0,526437,Investor Owned,2024
12473,Town of Middleborough - (MA),MA,residential,22393.6,141406.0,14884,Municipal,2024
13206,Nantucket Electric Co,MA,residential,26889.7,19871.0,2055,Investor Owned,2024
13374,"Constellation NewEnergy, Inc",MA,residential,302149.2,1949741.0,291382,Retail Power Marketer,2024
13679,Town of North Attleborough - (MA),MA,residential,18329.5,115237.0,12607,Municipal,2024
13839,City of Norwood - (MA),MA,residential,15915.8,90086.0,13601,Municipal,2024
14605,City of Peabody - (MA),MA,residential,30371.2,193326.0,22546,Municipal,2024
15748,Town of Reading - (MA),MA,residential,41138.6,259395.0,27405,Municipal,2024
17127,Town of Shrewsbury - (MA),MA,residential,19669.0,137811.0,15713,Municipal,2024
18488,City of Taunton,MA,residential,57189.0,266446.0,35684,Municipal,2024
20310,Town of Wellesley - (MA),MA,residential,17933.1,110693.0,9437,Municipal,2024
20481,City of Westfield - (MA),MA,residential,22857.0,129962.0,16200,Municipal,2024
54820,Direct Energy Services,MA,residential,571935.9,3776829.0,498718,Retail Power Marketer,2024
54913,NSTAR Electric Company,MA,residential,1568609.0,2107270.0,383373,Investor Owned,2024
55874,"Energy Services Providers, Inc",MA,residential,5090.9,24744.0,4129,Retail Power Marketer,2024
56212,"Ambit Energy Holdings, LLC",MA,residential,8236.0,41276.0,6282,Retail Power Marketer,2024
56265,Energy Plus Holdings LLC,MA,residential,1531.3,7430.0,1222,Retail Power Marketer,2024
56504,Major Energy Electric Services,MA,residential,7886.0,42522.0,6382,Retail Power Marketer,2024
57037,Reliant Energy Northeast LLC,MA,residential,65016.0,353881.0,53585,Retail Power Marketer,2024
57489,"XOOM Energy Massachusetts, LLC",MA,residential,5216.0,31087.0,4805,Retail Power Marketer,2024
58119,Public Power LLC (CT),MA,residential,2311.1,15992.0,1985,Retail Power Marketer,2024
58161,Viridian Energy LLC,MA,residential,10577.5,49179.0,7589,Retail Power Marketer,2024
58747,"Provider Power MASS, LLC",MA,residential,13811.0,60311.0,7469,Retail Power Marketer,2024
58951,"CleanChoice Energy, Inc.",MA,residential,42009.3,198226.0,36276,Retail Power Marketer,2024
58956,"SmartEnergy Holdings, LLC",MA,residential,19559.0,111259.0,18349,Retail Power Marketer,2024
58964,"Alpha Gas and Electric, LLC",MA,residential,2364.4,12004.0,2122,Retail Power Marketer,2024
58974,Clearview Electric Inc.,MA,residential,31951.9,207121.0,23822,Retail Power Marketer,2024
59054,"Eligo Energy, LLC",MA,residential,34.6,230.0,26,Retail Power Marketer,2024
59059,Town Square Energy,MA,residential,20462.2,135184.0,16268,Retail Power Marketer,2024
59065,Titan Gas LLC,MA,residential,11887.2,64947.0,9543,Retail Power Marketer,2024
59088,"Nordic Energy Services, LLC",MA,residential,5718.3,27626.0,5904,Retail Power Marketer,2024
59310,"Inspire Energy Holdings, LLC",MA,residential,90452.4,454530.0,63980,Retail Power Marketer,2024
59313,"Palmco Power MA, LLC",MA,residential,7873.7,30853.0,7016,Retail Power Marketer,2024
59385,"Dynegy Energy Services, LLC",MA,residential,225775.2,1584702.0,189517,Retail Power Marketer,2024
59620,Verde Energy USA,MA,residential,6721.0,28909.0,5239,Retail Power Marketer,2024
59734,"SFE Energy Massachusetts, Inc.",MA,residential,5689.0,33679.0,6435,Retail Power Marketer,2024
59793,"First Point Power, LLC",MA,residential,167851.5,1219680.0,162849,Retail Power Marketer,2024
59809,"Residents Energy, LLC",MA,residential,20987.3,107963.0,18268,Retail Power Marketer,2024
59931,"MidAmerican Energy Services, LLC",MA,residential,23.8,151.0,16,Retail Power Marketer,2024
59993,Discount Power Inc - (CT),MA,residential,7497.8,28219.0,4663,Retail Power Marketer,2024
60583,Atlantic Energy LLC,MA,residential,8439.4,26373.0,4814,Retail Power Marketer,2024
61059,"Renaissance Power & Gas, Inc.",MA,residential,4447.9,30190.0,4828,Retail Power Marketer,2024
61200,"Summer Energy Northeast, LLC",MA,residential,465.0,893.0,174,Retail Power Marketer,2024
63232,"National Gas & Electric, LLC",MA,residential,10778.2,53722.0,8269,Retail Power Marketer,2024
65310,Energywell LLC,MA,residential,6094.1,40593.0,5108,Retail Power Marketer,2024
84,A & N Electric Coop,MD,residential,304.8,2226.0,253,Cooperative,2024
113,"Agway Energy Services, LLC",MD,residential,2.5,22.0,2,Retail Power Marketer,2024
1167,Baltimore Gas & Electric Co,MD,residential,2044045.8,10693909.0,1025745,Investor Owned,2024
3503,"Choptank Electric Cooperative, Inc",MD,residential,111393.4,676954.0,50697,Cooperative,2024
4100,Just Energy Solutions Inc.,MD,residential,24420.5,182204.0,17230,Retail Power Marketer,2024
5027,Delmarva Power,MD,residential,409046.7,1947292.0,172008,Investor Owned,2024
5625,Easton Utilities Comm,MD,residential,14012.7,107317.0,8590,Municipal,2024
6458,Energy Harbor Corp.,MD,residential,2988.7,29816.0,2208,Retail Power Marketer,2024
7279,"NextEra Energy Services, LLC",MD,residential,96.4,925.0,61,Retail Power Marketer,2024
7554,Green Mountain Energy Company,MD,residential,2942.0,19197.0,1873,Retail Power Marketer,2024
7908,Hagerstown Light Department,MD,residential,12852.0,165448.0,15099,Municipal,2024
13374,"Constellation NewEnergy, Inc",MD,residential,91658.0,811484.0,68033,Retail Power Marketer,2024
15263,The Potomac Edison Company,MD,residential,441676.4,3135474.0,240570,Investor Owned,2024
15270,Potomac Electric Power Co,MD,residential,1030379.1,4834631.0,485483,Investor Owned,2024
17637,Southern Maryland Elec Coop Inc,MD,residential,324671.7,2178191.0,158375,Cooperative,2024
17710,"Spark Energy, LP",MD,residential,2733.0,16732.0,1754,Retail Power Marketer,2024
20659,"WGL Energy Services, Inc.",MD,residential,28848.0,260066.0,27043,Retail Power Marketer,2024
54820,Direct Energy Services,MD,residential,27536.6,220015.0,19359,Retail Power Marketer,2024
55722,AEP Energy,MD,residential,4236.2,41168.0,2781,Retail Power Marketer,2024
55815,"IDT Energy, Inc.",MD,residential,10044.8,57771.0,8215,Retail Power Marketer,2024
55874,"Energy Services Providers, Inc",MD,residential,7726.7,48435.0,5083,Retail Power Marketer,2024
56212,"Ambit Energy Holdings, LLC",MD,residential,8930.5,59634.0,5298,Retail Power Marketer,2024
56265,Energy Plus Holdings LLC,MD,residential,2704.7,16857.0,1626,Retail Power Marketer,2024
56504,Major Energy Electric Services,MD,residential,3839.0,24822.0,2836,Retail Power Marketer,2024
56571,AP Holdings LLC,MD,residential,454.4,3193.0,343,Retail Power Marketer,2024
56876,"Stream Energy Maryland, LLC",MD,residential,4905.0,31048.0,2852,Retail Power Marketer,2024
57037,Reliant Energy Northeast LLC,MD,residential,26396.0,172600.0,16099,Retail Power Marketer,2024
57185,"Palmco Power MD, LLC",MD,residential,4825.0,21605.0,3776,Retail Power Marketer,2024
57307,ENGIE Power & Gas LLC,MD,residential,215.1,1167.0,122,Retail Power Marketer,2024
57490,"XOOM Energy Maryland, LLC",MD,residential,10914.0,73804.0,7165,Retail Power Marketer,2024
58116,"Public Power & Utility of Maryland, LLC",MD,residential,1705.2,15357.0,2697,Retail Power Marketer,2024
58162,Viridian Energy PA LLC,MD,residential,2820.6,17086.0,1654,Retail Power Marketer,2024
58667,"North American Power and Gas, LLC",MD,residential,2186.0,13442.0,1138,Retail Power Marketer,2024
58951,"CleanChoice Energy, Inc.",MD,residential,30840.3,184544.0,20822,Retail Power Marketer,2024
58952,Tomorrow Energy Corp.,MD,residential,4187.3,21697.0,2755,Retail Power Marketer,2024
58956,"SmartEnergy Holdings, LLC",MD,residential,751.7,6718.0,2657,Retail Power Marketer,2024
58957,"Interstate Gas Supply, Inc.",MD,residential,1357.0,11077.0,1312,Retail Power Marketer,2024
58964,"Alpha Gas and Electric, LLC",MD,residential,615.4,3838.0,492,Retail Power Marketer,2024
58973,"Town Square Energy East, LLC",MD,residential,74.3,543.0,53,Retail Power Marketer,2024
58974,Clearview Electric Inc.,MD,residential,2401.2,12618.0,1258,Retail Power Marketer,2024
59054,"Eligo Energy, LLC",MD,residential,2578.5,14175.0,1439,Retail Power Marketer,2024
59062,"Horizon Power and Light, LLC",MD,residential,1151.4,6746.0,577,Retail Power Marketer,2024
59064,"Great American Power, LLC",MD,residential,329.2,2594.0,595,Retail Power Marketer,2024
59065,Titan Gas LLC,MD,residential,5641.2,35178.0,3438,Retail Power Marketer,2024
59084,"SFE Energy Maryland, Inc.",MD,residential,7373.8,61846.0,6585,Retail Power Marketer,2024
59088,"Nordic Energy Services, LLC",MD,residential,962.8,6757.0,1157,Retail Power Marketer,2024
59310,"Inspire Energy Holdings, LLC",MD,residential,41728.6,269764.0,25372,Retail Power Marketer,2024
59410,"Shipley Choice, LLC",MD,residential,350.8,2502.0,213,Retail Power Marketer,2024
59797,Park Power LLC,MD,residential,1043.0,5561.0,717,Retail Power Marketer,2024
59799,American Power & Gas,MD,residential,2004.0,11614.0,900,Retail Power Marketer,2024
59807,"Rushmore Energy, LLC",MD,residential,1084.2,9182.0,1013,Retail Power Marketer,2024
59810,Greenlight Energy Inc.,MD,residential,1749.0,12797.0,1247,Retail Power Marketer,2024
59812,New Wave Energy Corporation,MD,residential,5.9,43.0,6,Retail Power Marketer,2024
59931,"MidAmerican Energy Services, LLC",MD,residential,194.5,2757.0,219,Retail Power Marketer,2024
59993,Discount Power Inc - (CT),MD,residential,594.6,3051.0,295,Retail Power Marketer,2024
60124,Spring Energy RRH LLC,MD,residential,2708.0,16807.0,2534,Retail Power Marketer,2024
60218,MPower Energy NJ LLC,MD,residential,6521.0,35262.0,5857,Retail Power Marketer,2024
60583,Atlantic Energy LLC,MD,residential,1748.0,9876.0,1133,Retail Power Marketer,2024
62148,Powervine Energy,MD,residential,429.8,3206.0,577,Retail Power Marketer,2024
62154,StateWise Energy Maryland LLC,MD,residential,1962.9,17921.0,1758,Retail Power Marketer,2024
63168,Median Energy Corp.,MD,residential,1505.8,8474.0,1276,Retail Power Marketer,2024
63232,"National Gas & Electric, LLC",MD,residential,1592.5,12270.0,1075,Retail Power Marketer,2024
63695,"RPA Energy, Inc.",MD,residential,894.0,4703.0,729,Retail Power Marketer,2024
65310,Energywell LLC,MD,residential,1544.7,13876.0,1276,Retail Power Marketer,2024
1179,Versant Power,ME,residential,228840.2,791328.0,130632,Investor Owned,2024
3266,Central Maine Power Co,ME,residential,864098.0,3471992.0,519295,Investor Owned,2024
5609,Eastern Maine Electric Coop,ME,residential,11130.9,65257.0,10803,Cooperative,2024
8883,Houlton Water Company,ME,residential,4123.6,34513.0,3907,Municipal,2024
11477,Town of Madison - (ME),ME,residential,2949.0,19455.0,2413,Municipal,2024
56212,"Ambit Energy Holdings, LLC",ME,residential,3178.1,20312.0,3044,Retail Power Marketer,2024
56504,Major Energy Electric Services,ME,residential,4901.0,33752.0,3972,Retail Power Marketer,2024
58085,"Electricity Maine, LLC",ME,residential,15240.0,90850.0,17749,Retail Power Marketer,2024
58158,FairPoint Energy LLC,ME,residential,3245.8,15679.0,3424,Retail Power Marketer,2024
58196,"C. N. Brown Electricity, LLC",ME,residential,4587.7,36289.0,4843,Retail Power Marketer,2024
58630,"XOOM Energy Maine, LLC",ME,residential,6251.0,47016.0,5370,Retail Power Marketer,2024
58667,"North American Power and Gas, LLC",ME,residential,2226.2,14697.0,2195,Retail Power Marketer,2024
58956,"SmartEnergy Holdings, LLC",ME,residential,20211.0,121979.0,17539,Retail Power Marketer,2024
58974,Clearview Electric Inc.,ME,residential,640.8,2692.0,642,Retail Power Marketer,2024
59059,Town Square Energy,ME,residential,1797.5,12190.0,1680,Retail Power Marketer,2024
59793,"First Point Power, LLC",ME,residential,2189.3,20065.0,2995,Retail Power Marketer,2024
65310,Energywell LLC,ME,residential,3182.9,24466.0,3553,Retail Power Marketer,2024
305,Alger-Delta Coop Electric Assn,MI,residential,11995.9,51600.0,9817,Cooperative,2024
392,Alpena Power Co,MI,residential,15157.9,86989.0,13763,Investor Owned,2024
1196,Village of Baraga - (MI),MI,residential,424.7,2772.0,555,Municipal,2024
1366,City of Bay City - (MI),MI,residential,19124.1,124579.0,18028,Municipal,2024
3436,Cherryland Electric Coop Inc,MI,residential,46240.3,282656.0,35100,Cooperative,2024
3828,Cloverland Electric Co-op,MI,residential,40335.8,280674.0,36086,Cooperative,2024
3915,Coldwater Board of Public Util,MI,residential,6548.4,44059.0,6393,Municipal,2024
4254,Consumers Energy Co - (MI),MI,residential,2387568.9,12495282.0,1657843,Investor Owned,2024
4604,City of Crystal Falls,MI,residential,1385.9,7342.0,1330,Municipal,2024
5109,DTE Electric Company,MI,residential,3045496.8,15131396.0,2067758,Investor Owned,2024
7265,City of Gladstone,MI,residential,2328.2,14910.0,2339,Municipal,2024
7483,City of Grand Haven - (MI),MI,residential,12967.1,87946.0,13231,Municipal,2024
8723,City of Holland,MI,residential,21598.3,184987.0,26608,Municipal,2024
9324,Indiana Michigan Power Co,MI,residential,188749.7,1109966.0,112600,Investor Owned,2024
10508,Village of L'Anse - (MI),MI,residential,799.6,4753.0,946,Municipal,2024
10704,City of Lansing - (MI),MI,residential,106606.0,538955.0,87301,Municipal,2024
11701,City of Marquette - (MI),MI,residential,15550.0,91673.0,15036,Municipal,2024
12377,Midwest Energy Cooperative - (MI),MI,residential,65082.9,326871.0,29283,Cooperative,2024
13352,City of Negaunee,MI,residential,2400.9,11056.0,1978,Municipal,2024
13780,Northern States Power Co,MI,residential,7726.4,52715.0,7579,Investor Owned,2024
13826,City of Norway,MI,residential,2211.1,12961.0,1995,Municipal,2024
15340,Presque Isle Elec & Gas Coop,MI,residential,36570.0,174203.0,32446,Cooperative,2024
18252,City of Sturgis - (MI),MI,residential,7027.5,47785.0,6117,Municipal,2024
19125,City of Traverse City - (MI),MI,residential,7621.0,60013.0,9161,Municipal,2024
19396,Tri-County Electric Coop (MI),MI,residential,39547.8,219213.0,23034,Cooperative,2024
19578,Upper Peninsula Power Company,MI,residential,67142.0,242922.0,47660,Investor Owned,2024
21048,Wyandotte Municipal Serv Comm,MI,residential,12576.1,77238.0,11730,Municipal,2024
21158,City of Zeeland - (MI),MI,residential,4856.8,47975.0,6037,Municipal,2024
38084,Great Lakes Energy Coop,MI,residential,169510.9,884220.0,120645,Cooperative,2024
60631,Upper Michigan Energy Resources Corp.,MI,residential,33033.3,223869.0,33252,Investor Owned,2024
155,Agralite Electric Coop,MN,residential,9568.0,68617.0,4333,Cooperative,2024
295,City of Alexandria - (MN),MN,residential,8900.4,76955.0,8758,Municipal,2024
689,Connexus Energy,MN,residential,169726.7,1242625.0,134095,Cooperative,2024
691,City of Anoka,MN,residential,12100.0,76211.0,11646,Municipal,2024
1009,City of Austin - (MN),MN,residential,11901.0,77564.0,10795,Municipal,2024
1529,"Beltrami Electric Coop, Inc",MN,residential,39669.0,275547.0,20732,Cooperative,2024
1884,BENCO Electric Cooperative,MN,residential,31200.0,207600.0,18361,Cooperative,2024
2138,Brainerd Public Utilities,MN,residential,6342.9,52218.0,6956,Municipal,2024
3400,City of Chaska - (MN),MN,residential,13849.6,85049.0,10954,Municipal,2024
4577,Crow Wing Cooperative Power & Light Comp,MN,residential,57820.2,433747.0,44698,Cooperative,2024
5574,East Central Energy,MN,residential,91815.0,543737.0,55250,Cooperative,2024
5773,City of Elk River,MN,residential,16337.0,103231.0,11776,Municipal,2024
6258,Federated Rural Electric Assn,MN,residential,9725.0,83557.0,5727,Cooperative,2024
6782,Freeborn Mower Electric Cooperative,MN,residential,27510.0,181574.0,17842,Cooperative,2024
7292,Glencoe Light & Power Comm,MN,residential,2344.0,20983.0,2585,Municipal,2024
8319,Heartland Power Coop,MN,residential,117.0,964.0,38,Cooperative,2024
9130,Hutchinson Utilities Comm,MN,residential,6041.0,54495.0,6653,Municipal,2024
9475,Itasca-Mantrap Co-op Electrical Assn,MN,residential,16406.6,122108.0,11200,Cooperative,2024
10596,City of Lake Crystal - (MN),MN,residential,1676.0,7993.0,1070,Municipal,2024
10618,Lake Region Electric Cooperative - (MN),MN,residential,43164.9,325139.0,27239,Cooperative,2024
10697,Lake Country Power,MN,residential,84024.3,469478.0,47204,Cooperative,2024
11731,City of Marshall - (MN),MN,residential,5773.5,59549.0,5857,Municipal,2024
12227,Meeker Coop Light & Power Assn,MN,residential,19357.7,137382.0,8572,Cooperative,2024
12546,Mille Lacs Energy Cooperative,MN,residential,21446.7,121995.0,14546,Cooperative,2024
12647,"ALLETE, Inc.",MN,residential,154078.7,983680.0,125896,Investor Owned,2024
12651,Minnesota Valley Electric Coop,MN,residential,69003.0,493660.0,43412,Cooperative,2024
12894,City of Moorhead - (MN),MN,residential,20247.8,177935.0,18180,Municipal,2024
13781,Northern States Power Co - Minnesota,MN,residential,1473375.3,8676639.0,1230057,Investor Owned,2024
13815,Northwestern Wisconsin Elec Co,MN,residential,67.5,467.0,88,Investor Owned,2024
14232,Otter Tail Power Co,MN,residential,57431.9,506692.0,50118,Investor Owned,2024
14246,City of Owatonna - (MN),MN,residential,13222.7,86579.0,11434,Municipal,2024
14468,People's Cooperative Services,MN,residential,37899.0,226998.0,21665,Cooperative,2024
16181,Rochester Public Utilities,MN,residential,66161.6,369451.0,54943,Municipal,2024
16368,Runestone Electric Assn,MN,residential,27624.0,192378.0,14282,Cooperative,2024
16971,Shakopee Public Utilities Comm,MN,residential,21575.0,138811.0,18517,Municipal,2024
17267,Sioux Valley SW Elec Coop,MN,residential,10165.8,80620.0,3370,Cooperative,2024
17550,South Central Electric Assn,MN,residential,11375.0,74853.0,4665,Cooperative,2024
18019,Stearns Cooperative Elec Assn,MN,residential,52381.8,377521.0,26138,Cooperative,2024
18047,Steele-Waseca Cooperative Electric,MN,residential,18893.9,120886.0,10725,Cooperative,2024
19157,MiEnergy Cooperative,MN,residential,28174.0,170128.0,15224,Cooperative,2024
20639,"Wild Rice Electric Coop, Inc",MN,residential,28119.0,196012.0,13948,Cooperative,2024
20737,Willmar Municipal Utilities,MN,residential,8341.0,68300.0,8662,Municipal,2024
20996,Wright-Hennepin Coop Elec Assn,MN,residential,84339.7,578061.0,53714,Cooperative,2024
21013,City of Worthington - (MN),MN,residential,4230.2,35013.0,4662,Municipal,2024
25177,Dakota Electric Association,MN,residential,130042.0,929091.0,108097,Cooperative,2024
40304,Minnesota Valley Coop L&P Assn,MN,residential,14738.4,120612.0,4931,Cooperative,2024
1775,Black River Electric Coop - (MO),MO,residential,36664.0,286283.0,21575,Cooperative,2024
2001,Boone Electric Coop,MO,residential,57566.0,429513.0,33806,Cooperative,2024
3093,Carroll Electric Coop Corp - (AR),MO,residential,16589.0,130620.0,12109,Cooperative,2024
3113,City of Carthage - (MO),MO,residential,11087.0,78868.0,7106,Municipal,2024
3268,Central Missouri Elec Coop Inc,MO,residential,22833.0,182465.0,11167,Cooperative,2024
3600,Citizens Electric Corporation - (MO),MO,residential,44849.3,292472.0,24826,Cooperative,2024
3712,Clay County Electric Coop Corp - (AR),MO,residential,72.9,500.0,48,Cooperative,2024
4045,City of Columbia - (MO),MO,residential,59891.0,429787.0,45651,Municipal,2024
4063,Co-Mo Electric Coop Inc,MO,residential,60709.0,399938.0,31119,Cooperative,2024
4160,Callaway Electric Cooperative,MO,residential,28509.4,175061.0,12647,Cooperative,2024
4237,Consolidated Electric Coop,MO,residential,15022.0,115909.0,7649,Cooperative,2024
4524,"Crawford Electric Coop, Inc",MO,residential,33542.0,262433.0,19775,Cooperative,2024
4675,Cuivre River Electric Coop Inc,MO,residential,122727.7,1108303.0,72974,Cooperative,2024
5860,Empire District Electric Co,MO,residential,258851.0,1727154.0,142537,Investor Owned,2024
6181,"Farmers Electric Coop, Inc - (MO)",MO,residential,21636.1,162047.0,12451,Cooperative,2024
6205,City of Farmington - (MO),MO,residential,9495.8,92950.0,7250,Municipal,2024
7024,Gascosage Electric Coop,MO,residential,16576.0,134800.0,9253,Cooperative,2024
8055,City of Hannibal - (MO),MO,residential,10012.0,77552.0,7639,Municipal,2024
8934,"Howell-Oregon Elec Coop, Inc",MO,residential,37817.1,301522.0,23101,Cooperative,2024
9231,City of Independence - (MO),MO,residential,85546.2,543440.0,53832,Municipal,2024
9331,Intercounty Electric Coop Assn - (MO),MO,residential,55773.0,428730.0,29956,Cooperative,2024
10000,Evergy Metro,MO,residential,359634.1,2621084.0,273860,Investor Owned,2024
10370,City of Kirkwood - (MO),MO,residential,13781.0,96003.0,9084,Municipal,2024
10603,"Laclede Electric Coop, Inc",MO,residential,59859.0,510467.0,35026,Cooperative,2024
10832,City of Lebanon - (MO),MO,residential,7991.0,79919.0,6066,Municipal,2024
11463,Macon Electric Coop,MO,residential,18137.6,122370.0,10023,Cooperative,2024
12698,Evergy Missouri West,MO,residential,449877.9,3584586.0,305583,Investor Owned,2024
12700,Missouri Rural Electric Coop,MO,residential,8961.0,65800.0,5049,Cooperative,2024
12782,City of Monett - (MO),MO,residential,6348.1,46509.0,4118,Municipal,2024
13520,"New-Mac Electric Coop, Inc",MO,residential,38474.0,304731.0,19445,Cooperative,2024
14192,Osage Valley Elec Coop Assn,MO,residential,35338.0,252446.0,16945,Cooperative,2024
14285,Ozark Border Electric Coop,MO,residential,59792.0,512979.0,33229,Cooperative,2024
14288,Ozark Electric Coop Inc - (MO),MO,residential,60423.5,429321.0,31534,Cooperative,2024
15138,"Platte-Clay Electric Coop, Inc",MO,residential,44605.0,357865.0,23584,Cooperative,2024
15229,City of Poplar Bluff - (MO),MO,residential,12815.0,114590.0,7715,Municipal,2024
16259,City of Rolla - (MO),MO,residential,10603.0,99848.0,8132,Municipal,2024
16751,Three Rivers Electric Coop,MO,residential,37775.1,302838.0,22561,Cooperative,2024
16805,SEMO Electric Cooperative,MO,residential,22140.4,173149.0,10783,Cooperative,2024
17177,City of Sikeston - (MO),MO,residential,11219.3,113575.0,7058,Municipal,2024
17833,City Utilities of Springfield - (MO),MO,residential,120995.5,1055318.0,105029,Municipal,2024
19436,Union Electric Co - (MO),MO,residential,1633293.9,13001145.0,1095619,Investor Owned,2024
20318,Webster Electric Coop,MO,residential,31031.9,304392.0,18820,Cooperative,2024
20363,West Central Electric Coop Inc - (MO),MO,residential,31922.3,259946.0,15280,Cooperative,2024
20574,White River Valley El Coop Inc,MO,residential,69622.0,486769.0,39216,Cooperative,2024
27238,"Southwest Electric Coop, Inc",MO,residential,61699.0,514552.0,41386,Cooperative,2024
55,City of Aberdeen - (MS),MS,residential,4211.0,34239.0,2592,Municipal,2024
276,Alcorn County Elec Power Assn,MS,residential,27784.0,214981.0,14965,Cooperative,2024
571,City of Amory,MS,residential,4410.0,37764.0,2822,Municipal,2024
2849,Central Electric Power Assn - (MS),MS,residential,57602.0,471500.0,30905,Cooperative,2024
3841,Coast Electric Power Assn - (MS),MS,residential,169730.0,1229148.0,82510,Cooperative,2024
4068,City of Columbus - (MS),MS,residential,14495.0,120690.0,8842,Municipal,2024
5175,Dixie Electric Power Assn - (MS),MS,residential,73397.8,546187.0,37803,Cooperative,2024
5578,East Mississippi Elec Pwr Assn,MS,residential,18042.0,126541.0,9885,Cooperative,2024
6641,4-County Electric Power Assn,MS,residential,77017.0,597902.0,41076,Cooperative,2024
7651,Greenwood Utilities Comm,MS,residential,10489.7,93069.0,7204,Municipal,2024
8748,City of Holly Springs,MS,residential,10673.0,87102.0,9399,Municipal,2024
11247,Louisville Electric System,MS,residential,3323.0,30518.0,2444,Municipal,2024
11458,City of Macon - (MS),MS,residential,1444.0,11140.0,892,Municipal,2024
11519,Magnolia Electric Power Assn,MS,residential,61427.0,409501.0,31070,Cooperative,2024
12685,Entergy Mississippi LLC,MS,residential,724601.0,5483701.0,384611,Investor Owned,2024
12686,Mississippi Power Co,MS,residential,303566.0,2097472.0,157437,Investor Owned,2024
13227,Natchez Trace Elec Power Assn,MS,residential,21763.0,170086.0,12611,Cooperative,2024
13412,City of New Albany - (MS),MS,residential,14009.0,113112.0,8157,Municipal,2024
13735,Northcentral Mississippi E P A,MS,residential,53251.0,425370.0,29136,Cooperative,2024
14078,City of Okolona,MS,residential,7593.0,59217.0,4289,Municipal,2024
14275,City of Oxford - (MS),MS,residential,10880.0,93616.0,8502,Municipal,2024
14563,Pearl River Valley El Pwr Assn,MS,residential,106666.5,748470.0,52077,Cooperative,2024
14947,City of Philadelphia - (MS),MS,residential,4357.0,37115.0,2667,Municipal,2024
15211,Pontotoc Electric Power Assn,MS,residential,31356.0,240818.0,16377,Cooperative,2024
15334,Prentiss County Elec Pwr Assn,MS,residential,16867.0,155357.0,10999,Cooperative,2024
17252,Singing River Elec Cooperative,MS,residential,140826.6,1046069.0,72343,Cooperative,2024
17647,Southern Pine Electric Cooperative,MS,residential,127681.9,911422.0,65176,Cooperative,2024
17683,Southwest Mississippi E P A,MS,residential,40677.4,270673.0,23153,Cooperative,2024
18006,City of Starkville,MS,residential,15748.0,130418.0,12632,Municipal,2024
18447,Tallahatchie Valley E P A,MS,residential,35092.0,282764.0,21493,Cooperative,2024
18943,Tippah Electric Power Assn,MS,residential,16810.0,127767.0,10521,Cooperative,2024
18951,Tishomingo County E P A,MS,residential,18677.0,146516.0,10943,Cooperative,2024
19007,Tombigbee Electric Power Assn,MS,residential,69551.0,568801.0,37296,Cooperative,2024
19273,City of Tupelo - (MS),MS,residential,15357.0,139489.0,10620,Municipal,2024
20176,City of Water Valley - (MS),MS,residential,2489.0,19682.0,1522,Municipal,2024
20394,City of West Point - (MS),MS,residential,4220.0,34496.0,2978,Municipal,2024
21114,Yazoo Valley Elec Power Assn,MS,residential,19666.8,120429.0,9488,Cooperative,2024
22815,Delta Electric Power Assn,MS,residential,33712.1,245090.0,20460,Cooperative,2024
40302,North East Mississippi EPA,MS,residential,43475.0,324599.0,26142,Cooperative,2024
40303,Monroe County Elec Power Assn,MS,residential,20739.0,165572.0,10170,Cooperative,2024
6169,Fall River Rural Elec Coop Inc,MT,residential,2066.0,18145.0,1508,Cooperative,2024
6395,Flathead Electric Coop Inc,MT,residential,88257.1,913035.0,63317,Cooperative,2024
11272,"Lower Yellowstone R E A, Inc",MT,residential,4387.4,49660.0,3499,Cooperative,2024
12087,McKenzie Electric Coop Inc,MT,residential,34.8,404.0,25,Cooperative,2024
12199,Montana-Dakota Utilities Co,MT,residential,23050.0,178873.0,19616,Investor Owned,2024
12692,"Missoula Electric Coop, Inc",MT,residential,19910.6,189571.0,14686,Cooperative,2024
12825,NorthWestern Energy LLC - (MT),MT,residential,398459.3,2800513.0,328125,Investor Owned,2024
13758,"Northern Lights, Inc",MT,residential,6426.0,51332.0,3985,Cooperative,2024
19156,Powder River Energy Corp,MT,residential,66.6,525.0,52,Cooperative,2024
19545,"Black Hills Power, Inc.",MT,residential,8.7,125.0,12,Investor Owned,2024
19603,USBIA-Mission Valley Power,MT,residential,22859.0,256616.0,16292,Federal,2024
20169,Avista Corp,MT,residential,17.0,200.0,9,Investor Owned,2024
20997,Yellowstone Valley Elec Co-op,MT,residential,30655.0,229678.0,21182,Cooperative,2024
21513,"Fergus Electric Coop, Inc",MT,residential,9967.0,64241.0,6682,Cooperative,2024
232,City of Albemarle - (NC),NC,residential,15540.1,143278.0,11248,Municipal,2024
240,Albemarle Electric Member Corp,NC,residential,27083.0,187141.0,12728,Cooperative,2024
719,Town of Apex- (NC),NC,residential,33459.0,318140.0,29289,Municipal,2024
1889,Blue Ridge Elec Member Corp - (NC),NC,residential,109395.0,749928.0,71926,Cooperative,2024
1891,Blue Ridge Mountain EMC - (GA),NC,residential,24692.0,175796.0,15879,Cooperative,2024
2212,"Broad River Electric Coop, Inc",NC,residential,990.4,6340.0,482,Cooperative,2024
3046,Duke Energy Progress - (NC),NC,residential,2544963.1,16374479.0,1356079,Investor Owned,2024
3107,Carteret-Craven El Member Corp,NC,residential,57043.6,469633.0,38858,Cooperative,2024
3250,Central Electric Membership Corp. - (NC),NC,residential,48766.4,340189.0,22071,Cooperative,2024
4150,City of Concord - (NC),NC,residential,42312.6,357228.0,29857,Municipal,2024
5416,"Duke Energy Carolinas, LLC",NC,residential,3159208.3,22664575.0,1919372,Investor Owned,2024
5656,Edgecombe-Martin County E M C,NC,residential,23470.4,146098.0,10716,Cooperative,2024
5760,City of Elizabeth City - (NC),NC,residential,17876.0,152058.0,11366,Municipal,2024
6235,Fayetteville Public Works Commission,NC,residential,108073.0,885025.0,75987,Municipal,2024
6640,Four County Elec Member Corp,NC,residential,64259.4,459787.0,30807,Cooperative,2024
6784,French Broad Elec Member Corp,NC,residential,49621.6,335747.0,36147,Cooperative,2024
7027,City of Gastonia - (NC),NC,residential,35706.5,288003.0,27008,Municipal,2024
7639,Greenville Utilities Comm,NC,residential,93792.4,783492.0,65731,Municipal,2024
8333,Haywood Electric Member Corp,NC,residential,46758.0,281601.0,29078,Cooperative,2024
8571,Town of High Point,NC,residential,46800.3,402417.0,38079,Municipal,2024
9087,Town of Huntersville - (NC),NC,residential,11545.9,95224.0,8080,Municipal,2024
9837,Jones-Onslow Elec Member Corp,NC,residential,135231.7,1032935.0,79690,Cooperative,2024
10345,City of Kinston - (NC),NC,residential,16727.6,127937.0,10042,Municipal,2024
10966,City of Lexington - (NC),NC,residential,27754.6,236225.0,18053,Municipal,2024
11291,Lumbee River Elec Member Corp,NC,residential,129687.0,1012516.0,64396,Cooperative,2024
11318,City of Lumberton - (NC),NC,residential,13589.0,98229.0,9983,Municipal,2024
12260,Mecklenburg Electric Cooperative,NC,residential,244.5,1698.0,135,Cooperative,2024
12801,City of Monroe - (NC),NC,residential,14970.0,121868.0,10543,Municipal,2024
12944,City of Morganton - (NC),NC,residential,8012.0,75066.0,7055,Municipal,2024
13027,"Mountain Electric Coop, Inc",NC,residential,21452.0,171496.0,15491,Cooperative,2024
13416,City of New Bern - (NC),NC,residential,32903.7,260174.0,21226,Municipal,2024
13482,New River Light & Power Co,NC,residential,7752.0,62263.0,7247,State,2024
14717,Pee Dee Electric Member Corp,NC,residential,39343.5,266304.0,19396,Cooperative,2024
15023,Piedmont Electric Member Corp,NC,residential,65034.5,416987.0,30334,Cooperative,2024
15671,Randolph Electric Member Corp,NC,residential,60855.3,382556.0,31086,Cooperative,2024
16101,Roanoke Electric Member Corp,NC,residential,34743.0,164384.0,12049,Cooperative,2024
16226,City of Rocky Mount - (NC),NC,residential,37085.0,304444.0,25407,Municipal,2024
16496,Rutherford Elec Member Corp,NC,residential,124293.0,946790.0,70743,Cooperative,2024
17572,South River Elec Member Corp,NC,residential,91755.0,689832.0,45730,Cooperative,2024
18022,City of Statesville - (NC),NC,residential,15148.0,129403.0,12120,Municipal,2024
18339,Surry-Yadkin Elec Member Corp,NC,residential,55836.0,347700.0,28080,Cooperative,2024
18466,Town of Tarboro - (NC),NC,residential,8426.0,62151.0,5592,Municipal,2024
18957,Tri-County Elec Member Corp (NC),NC,residential,42799.5,335449.0,22523,Cooperative,2024
19108,Tideland Electric Member Corp,NC,residential,38901.0,240406.0,21551,Cooperative,2024
19154,Tri-State Electric Member Corp,NC,residential,2255.0,15366.0,1571,Cooperative,2024
19435,Union Electric Membership Corp - (NC),NC,residential,166989.0,1249017.0,84602,Cooperative,2024
19876,Virginia Electric & Power Co,NC,residential,218116.4,1565435.0,108656,Investor Owned,2024
19981,Wake Electric Membership Corp,NC,residential,95341.2,710186.0,53268,Cooperative,2024
20142,City of Washington - (NC),NC,residential,17933.7,137861.0,11547,Municipal,2024
20785,City of Wilson - (NC),NC,residential,50589.3,416897.0,32078,Municipal,2024
21002,York Electric Coop Inc,NC,residential,31.0,251.0,15,Cooperative,2024
21632,EnergyUnited Elec Member Corp,NC,residential,200670.0,1739084.0,121995,Cooperative,2024
24889,Brunswick Electric Member Corp,NC,residential,165648.0,1212351.0,105562,Cooperative,2024
40441,Town of Murphy - (NC),NC,residential,6149.0,47863.0,3685,Municipal,2024
2394,Burke-Divide Electric Coop Inc,ND,residential,3130.0,39715.0,1789,Cooperative,2024
2985,"Capital Electric Coop, Inc",ND,residential,29185.8,237167.0,19530,Cooperative,2024
4717,Dakota Valley Elec Coop Inc,ND,residential,14650.3,121970.0,5721,Cooperative,2024
11272,"Lower Yellowstone R E A, Inc",ND,residential,1139.6,12734.0,799,Cooperative,2024
12087,McKenzie Electric Coop Inc,ND,residential,8665.9,110229.0,5382,Cooperative,2024
12090,"McLean Electric Coop, Inc",ND,residential,7800.0,54734.0,3711,Cooperative,2024
12199,Montana-Dakota Utilities Co,ND,residential,89896.0,767257.0,79354,Investor Owned,2024
12301,Nodak Electric Coop Inc,ND,residential,43918.0,363665.0,20803,Cooperative,2024
13196,Northern Plains Electric Coop,ND,residential,24261.0,227714.0,10393,Cooperative,2024
13694,"North Central Elec Coop, Inc - (ND)",ND,residential,14691.5,134786.0,6061,Cooperative,2024
13781,Northern States Power Co - Minnesota,ND,residential,88553.0,731084.0,82987,Investor Owned,2024
14232,Otter Tail Power Co,ND,residential,63354.1,556789.0,45467,Investor Owned,2024
17261,Slope Electric Coop Inc,ND,residential,5981.0,43295.0,3204,Cooperative,2024
19790,Verendrye Electric Coop Inc,ND,residential,23590.2,220422.0,14336,Cooperative,2024
20413,Mountrail-Williams Elec Coop,ND,residential,14090.4,194599.0,11405,Cooperative,2024
24949,Cass County Elec Coop Inc,ND,residential,76658.0,615863.0,51968,Cooperative,2024
55959,Roughrider Electric Cooperativ,ND,residential,16734.0,163427.0,11183,Cooperative,2024
2643,Butler Public Power District - (NE),NE,residential,7292.0,65668.0,4774,Political Subdivision,2024
3205,Cedar-Knox Public Power Dist,NE,residential,7787.6,92243.0,5556,Political Subdivision,2024
4373,Cornhusker Public Power Dist,NE,residential,13804.8,127295.0,7385,Political Subdivision,2024
4671,Custer Public Power District,NE,residential,9426.4,74178.0,4707,Political Subdivision,2024
4911,Dawson Power District,NE,residential,27989.2,245306.0,16080,Political Subdivision,2024
5780,Elkhorn Rural Public Pwr Dist,NE,residential,9923.0,105401.0,6146,Political Subdivision,2024
6779,City of Fremont - (NE),NE,residential,17296.1,144541.0,14077,Municipal,2024
8245,City of Hastings - (NE),NE,residential,12582.0,111145.0,11611,Municipal,2024
8570,Highline Electric Assn,NE,residential,1148.3,8116.0,752,Cooperative,2024
10967,City of Lexington - (NE),NE,residential,5499.2,54961.0,3815,Municipal,2024
11018,Lincoln Electric System,NE,residential,141987.4,1307690.0,134912,Municipal,2024
11251,Loup River Public Power Dist,NE,residential,25351.0,239409.0,16292,Political Subdivision,2024
12539,Midwest Electric Member Corp - (NE),NE,residential,4127.7,34285.0,2389,Cooperative,2024
13337,Nebraska Public Power District,NE,residential,88105.0,828834.0,73650,Political Subdivision,2024
13664,Norris Public Power District,NE,residential,32191.5,334982.0,18387,Political Subdivision,2024
13725,City of North Platte,NE,residential,13376.0,117701.0,11906,Municipal,2024
13739,Northeast Power,NE,residential,10682.0,109811.0,6846,Political Subdivision,2024
14127,Omaha Public Power District,NE,residential,476086.0,3852495.0,362918,Political Subdivision,2024
17548,South Central Public Pwr Dist,NE,residential,5910.6,61945.0,3777,Political Subdivision,2024
17577,City of South Sioux City,NE,residential,6289.4,48767.0,5217,Municipal,2024
17642,Southern Public Power District,NE,residential,21776.1,236324.0,15215,Political Subdivision,2024
17692,Southwest Public Power Dist,NE,residential,3486.3,34326.0,2186,Political Subdivision,2024
21111,Perennial Public Power Dist,NE,residential,7342.7,75351.0,4142,Political Subdivision,2024
27058,"High West Energy, Inc",NE,residential,2687.5,18309.0,1752,Cooperative,2024
40606,City of Grand Island - (NE),NE,residential,23868.0,218313.0,22799,Municipal,2024
13441,New Hampshire Elec Coop Inc,NH,residential,121456.4,503499.0,72772,Cooperative,2024
15472,Public Service Co of NH,NH,residential,639307.7,2013245.0,279131,Investor Owned,2024
24590,Unitil Energy Systems,NH,residential,91714.4,292866.0,39656,Investor Owned,2024
26510,Liberty Utilities (Granite State Electri,NH,residential,58147.0,193863.0,24689,Investor Owned,2024
54820,Direct Energy Services,NH,residential,68173.6,524817.0,60246,Retail Power Marketer,2024
56212,"Ambit Energy Holdings, LLC",NH,residential,1582.5,10356.0,1423,Retail Power Marketer,2024
58086,"Electricity NH, LLC",NH,residential,19237.0,122975.0,15091,Retail Power Marketer,2024
58158,FairPoint Energy LLC,NH,residential,2539.4,13642.0,2213,Retail Power Marketer,2024
58633,"XOOM Energy New Hampshire, LLC",NH,residential,1053.0,7456.0,1008,Retail Power Marketer,2024
58667,"North American Power and Gas, LLC",NH,residential,15762.8,96567.0,13154,Retail Power Marketer,2024
58956,"SmartEnergy Holdings, LLC",NH,residential,11324.0,73242.0,11072,Retail Power Marketer,2024
58974,Clearview Electric Inc.,NH,residential,1018.6,3670.0,794,Retail Power Marketer,2024
59059,Town Square Energy,NH,residential,4930.0,33288.0,4601,Retail Power Marketer,2024
59065,Titan Gas LLC,NH,residential,912.3,6930.0,1204,Retail Power Marketer,2024
59793,"First Point Power, LLC",NH,residential,8176.7,79577.0,11136,Retail Power Marketer,2024
61200,"Summer Energy Northeast, LLC",NH,residential,8.0,16.0,17,Retail Power Marketer,2024
65310,Energywell LLC,NH,residential,3220.8,25449.0,2702,Retail Power Marketer,2024
65649,Community Power Coalition of NH,NH,residential,62411.0,716822.0,104562,Community Choice Aggregator,2024
963,Atlantic City Electric Co,NJ,residential,867991.5,3587649.0,472020,Investor Owned,2024
4100,Just Energy Solutions Inc.,NJ,residential,1375.5,8624.0,953,Retail Power Marketer,2024
6458,Energy Harbor Corp.,NJ,residential,327.9,3161.0,313,Retail Power Marketer,2024
7279,"NextEra Energy Services, LLC",NJ,residential,591.5,3443.0,311,Retail Power Marketer,2024
7554,Green Mountain Energy Company,NJ,residential,915.3,5248.0,659,Retail Power Marketer,2024
9726,Jersey Central Power & Lt Co,NJ,residential,1467511.1,9161728.0,964802,Investor Owned,2024
13374,"Constellation NewEnergy, Inc",NJ,residential,6105.1,51421.0,5262,Retail Power Marketer,2024
15477,Public Service Elec & Gas Co,NJ,residential,2754545.0,13348755.0,1966950,Investor Owned,2024
16213,Rockland Electric Co,NJ,residential,152000.0,708844.0,63679,Investor Owned,2024
19126,"TriEagle Energy, L.P.",NJ,residential,615.1,4316.0,342,Retail Power Marketer,2024
19856,City of Vineland - (NJ),NJ,residential,37399.4,209692.0,22774,Municipal,2024
54820,Direct Energy Services,NJ,residential,18770.9,130025.0,18448,Retail Power Marketer,2024
55722,AEP Energy,NJ,residential,42.2,339.0,18,Retail Power Marketer,2024
55815,"IDT Energy, Inc.",NJ,residential,12423.0,104463.0,11278,Retail Power Marketer,2024
55874,"Energy Services Providers, Inc",NJ,residential,2537.6,14920.0,2904,Retail Power Marketer,2024
56212,"Ambit Energy Holdings, LLC",NJ,residential,8882.0,57920.0,5962,Retail Power Marketer,2024
56265,Energy Plus Holdings LLC,NJ,residential,5442.3,29633.0,3654,Retail Power Marketer,2024
56286,"Frontier Utilities, LLC",NJ,residential,821.8,4646.0,495,Retail Power Marketer,2024
56501,"Palmco Power NJ, LLC",NJ,residential,6851.2,30144.0,7102,Retail Power Marketer,2024
56571,AP Holdings LLC,NJ,residential,248.8,1294.0,224,Retail Power Marketer,2024
57037,Reliant Energy Northeast LLC,NJ,residential,19149.0,120757.0,13872,Retail Power Marketer,2024
57074,"Stream Energy New Jersey, LLC",NJ,residential,8028.0,43487.0,5307,Retail Power Marketer,2024
57307,ENGIE Power & Gas LLC,NJ,residential,759.1,3686.0,432,Retail Power Marketer,2024
57491,"XOOM Energy New Jersey, LLC",NJ,residential,3261.0,19367.0,2300,Retail Power Marketer,2024
58162,Viridian Energy PA LLC,NJ,residential,10559.1,61283.0,6908,Retail Power Marketer,2024
58663,Respond Power LLC,NJ,residential,2668.0,15586.0,3118,Retail Power Marketer,2024
58667,"North American Power and Gas, LLC",NJ,residential,6926.6,41084.0,4140,Retail Power Marketer,2024
58951,"CleanChoice Energy, Inc.",NJ,residential,15536.0,72614.0,11117,Retail Power Marketer,2024
58952,Tomorrow Energy Corp.,NJ,residential,3032.2,12754.0,2166,Retail Power Marketer,2024
58956,"SmartEnergy Holdings, LLC",NJ,residential,25733.6,126579.0,22956,Retail Power Marketer,2024
58964,"Alpha Gas and Electric, LLC",NJ,residential,919.2,5287.0,901,Retail Power Marketer,2024
58966,Marathon Power LLC,NJ,residential,58.7,378.0,90,Retail Power Marketer,2024
58973,"Town Square Energy East, LLC",NJ,residential,134.8,984.0,137,Retail Power Marketer,2024
58974,Clearview Electric Inc.,NJ,residential,3811.8,17460.0,2197,Retail Power Marketer,2024
58978,"Harborside Energy, LLC",NJ,residential,313.4,1446.0,246,Retail Power Marketer,2024
59054,"Eligo Energy, LLC",NJ,residential,1113.9,7706.0,666,Retail Power Marketer,2024
59055,"Choice Energy, LLC",NJ,residential,1177.7,6040.0,808,Retail Power Marketer,2024
59065,Titan Gas LLC,NJ,residential,832.4,5470.0,731,Retail Power Marketer,2024
59085,"SFE Energy NJ, Inc.",NJ,residential,2751.8,20000.0,2767,Retail Power Marketer,2024
59088,"Nordic Energy Services, LLC",NJ,residential,488.1,3141.0,576,Retail Power Marketer,2024
59310,"Inspire Energy Holdings, LLC",NJ,residential,38164.2,189513.0,26530,Retail Power Marketer,2024
59620,Verde Energy USA,NJ,residential,11565.0,49022.0,6530,Retail Power Marketer,2024
59793,"First Point Power, LLC",NJ,residential,1.1,6.0,1,Retail Power Marketer,2024
59799,American Power & Gas,NJ,residential,3041.1,15213.0,1593,Retail Power Marketer,2024
59807,"Rushmore Energy, LLC",NJ,residential,748.6,5121.0,824,Retail Power Marketer,2024
59809,"Residents Energy, LLC",NJ,residential,4790.0,27624.0,4303,Retail Power Marketer,2024
59810,Greenlight Energy Inc.,NJ,residential,187.0,984.0,183,Retail Power Marketer,2024
59812,New Wave Energy Corporation,NJ,residential,189.5,1486.0,135,Retail Power Marketer,2024
59993,Discount Power Inc - (CT),NJ,residential,966.5,4487.0,757,Retail Power Marketer,2024
60124,Spring Energy RRH LLC,NJ,residential,2127.0,13726.0,2331,Retail Power Marketer,2024
60218,MPower Energy NJ LLC,NJ,residential,3311.6,16972.0,3505,Retail Power Marketer,2024
60583,Atlantic Energy LLC,NJ,residential,1609.6,5636.0,1065,Retail Power Marketer,2024
60696,"Vista Energy Marketing, L.P.",NJ,residential,139.1,673.0,134,Retail Power Marketer,2024
61367,South Bay Energy Corp.,NJ,residential,1580.0,7948.0,1195,Retail Power Marketer,2024
61920,"All American Power and Gas, LLC",NJ,residential,292.6,814.0,123,Retail Power Marketer,2024
61922,"Pure Energy USA, LLC",NJ,residential,3260.8,9466.0,1482,Retail Power Marketer,2024
61972,"SunSea Energy, LLC",NJ,residential,2361.0,8869.0,1871,Retail Power Marketer,2024
62156,"Power UP Energy, LLC",NJ,residential,255.7,713.0,38,Retail Power Marketer,2024
63122,"Approved Energy II, LLC",NJ,residential,4.2,39.0,2,Retail Power Marketer,2024
63168,Median Energy Corp.,NJ,residential,3219.3,15217.0,2335,Retail Power Marketer,2024
63232,"National Gas & Electric, LLC",NJ,residential,1574.3,8472.0,1278,Retail Power Marketer,2024
63695,"RPA Energy, Inc.",NJ,residential,1254.8,4614.0,976,Retail Power Marketer,2024
65310,Energywell LLC,NJ,residential,1594.5,15085.0,1263,Retail Power Marketer,2024
65335,Pay Less Energy LLC,NJ,residential,107.3,461.0,92,Retail Power Marketer,2024
66113,"EcoPlus Power, LLC",NJ,residential,225.4,2618.0,400,Retail Power Marketer,2024
66118,Spartacus Energy Services LLC,NJ,residential,0.5,3.0,6,Retail Power Marketer,2024
66678,Polaris Power Services LLC,NJ,residential,88.4,886.0,39,Retail Power Marketer,2024
3273,"Central New Mexico El Coop, Inc",NM,residential,23048.0,134301.0,19126,Cooperative,2024
3287,"Central Valley Elec Coop, Inc",NM,residential,7730.9,86800.0,6150,Cooperative,2024
4265,Continental Divide El Coop Inc,NM,residential,23992.0,149779.0,20415,Cooperative,2024
5701,El Paso Electric Co,NM,residential,85468.0,841142.0,94760,Investor Owned,2024
6198,"Farmers Electric Coop, Inc - (NM)",NM,residential,13199.7,102596.0,10258,Cooperative,2024
6204,City of Farmington - (NM),NM,residential,35708.0,281427.0,35990,Municipal,2024
9699,"Jemez Mountains Elec Coop, Inc",NM,residential,30086.8,195881.0,28093,Cooperative,2024
10378,"Kit Carson Electric Coop, Inc",NM,residential,28030.7,154183.0,26097,Cooperative,2024
10817,"Lea County Electric Coop, Inc - (NM)",NM,residential,9864.0,97978.0,7217,Cooperative,2024
11204,Los Alamos County,NM,residential,8687.9,61406.0,7742,Municipal,2024
13314,Navajo Tribal Utility Authority,NM,residential,10016.0,60590.0,9834,State,2024
13318,"Navopache Electric Coop, Inc",NM,residential,1211.0,8107.0,1493,Cooperative,2024
14224,Otero County Electric Coop Inc,NM,residential,20000.0,113297.0,16448,Cooperative,2024
15473,Public Service Co of NM,NM,residential,528978.3,3397273.0,492945,Investor Owned,2024
16057,"Rio Grande Electric Coop, Inc",NM,residential,326.6,1785.0,232,Cooperative,2024
17715,Southwestern Electric Coop Inc - (NM),NM,residential,2283.1,9478.0,1434,Cooperative,2024
17718,Southwestern Public Service Co,NM,residential,143947.6,1201772.0,100540,Investor Owned,2024
17826,"Springer Electric Coop, Inc",NM,residential,2854.0,15017.0,2453,Cooperative,2024
19160,"Tri-County Electric Coop, Inc (OK)",NM,residential,1.9,5.0,3,Cooperative,2024
22690,Roosevelt County Elec Coop Inc,NM,residential,5916.0,49024.0,3918,Cooperative,2024
2008,City of Boulder City - (NV),NV,residential,11007.0,106104.0,7145,Municipal,2024
13073,"Mt Wheeler Power, Inc",NV,residential,7274.2,85575.0,5169,Cooperative,2024
13407,Nevada Power Co,NV,residential,1615271.8,10535373.0,916385,Investor Owned,2024
14245,Overton Power District No 5,NV,residential,24614.0,230182.0,15545,Political Subdivision,2024
17166,Sierra Pacific Power Co,NV,residential,395796.6,2726243.0,330891,Investor Owned,2024
18260,Surprise Valley Electrification,NV,residential,7.6,55.0,6,Cooperative,2024
19840,"Valley Electric Assn, Inc",NV,residential,53734.4,321264.0,22368,Cooperative,2024
20332,Wells Rural Electric Co,NV,residential,5946.1,59139.0,4621,Cooperative,2024
22814,Raft Rural Elec Coop Inc,NV,residential,1701.0,16609.0,1564,Cooperative,2024
113,"Agway Energy Services, LLC",NY,residential,12807.3,96155.0,13406,Retail Power Marketer,2024
3249,Central Hudson Gas & Elec Corp,NY,residential,517033.0,1839240.0,229592,Investor Owned,2024
4226,Consolidated Edison Co-NY Inc,NY,residential,4671811.0,11889829.0,2715069,Investor Owned,2024
5880,"Energy Coop of New York, Inc",NY,residential,10702.0,169224.0,3958,Retail Power Marketer,2024
5930,Village of Fairport - (NY),NY,residential,15472.9,231269.0,16462,Municipal,2024
6369,Fishers Island Utility Co Inc,NY,residential,1915.3,5018.0,657,Investor Owned,2024
6775,Village of Freeport - (NY),NY,residential,17431.0,123471.0,13353,Municipal,2024
7554,Green Mountain Energy Company,NY,residential,54779.3,296540.0,66483,Retail Power Marketer,2024
9645,Jamestown Board of Public Util,NY,residential,12766.9,151534.0,15562,Municipal,2024
11171,Long Island Power Authority,NY,residential,2243216.6,9129181.0,1029943,State,2024
11811,Town of Massena - (NY),NY,residential,7060.4,113978.0,8156,Municipal,2024
13374,"Constellation NewEnergy, Inc",NY,residential,140566.6,1084403.0,153210,Retail Power Marketer,2024
13511,New York State Elec & Gas Corp,NY,residential,1228409.3,6375673.0,735192,Investor Owned,2024
13573,Niagara Mohawk Power Corp.,NY,residential,1972635.4,10935613.0,1430208,Investor Owned,2024
14154,Orange & Rockland Utils Inc,NY,residential,374928.7,1371430.0,170465,Investor Owned,2024
15145,City of Plattsburgh - (NY),NY,residential,7508.6,149707.0,8801,Municipal,2024
16177,"Robison Energy, LLC",NY,residential,4194.7,31081.0,1260,Retail Power Marketer,2024
16183,Rochester Gas & Electric Corp,NY,residential,504699.5,2393943.0,294053,Investor Owned,2024
17512,Village of Solvay - (NY),NY,residential,3769.0,58052.0,4680,Municipal,2024
49922,U.S. Energy Partners LLC,NY,residential,645.3,5120.0,633,Retail Power Marketer,2024
54820,Direct Energy Services,NY,residential,111118.3,846209.0,112786,Retail Power Marketer,2024
54893,NOCO Electric,NY,residential,6097.9,86569.0,6619,Retail Power Marketer,2024
55815,"IDT Energy, Inc.",NY,residential,16606.4,93698.0,18898,Retail Power Marketer,2024
55874,"Energy Services Providers, Inc",NY,residential,9485.7,64048.0,9425,Retail Power Marketer,2024
55878,Hudson Energy Services,NY,residential,50.7,348.0,38,Retail Power Marketer,2024
56196,Just Energy New York Corp.,NY,residential,4911.8,43938.0,6558,Retail Power Marketer,2024
56265,Energy Plus Holdings LLC,NY,residential,7775.9,44625.0,7877,Retail Power Marketer,2024
56504,Major Energy Electric Services,NY,residential,1486.0,11868.0,1908,Retail Power Marketer,2024
57037,Reliant Energy Northeast LLC,NY,residential,12570.0,87113.0,10739,Retail Power Marketer,2024
58119,Public Power LLC (CT),NY,residential,645.8,5578.0,1277,Retail Power Marketer,2024
58160,Viridian Energy NY LLC,NY,residential,2417.6,14818.0,2082,Retail Power Marketer,2024
58181,"Stream Energy New York, LLC",NY,residential,1631.0,17339.0,2314,Retail Power Marketer,2024
58248,"EnergyMark, LLC",NY,residential,1321.5,26917.0,3212,Retail Power Marketer,2024
58367,"XOOM Energy New York, LLC",NY,residential,12356.0,74487.0,12190,Retail Power Marketer,2024
58853,Kiwi Energy NY LLC,NY,residential,6560.0,45840.0,7802,Retail Power Marketer,2024
58951,"CleanChoice Energy, Inc.",NY,residential,44719.3,192497.0,38539,Retail Power Marketer,2024
58956,"SmartEnergy Holdings, LLC",NY,residential,1043.0,12608.0,2048,Retail Power Marketer,2024
58964,"Alpha Gas and Electric, LLC",NY,residential,6199.5,37357.0,8702,Retail Power Marketer,2024
58966,Marathon Power LLC,NY,residential,912.5,8512.0,266,Retail Power Marketer,2024
58974,Clearview Electric Inc.,NY,residential,405.5,2252.0,339,Retail Power Marketer,2024
59053,"Abest Power & Gas, LLC",NY,residential,3639.0,21100.0,4194,Retail Power Marketer,2024
59054,"Eligo Energy, LLC",NY,residential,11599.7,70531.0,10616,Retail Power Marketer,2024
59082,"Family Energy, Inc. New York",NY,residential,10926.0,96207.0,17295,Retail Power Marketer,2024
59088,"Nordic Energy Services, LLC",NY,residential,441.2,2839.0,616,Retail Power Marketer,2024
59128,MPower Energy LLC,NY,residential,22808.5,114833.0,30924,Retail Power Marketer,2024
59310,"Inspire Energy Holdings, LLC",NY,residential,32999.4,220161.0,28120,Retail Power Marketer,2024
59620,Verde Energy USA,NY,residential,7832.0,66227.0,8437,Retail Power Marketer,2024
59799,American Power & Gas,NY,residential,21484.3,116466.0,13048,Retail Power Marketer,2024
59809,"Residents Energy, LLC",NY,residential,4545.9,23924.0,5002,Retail Power Marketer,2024
59810,Greenlight Energy Inc.,NY,residential,2238.0,15313.0,2494,Retail Power Marketer,2024
59812,New Wave Energy Corporation,NY,residential,5699.0,59038.0,3122,Retail Power Marketer,2024
59931,"MidAmerican Energy Services, LLC",NY,residential,0.7,6.0,1,Retail Power Marketer,2024
60583,Atlantic Energy LLC,NY,residential,2987.3,17267.0,3283,Retail Power Marketer,2024
61059,"Renaissance Power & Gas, Inc.",NY,residential,1667.7,10715.0,2436,Retail Power Marketer,2024
61367,South Bay Energy Corp.,NY,residential,1428.4,5875.0,1467,Retail Power Marketer,2024
61920,"All American Power and Gas, LLC",NY,residential,774.6,1865.0,396,Retail Power Marketer,2024
61922,"Pure Energy USA, LLC",NY,residential,7185.8,18867.0,4633,Retail Power Marketer,2024
61972,"SunSea Energy, LLC",NY,residential,2386.2,8520.0,1808,Retail Power Marketer,2024
62156,"Power UP Energy, LLC",NY,residential,14.5,39.0,8,Retail Power Marketer,2024
63007,First Choice Energy LLC,NY,residential,1691.4,9998.0,186,Retail Power Marketer,2024
63122,"Approved Energy II, LLC",NY,residential,13.0,78.0,2,Retail Power Marketer,2024
63168,Median Energy Corp.,NY,residential,3526.3,19229.0,4098,Retail Power Marketer,2024
63364,"Mirabito Power & Gas, LLC",NY,residential,38.7,534.0,34,Retail Power Marketer,2024
63570,"Chief Energy Power, LLC",NY,residential,1646.0,13521.0,1029,Retail Power Marketer,2024
65310,Energywell LLC,NY,residential,1291.3,11331.0,1109,Retail Power Marketer,2024
65335,Pay Less Energy LLC,NY,residential,45.8,199.0,44,Retail Power Marketer,2024
65613,"ABN Energy, LLC",NY,residential,1.5,7.0,1,Retail Power Marketer,2024
66101,FirstEnergy Pennsylvania Electric Co,NY,residential,4597.8,30246.0,3355,Investor Owned,2024
66173,Northeastern Power and Gas LLC,NY,residential,1403.6,7652.0,969,Retail Power Marketer,2024
66678,Polaris Power Services LLC,NY,residential,1542.8,13443.0,257,Retail Power Marketer,2024
2054,City of Bowling Green - (OH),OH,residential,15168.0,98734.0,13068,Municipal,2024
2502,"Buckeye Rural Elec Coop, Inc",OH,residential,40808.7,205052.0,16349,Cooperative,2024
2651,Butler Rural Electric Coop Inc - (OH),OH,residential,32898.0,181115.0,11374,Cooperative,2024
3216,City of Celina - (OH),OH,residential,9047.0,99237.0,7557,Municipal,2024
3542,Duke Energy Ohio Inc,OH,residential,808413.5,3135248.0,294084,Investor Owned,2024
3755,Cleveland Electric Illum Co,OH,residential,511987.9,971325.0,131370,Investor Owned,2024
3762,City of Cleveland - (OH),OH,residential,57086.1,383954.0,64914,Municipal,2024
3824,Clyde Light & Power,OH,residential,2998.0,24773.0,2776,Municipal,2024
4065,City of Columbus - (OH),OH,residential,11609.0,102518.0,15510,Municipal,2024
4100,Just Energy Solutions Inc.,OH,residential,37447.1,394753.0,35612,Retail Power Marketer,2024
4683,City of Cuyahoga Falls - (OH),OH,residential,23284.0,178861.0,24349,Municipal,2024
4922,Dayton Power & Light Co,OH,residential,452185.0,1455682.0,132522,Investor Owned,2024
5336,City of Dover - (OH),OH,residential,8214.0,54650.0,5869,Municipal,2024
6458,Energy Harbor Corp.,OH,residential,594564.7,9680052.0,902100,Retail Power Marketer,2024
7279,"NextEra Energy Services, LLC",OH,residential,128983.7,1977410.0,437348,Retail Power Marketer,2024
7891,Guernsey-Muskingum El Coop Inc,OH,residential,30348.0,168625.0,15289,Cooperative,2024
7977,City of Hamilton - (OH),OH,residential,38789.0,251261.0,26964,Municipal,2024
8034,Hancock-Wood Electric Coop Inc,OH,residential,25043.7,146926.0,11307,Cooperative,2024
8761,Holmes-Wayne Electric Coop Inc,OH,residential,29379.2,177870.0,14714,Cooperative,2024
10668,Licking Rural Electric Inc,OH,residential,55072.1,326266.0,25820,Cooperative,2024
10830,City of Lebanon - (OH),OH,residential,9704.0,87082.0,8707,Municipal,2024
11200,"Lorain-Medina R E C, Inc",OH,residential,36685.7,212521.0,15234,Cooperative,2024
12377,Midwest Energy Cooperative - (MI),OH,residential,2043.7,10496.0,863,Cooperative,2024
12515,"Midwest Electric, Inc - (OH)",OH,residential,26145.3,171169.0,10836,Cooperative,2024
12990,Consolidated Cooperative,OH,residential,41474.0,257472.0,16897,Cooperative,2024
13374,"Constellation NewEnergy, Inc",OH,residential,33987.2,462359.0,45101,Retail Power Marketer,2024
13602,City of Niles - (OH),OH,residential,7347.0,78886.0,11882,Municipal,2024
13693,"North Central Elec Coop, Inc - (OH)",OH,residential,20479.1,119796.0,8433,Cooperative,2024
13998,Ohio Edison Co,OH,residential,895821.5,2373567.0,251751,Investor Owned,2024
14006,Ohio Power Co,OH,residential,2027904.0,5934288.0,550768,Investor Owned,2024
14194,City of Orrville - (OH),OH,residential,8159.0,74411.0,6314,Municipal,2024
14381,City of Painesville,OH,residential,10961.0,85971.0,10832,Municipal,2024
14599,"Paulding-Putman Elec Coop, Inc",OH,residential,21037.1,119032.0,9176,Cooperative,2024
15054,"Pioneer Rural Elec Coop, Inc - (OH)",OH,residential,40654.2,251232.0,16310,Cooperative,2024
15095,City of Piqua - (OH),OH,residential,11281.1,87795.0,9829,Municipal,2024
18085,South Central Power Company,OH,residential,225096.0,1514090.0,117469,Cooperative,2024
18997,The Toledo Edison Co,OH,residential,260423.3,701355.0,79007,Investor Owned,2024
19501,"Union Rural Electric Coop, Inc",OH,residential,25881.6,165126.0,11812,Cooperative,2024
19951,City of Wadsworth - (OH),OH,residential,13596.0,113414.0,12180,Municipal,2024
20477,City of Westerville - (OH),OH,residential,22950.0,173993.0,15713,Municipal,2024
54820,Direct Energy Services,OH,residential,62335.4,772417.0,81905,Retail Power Marketer,2024
55722,AEP Energy,OH,residential,313524.3,4135467.0,446968,Retail Power Marketer,2024
55815,"IDT Energy, Inc.",OH,residential,3322.1,24128.0,3269,Retail Power Marketer,2024
55874,"Energy Services Providers, Inc",OH,residential,16733.8,163269.0,15009,Retail Power Marketer,2024
56212,"Ambit Energy Holdings, LLC",OH,residential,1744.9,14954.0,1534,Retail Power Marketer,2024
56265,Energy Plus Holdings LLC,OH,residential,180.5,1496.0,164,Retail Power Marketer,2024
56286,"Frontier Utilities, LLC",OH,residential,753.1,7110.0,640,Retail Power Marketer,2024
56504,Major Energy Electric Services,OH,residential,2894.0,29494.0,4234,Retail Power Marketer,2024
56571,AP Holdings LLC,OH,residential,2387.5,30062.0,3649,Retail Power Marketer,2024
57037,Reliant Energy Northeast LLC,OH,residential,118259.0,1170180.0,113975,Retail Power Marketer,2024
57307,ENGIE Power & Gas LLC,OH,residential,112.8,1114.0,144,Retail Power Marketer,2024
58119,Public Power LLC (CT),OH,residential,18573.3,274497.0,23023,Retail Power Marketer,2024
58162,Viridian Energy PA LLC,OH,residential,36.0,272.0,29,Retail Power Marketer,2024
58667,"North American Power and Gas, LLC",OH,residential,2399.3,17714.0,1769,Retail Power Marketer,2024
58853,Kiwi Energy NY LLC,OH,residential,2368.0,20919.0,2775,Retail Power Marketer,2024
58951,"CleanChoice Energy, Inc.",OH,residential,18157.3,209312.0,22951,Retail Power Marketer,2024
58952,Tomorrow Energy Corp.,OH,residential,4711.4,39496.0,4634,Retail Power Marketer,2024
58956,"SmartEnergy Holdings, LLC",OH,residential,22456.0,225588.0,28861,Retail Power Marketer,2024
58957,"Interstate Gas Supply, Inc.",OH,residential,133310.0,1448495.0,168756,Retail Power Marketer,2024
58964,"Alpha Gas and Electric, LLC",OH,residential,1782.9,13140.0,1748,Retail Power Marketer,2024
58972,"Realgy, LLC",OH,residential,2219.5,23267.0,2859,Retail Power Marketer,2024
58973,"Town Square Energy East, LLC",OH,residential,333.8,3458.0,400,Retail Power Marketer,2024
58974,Clearview Electric Inc.,OH,residential,4324.8,54247.0,4745,Retail Power Marketer,2024
59054,"Eligo Energy, LLC",OH,residential,5349.3,46133.0,4940,Retail Power Marketer,2024
59055,"Choice Energy, LLC",OH,residential,410.0,2994.0,387,Retail Power Marketer,2024
59064,"Great American Power, LLC",OH,residential,91.6,1210.0,201,Retail Power Marketer,2024
59065,Titan Gas LLC,OH,residential,8407.2,66656.0,7601,Retail Power Marketer,2024
59088,"Nordic Energy Services, LLC",OH,residential,7061.8,58399.0,9462,Retail Power Marketer,2024
59310,"Inspire Energy Holdings, LLC",OH,residential,38113.9,279573.0,35488,Retail Power Marketer,2024
59311,"XOOM Energy Ohio, LLC",OH,residential,12065.0,135354.0,12224,Retail Power Marketer,2024
59385,"Dynegy Energy Services, LLC",OH,residential,289916.4,4271400.0,444458,Retail Power Marketer,2024
59410,"Shipley Choice, LLC",OH,residential,7820.2,115318.0,10870,Retail Power Marketer,2024
59620,Verde Energy USA,OH,residential,4207.0,24395.0,3146,Retail Power Marketer,2024
59797,Park Power LLC,OH,residential,1102.1,6722.0,845,Retail Power Marketer,2024
59799,American Power & Gas,OH,residential,6180.3,52229.0,4512,Retail Power Marketer,2024
59807,"Rushmore Energy, LLC",OH,residential,3949.4,40919.0,4822,Retail Power Marketer,2024
59809,"Residents Energy, LLC",OH,residential,7050.7,60079.0,6792,Retail Power Marketer,2024
59810,Greenlight Energy Inc.,OH,residential,215.0,1804.0,235,Retail Power Marketer,2024
59811,Santanna Energy Services,OH,residential,7685.0,117126.0,10533,Retail Power Marketer,2024
59812,New Wave Energy Corporation,OH,residential,1680.0,20245.0,1694,Retail Power Marketer,2024
59848,"ResCom Energy, LLC",OH,residential,71.0,1069.0,142,Retail Power Marketer,2024
59931,"MidAmerican Energy Services, LLC",OH,residential,151.9,2608.0,325,Retail Power Marketer,2024
59993,Discount Power Inc - (CT),OH,residential,1067.2,9135.0,1123,Retail Power Marketer,2024
60218,MPower Energy NJ LLC,OH,residential,1556.4,8480.0,1314,Retail Power Marketer,2024
60579,"SFE Energy Ohio, Inc.",OH,residential,3713.8,49314.0,6743,Retail Power Marketer,2024
60583,Atlantic Energy LLC,OH,residential,1349.4,11870.0,1650,Retail Power Marketer,2024
60696,"Vista Energy Marketing, L.P.",OH,residential,2304.7,15853.0,2433,Retail Power Marketer,2024
60914,Current Power & Gas Inc.,OH,residential,58.8,870.0,121,Retail Power Marketer,2024
60977,StateWise Energy Ohio LLC,OH,residential,1770.7,25444.0,2874,Retail Power Marketer,2024
61059,"Renaissance Power & Gas, Inc.",OH,residential,147.3,1373.0,359,Retail Power Marketer,2024
61367,South Bay Energy Corp.,OH,residential,94.0,718.0,95,Retail Power Marketer,2024
61479,"Stream Ohio Gas & Electric, LLC",OH,residential,1022.2,8925.0,848,Retail Power Marketer,2024
61920,"All American Power and Gas, LLC",OH,residential,23.1,83.0,15,Retail Power Marketer,2024
61922,"Pure Energy USA, LLC",OH,residential,340.2,1221.0,153,Retail Power Marketer,2024
61972,"SunSea Energy, LLC",OH,residential,1794.5,10600.0,1641,Retail Power Marketer,2024
62148,Powervine Energy,OH,residential,1164.6,16489.0,1138,Retail Power Marketer,2024
62790,"Summer Energy Midwest, LLC",OH,residential,89.0,971.0,99,Retail Power Marketer,2024
63168,Median Energy Corp.,OH,residential,500.8,3933.0,565,Retail Power Marketer,2024
63232,"National Gas & Electric, LLC",OH,residential,1947.0,18170.0,1832,Retail Power Marketer,2024
63546,"Provision Power & Gas, LLC",OH,residential,6435.8,65153.0,8165,Retail Power Marketer,2024
63695,"RPA Energy, Inc.",OH,residential,76.9,471.0,662,Retail Power Marketer,2024
64601,LE Energy,OH,residential,14467.6,122558.0,15418,Retail Power Marketer,2024
64705,"NTHERM, LLC",OH,residential,3903.3,23853.0,2625,Retail Power Marketer,2024
65262,"Archer Energy, LLC",OH,residential,34321.7,473975.0,40167,Retail Power Marketer,2024
65310,Energywell LLC,OH,residential,2084.8,25228.0,2136,Retail Power Marketer,2024
66113,"EcoPlus Power, LLC",OH,residential,656.6,8003.0,771,Retail Power Marketer,2024
296,"Alfalfa Electric Coop, Inc",OK,residential,5044.0,49434.0,2630,Cooperative,2024
416,City of Altus - (OK),OK,residential,13567.0,104947.0,8167,Municipal,2024
817,Arkansas Valley Elec Coop Corp,OK,residential,7630.9,57453.0,4250,Cooperative,2024
2911,"Canadian Valley Elec Coop, Inc",OK,residential,44985.1,377977.0,24605,Cooperative,2024
3226,"Central Rural Electric Cooperative, Inc",OK,residential,41022.6,354953.0,19650,Cooperative,2024
3478,Cimarron Electric Coop,OK,residential,21038.0,177210.0,15258,Cooperative,2024
3527,Choctaw Electric Coop Inc,OK,residential,40176.0,304160.0,21483,Cooperative,2024
3647,City of Claremore,OK,residential,17927.0,135426.0,11855,Municipal,2024
4296,"Cookson Hills Elec Coop, Inc",OK,residential,34586.6,243938.0,17551,Cooperative,2024
4401,"Cotton Electric Coop, Inc",OK,residential,36617.3,308792.0,19696,Cooperative,2024
5598,East Central Oklahoma Elec Coop Inc,OK,residential,54724.0,456285.0,33358,Cooperative,2024
5661,City of Edmond - (OK),OK,residential,60235.5,536722.0,39532,Municipal,2024
5860,Empire District Electric Co,OK,residential,7101.5,48606.0,3901,Investor Owned,2024
9246,"Indian Electric Coop, Inc",OK,residential,29143.4,231896.0,14839,Cooperative,2024
10012,Kay Electric Coop,OK,residential,7459.0,52805.0,4371,Cooperative,2024
10170,"Kiamichi Electric Coop, Inc",OK,residential,35266.0,273463.0,18685,Cooperative,2024
10599,"Lake Region Electric Coop, Inc - (OK)",OK,residential,41920.0,348681.0,24788,Cooperative,2024
13734,Northeast Oklahoma Electric Co,OK,residential,65472.0,509520.0,37871,Cooperative,2024
13807,Northwestern Electric Coop Inc - (OK),OK,residential,16273.0,106464.0,9620,Cooperative,2024
14062,Oklahoma Electric Coop Inc,OK,residential,108658.0,886736.0,58544,Cooperative,2024
14063,Oklahoma Gas & Electric Co,OK,residential,1068353.4,9067611.0,710123,Investor Owned,2024
14289,Ozarks Electric Coop Corp - (AR),OK,residential,20407.0,143757.0,11783,Cooperative,2024
14775,People's Electric Cooperative,OK,residential,29831.1,238100.0,14728,Cooperative,2024
15202,City of Ponca City - (OK),OK,residential,17853.0,149695.0,13790,Municipal,2024
15474,Public Service Co of Oklahoma,OK,residential,800878.2,6292790.0,501093,Investor Owned,2024
15746,Red River Valley Rrl Elec Assn,OK,residential,23536.0,206750.0,15852,Cooperative,2024
16382,"Rural Electric Coop, Inc - (OK)",OK,residential,14260.4,125619.0,9047,Cooperative,2024
17603,Southeastern Electric Coop Inc - (OK),OK,residential,20361.0,224018.0,15583,Cooperative,2024
17671,Southwest Arkansas E C C,OK,residential,307.4,2512.0,220,Cooperative,2024
18125,Stillwater Utilities Authority,OK,residential,27913.0,210623.0,19640,Municipal,2024
19160,"Tri-County Electric Coop, Inc (OK)",OK,residential,20359.0,128293.0,14212,Cooperative,2024
19785,Verdigris Valley Elec Coop Inc,OK,residential,70188.5,588211.0,35102,Cooperative,2024
60482,CKenergy Electric Cooperative,OK,residential,34784.6,271430.0,22555,Cooperative,2024
3240,Central Electric Coop Inc - (OR),OR,residential,55629.6,570582.0,34562,Cooperative,2024
3264,Central Lincoln People's Ut Dt,OR,residential,46668.3,426809.0,35904,Political Subdivision,2024
4041,"Columbia Rural Elec Assn, Inc",OR,residential,113.0,873.0,44,Cooperative,2024
4317,"Coos-Curry Electric Coop, Inc",OR,residential,23980.9,180123.0,15869,Cooperative,2024
4743,"Consumers Power, Inc",OR,residential,34405.7,264443.0,18751,Cooperative,2024
6022,City of Eugene - (OR),OR,residential,123745.7,946592.0,89582,Municipal,2024
6582,City of Forest Grove,OR,residential,12076.0,121579.0,10369,Municipal,2024
9191,Idaho Power Co,OR,residential,21052.0,186456.0,14098,Investor Owned,2024
10681,Lane Electric Coop Inc,OR,residential,23235.0,185173.0,12413,Cooperative,2024
12187,City of McMinnville - (OR),OR,residential,15461.0,204575.0,17190,Municipal,2024
12439,"Midstate Electric Coop, Inc",OR,residential,30323.0,288117.0,18594,Cooperative,2024
13788,Northern Wasco County PUD,OR,residential,11221.0,145326.0,9800,Political Subdivision,2024
14109,"Oregon Trail El Cons Coop, Inc",OR,residential,31515.0,312802.0,25997,Cooperative,2024
14354,PacifiCorp,OR,residential,812639.6,5796437.0,547235,Investor Owned,2024
15248,Portland General Electric Co,OR,residential,1406371.0,7731594.0,828857,Investor Owned,2024
16555,Salem Electric - (OR),OR,residential,21211.0,192449.0,18385,Cooperative,2024
17839,City of Springfield - (OR),OR,residential,29315.7,361741.0,29882,Municipal,2024
18260,Surprise Valley Electrification,OR,residential,2153.7,16861.0,1211,Cooperative,2024
18917,Tillamook Peoples Utility Dist,OR,residential,29567.0,250104.0,20133,Political Subdivision,2024
19325,Umatilla Electric Coop Assn,OR,residential,17894.8,181783.0,12620,Cooperative,2024
28541,Clatskanie Peoples Util Dist,OR,residential,5274.8,69492.0,3761,Political Subdivision,2024
40437,Emerald People's Utility Dist,OR,residential,32181.6,291288.0,19968,Political Subdivision,2024
40438,Columbia River Peoples Ut Dist,OR,residential,21464.4,231555.0,16378,Political Subdivision,2024
113,"Agway Energy Services, LLC",PA,residential,972.7,8449.0,945,Retail Power Marketer,2024
3329,Borough of Chambersburg,PA,residential,11653.3,97501.0,9914,Municipal,2024
3597,Citizens Electric Co - (PA),PA,residential,11126.0,81599.0,5958,Investor Owned,2024
4100,Just Energy Solutions Inc.,PA,residential,5590.5,47987.0,5454,Retail Power Marketer,2024
5487,Duquesne Light Co,PA,residential,784398.0,3151995.0,434171,Investor Owned,2024
5880,"Energy Coop of New York, Inc",PA,residential,179.0,1802.0,156,Retail Power Marketer,2024
6458,Energy Harbor Corp.,PA,residential,134640.8,1245709.0,105658,Retail Power Marketer,2024
7279,"NextEra Energy Services, LLC",PA,residential,17509.8,124848.0,11544,Retail Power Marketer,2024
7554,Green Mountain Energy Company,PA,residential,37241.0,285360.0,30875,Retail Power Marketer,2024
9949,Just Energy,PA,residential,29825.8,236938.0,20938,Retail Power Marketer,2024
13374,"Constellation NewEnergy, Inc",PA,residential,61610.7,593218.0,53821,Retail Power Marketer,2024
14715,PPL Electric Utilities Corp,PA,residential,1755726.1,8128207.0,797773,Investor Owned,2024
14940,PECO Energy Co,PA,residential,2038126.8,10840952.0,1205013,Investor Owned,2024
15045,Pike County Light & Power Co,PA,residential,6379.1,28824.0,3646,Investor Owned,2024
19126,"TriEagle Energy, L.P.",PA,residential,3533.6,26905.0,2801,Retail Power Marketer,2024
19390,"UGI Utilities, Inc",PA,residential,103721.2,545375.0,54485,Investor Owned,2024
20334,Wellsborough Electric Co,PA,residential,6903.4,41970.0,5158,Investor Owned,2024
20659,"WGL Energy Services, Inc.",PA,residential,6386.0,98555.0,11403,Retail Power Marketer,2024
40167,"Somerset Rural Elec Coop, Inc",PA,residential,17484.0,125202.0,12322,Cooperative,2024
40220,Adams Electric Cooperative Inc,PA,residential,64263.0,445525.0,32231,Cooperative,2024
40221,"Bedford Rural Elec Coop, Inc",PA,residential,14457.0,99379.0,8837,Cooperative,2024
40222,Valley Rural Electric Coop Inc,PA,residential,30509.0,205157.0,18180,Cooperative,2024
40224,"Central Electric Coop, Inc - (PA)",PA,residential,36790.0,216051.0,23629,Cooperative,2024
40289,Claverack Rural Elec Coop Inc,PA,residential,30449.0,166838.0,16742,Cooperative,2024
40290,Tri-County Rural Elec Coop Inc (PA),PA,residential,24934.0,124161.0,18206,Cooperative,2024
40292,REA Energy Coop Inc,PA,residential,33963.0,233726.0,20932,Cooperative,2024
40293,"Northwestern Rural E C A, Inc - (PA)",PA,residential,30333.0,194697.0,18190,Cooperative,2024
49746,The Energy Coop,PA,residential,2594.4,18866.0,2515,Cooperative,2024
54820,Direct Energy Services,PA,residential,90204.3,893956.0,78432,Retail Power Marketer,2024
55722,AEP Energy,PA,residential,104263.6,1122832.0,89725,Retail Power Marketer,2024
55815,"IDT Energy, Inc.",PA,residential,9697.8,62215.0,8055,Retail Power Marketer,2024
55874,"Energy Services Providers, Inc",PA,residential,22360.9,180759.0,18092,Retail Power Marketer,2024
56212,"Ambit Energy Holdings, LLC",PA,residential,24300.5,182135.0,17027,Retail Power Marketer,2024
56220,Anthracite Power & Light,PA,residential,737.0,8230.0,697,Retail Power Marketer,2024
56265,Energy Plus Holdings LLC,PA,residential,21440.7,157470.0,16977,Retail Power Marketer,2024
56286,"Frontier Utilities, LLC",PA,residential,18072.4,142607.0,10754,Retail Power Marketer,2024
56408,"UGI Energy Services, LLC",PA,residential,354.3,4028.0,537,Retail Power Marketer,2024
56571,AP Holdings LLC,PA,residential,18411.1,169032.0,16050,Retail Power Marketer,2024
56573,"Palmco Power PA, LLC",PA,residential,8420.7,46634.0,7072,Retail Power Marketer,2024
56737,"Stream Energy Pennsylvania, LLC",PA,residential,26890.2,201547.0,20591,Retail Power Marketer,2024
57037,Reliant Energy Northeast LLC,PA,residential,183256.0,1385072.0,142526,Retail Power Marketer,2024
57307,ENGIE Power & Gas LLC,PA,residential,229.3,1362.0,178,Retail Power Marketer,2024
57453,Independence Energy Group LLC,PA,residential,2566.2,19402.0,1857,Retail Power Marketer,2024
58118,Public Power LLC (PA),PA,residential,5879.5,60904.0,6862,Retail Power Marketer,2024
58162,Viridian Energy PA LLC,PA,residential,1284.7,8481.0,1373,Retail Power Marketer,2024
58339,"XOOM Energy Pennsylvania, LLC",PA,residential,15022.0,136044.0,12172,Retail Power Marketer,2024
58663,Respond Power LLC,PA,residential,30799.0,282689.0,24648,Retail Power Marketer,2024
58667,"North American Power and Gas, LLC",PA,residential,10693.4,75214.0,7677,Retail Power Marketer,2024
58951,"CleanChoice Energy, Inc.",PA,residential,71969.8,633724.0,70723,Retail Power Marketer,2024
58952,Tomorrow Energy Corp.,PA,residential,21294.4,138215.0,15646,Retail Power Marketer,2024
58956,"SmartEnergy Holdings, LLC",PA,residential,49055.0,355206.0,47969,Retail Power Marketer,2024
58957,"Interstate Gas Supply, Inc.",PA,residential,63871.0,495627.0,53472,Retail Power Marketer,2024
58964,"Alpha Gas and Electric, LLC",PA,residential,896.4,5767.0,766,Retail Power Marketer,2024
58966,Marathon Power LLC,PA,residential,30.7,321.0,120,Retail Power Marketer,2024
58973,"Town Square Energy East, LLC",PA,residential,2004.1,16984.0,1533,Retail Power Marketer,2024
58974,Clearview Electric Inc.,PA,residential,18077.4,146086.0,12862,Retail Power Marketer,2024
59054,"Eligo Energy, LLC",PA,residential,10504.0,79842.0,9053,Retail Power Marketer,2024
59055,"Choice Energy, LLC",PA,residential,9462.8,79770.0,8475,Retail Power Marketer,2024
59064,"Great American Power, LLC",PA,residential,2091.5,19030.0,2695,Retail Power Marketer,2024
59065,Titan Gas LLC,PA,residential,32094.1,237593.0,23384,Retail Power Marketer,2024
59083,"SFE Energy Pennsylvania, Inc.",PA,residential,16555.0,150374.0,19133,Retail Power Marketer,2024
59088,"Nordic Energy Services, LLC",PA,residential,2301.9,15827.0,2756,Retail Power Marketer,2024
59310,"Inspire Energy Holdings, LLC",PA,residential,120071.1,944862.0,89889,Retail Power Marketer,2024
59385,"Dynegy Energy Services, LLC",PA,residential,47198.7,509146.0,37672,Retail Power Marketer,2024
59410,"Shipley Choice, LLC",PA,residential,11531.1,101932.0,9886,Retail Power Marketer,2024
59620,Verde Energy USA,PA,residential,34278.0,264675.0,24769,Retail Power Marketer,2024
59793,"First Point Power, LLC",PA,residential,18.9,109.0,16,Retail Power Marketer,2024
59797,Park Power LLC,PA,residential,7425.1,39933.0,5198,Retail Power Marketer,2024
59799,American Power & Gas,PA,residential,39432.6,315204.0,25167,Retail Power Marketer,2024
59807,"Rushmore Energy, LLC",PA,residential,3058.1,25780.0,3346,Retail Power Marketer,2024
59809,"Residents Energy, LLC",PA,residential,10683.7,71442.0,10067,Retail Power Marketer,2024
59810,Greenlight Energy Inc.,PA,residential,882.0,6172.0,858,Retail Power Marketer,2024
59811,Santanna Energy Services,PA,residential,6467.7,71670.0,4700,Retail Power Marketer,2024
59812,New Wave Energy Corporation,PA,residential,7270.0,75128.0,6276,Retail Power Marketer,2024
59931,"MidAmerican Energy Services, LLC",PA,residential,160.4,2220.0,253,Retail Power Marketer,2024
59993,Discount Power Inc - (CT),PA,residential,4578.2,21339.0,3095,Retail Power Marketer,2024
60124,Spring Energy RRH LLC,PA,residential,5678.0,40153.0,5374,Retail Power Marketer,2024
60218,MPower Energy NJ LLC,PA,residential,8232.3,46323.0,6969,Retail Power Marketer,2024
60583,Atlantic Energy LLC,PA,residential,1227.3,6118.0,922,Retail Power Marketer,2024
60696,"Vista Energy Marketing, L.P.",PA,residential,3239.0,20799.0,3059,Retail Power Marketer,2024
61059,"Renaissance Power & Gas, Inc.",PA,residential,1760.4,21697.0,5282,Retail Power Marketer,2024
61367,South Bay Energy Corp.,PA,residential,2034.0,13080.0,1704,Retail Power Marketer,2024
61920,"All American Power and Gas, LLC",PA,residential,1570.7,5961.0,837,Retail Power Marketer,2024
61922,"Pure Energy USA, LLC",PA,residential,6822.4,21621.0,3140,Retail Power Marketer,2024
62148,Powervine Energy,PA,residential,2331.0,21532.0,2225,Retail Power Marketer,2024
62156,"Power UP Energy, LLC",PA,residential,17.6,55.0,10,Retail Power Marketer,2024
62790,"Summer Energy Midwest, LLC",PA,residential,123.7,1309.0,39,Retail Power Marketer,2024
62914,StateWise Energy Pennsylvania LLC,PA,residential,793.9,10464.0,1168,Retail Power Marketer,2024
63169,Median Energy PA LLC,PA,residential,1520.0,8599.0,1255,Retail Power Marketer,2024
63232,"National Gas & Electric, LLC",PA,residential,8994.7,76926.0,8378,Retail Power Marketer,2024
63695,"RPA Energy, Inc.",PA,residential,2502.5,10932.0,1818,Retail Power Marketer,2024
63870,Click Energy LLC,PA,residential,403.6,2448.0,249,Retail Power Marketer,2024
64705,"NTHERM, LLC",PA,residential,12404.5,67742.0,7379,Retail Power Marketer,2024
65310,Energywell LLC,PA,residential,8619.5,82288.0,7700,Retail Power Marketer,2024
66017,"All Choice Energy, LLC",PA,residential,147.4,1007.0,124,Retail Power Marketer,2024
66101,FirstEnergy Pennsylvania Electric Co,PA,residential,2865933.7,15056029.0,1464054,Investor Owned,2024
66113,"EcoPlus Power, LLC",PA,residential,3991.1,44482.0,4679,Retail Power Marketer,2024
66118,Spartacus Energy Services LLC,PA,residential,113.0,607.0,192,Retail Power Marketer,2024
66678,Polaris Power Services LLC,PA,residential,510.8,6543.0,496,Retail Power Marketer,2024
1857,Block Island Utility District,RI,residential,3005.0,7576.0,1629,Political Subdivision,2024
7279,"NextEra Energy Services, LLC",RI,residential,33007.3,283766.0,85764,Retail Power Marketer,2024
13214,The Narragansett Electric Co,RI,residential,759365.6,2291381.0,332540,Investor Owned,2024
14537,Pascoag Utility District,RI,residential,5946.0,35982.0,4373,Municipal,2024
54820,Direct Energy Services,RI,residential,1605.5,11562.0,1730,Retail Power Marketer,2024
56212,"Ambit Energy Holdings, LLC",RI,residential,842.6,5453.0,803,Retail Power Marketer,2024
58631,"XOOM Energy Rhode Island, LLC",RI,residential,348.0,2226.0,271,Retail Power Marketer,2024
58667,"North American Power and Gas, LLC",RI,residential,2814.3,16285.0,2360,Retail Power Marketer,2024
58956,"SmartEnergy Holdings, LLC",RI,residential,7722.7,47633.0,8190,Retail Power Marketer,2024
58974,Clearview Electric Inc.,RI,residential,6762.8,29163.0,5619,Retail Power Marketer,2024
59059,Town Square Energy,RI,residential,5019.1,29335.0,5265,Retail Power Marketer,2024
59088,"Nordic Energy Services, LLC",RI,residential,40.7,341.0,166,Retail Power Marketer,2024
59793,"First Point Power, LLC",RI,residential,1449.4,12193.0,1796,Retail Power Marketer,2024
59993,Discount Power Inc - (CT),RI,residential,1734.4,8281.0,1328,Retail Power Marketer,2024
65262,"Archer Energy, LLC",RI,residential,442.6,3257.0,421,Retail Power Marketer,2024
65310,Energywell LLC,RI,residential,919.6,6748.0,719,Retail Power Marketer,2024
162,Aiken Electric Coop Inc,SC,residential,101066.1,650960.0,49460,Cooperative,2024
1613,Berkeley Electric Coop Inc,SC,residential,235265.0,1575297.0,115117,Cooperative,2024
1763,"Black River Electric Coop, Inc - (SC)",SC,residential,62240.3,462168.0,30610,Cooperative,2024
1890,Blue Ridge Electric Coop Inc - (SC),SC,residential,153538.5,810672.0,67553,Cooperative,2024
2212,"Broad River Electric Coop, Inc",SC,residential,46599.3,292858.0,23140,Cooperative,2024
3046,Duke Energy Progress - (NC),SC,residential,294067.7,1976600.0,143713,Investor Owned,2024
5416,"Duke Energy Carolinas, LLC",SC,residential,979168.3,7000781.0,568586,Investor Owned,2024
5644,"Edisto Electric Coop, Inc",SC,residential,36978.6,225535.0,15421,Cooperative,2024
5929,"Fairfield Electric Coop, Inc",SC,residential,63647.0,443569.0,32397,Cooperative,2024
6709,Easley Combined Utility System,SC,residential,23635.0,184510.0,15772,Municipal,2024
6894,City of Gaffney - (SC),SC,residential,8961.0,72314.0,6314,Municipal,2024
7646,Greenwood CPW,SC,residential,10348.0,114492.0,11753,Municipal,2024
7654,Greer Commission of Public Wks,SC,residential,28920.0,245024.0,24893,Municipal,2024
8333,Haywood Electric Member Corp,SC,residential,11.0,58.0,9,Cooperative,2024
8786,Horry Electric Coop Inc,SC,residential,146028.0,1103356.0,86726,Cooperative,2024
10768,"Laurens Electric Coop, Inc",SC,residential,109482.0,746888.0,58438,Cooperative,2024
11118,Lockhart Power Co,SC,residential,8555.8,63769.0,4976,Investor Owned,2024
11355,"Lynches River Elec Coop, Inc",SC,residential,41164.0,262103.0,21363,Cooperative,2024
12462,Mid-Carolina Electric Coop Inc,SC,residential,115582.9,776807.0,56463,Cooperative,2024
13524,"Newberry Electric Coop, Inc",SC,residential,25345.0,155329.0,12970,Cooperative,2024
14164,City of Orangeburg - (SC),SC,residential,40812.0,263507.0,20639,Municipal,2024
14175,"Tri-County Electric Coop, Inc (SC)",SC,residential,43120.0,232956.0,17672,Cooperative,2024
14398,Palmetto Electric Coop Inc,SC,residential,126187.3,986672.0,68338,Cooperative,2024
16195,City of Rock Hill - (SC),SC,residential,45256.0,360691.0,36492,Municipal,2024
16606,"Santee Electric Coop, Inc",SC,residential,78003.0,529109.0,35235,Cooperative,2024
17539,"Dominion Energy South Carolina, Inc",SC,residential,1258517.2,8626724.0,696385,Investor Owned,2024
17543,South Carolina Public Service Authority,SC,residential,239381.3,2103044.0,185529,State,2024
21002,York Electric Coop Inc,SC,residential,106977.0,845442.0,65244,Cooperative,2024
66073,MPD Electric Cooperative,SC,residential,54936.0,501964.0,31874,Cooperative,2024
1769,"Black Hills Electric Coop, Inc",SD,residential,18125.5,122760.0,9227,Cooperative,2024
2285,City of Brookings - (SD),SD,residential,11361.0,102150.0,10544,Municipal,2024
3236,"Central Electric Coop, Inc - (SD)",SD,residential,15642.9,114649.0,6483,Cooperative,2024
4720,Dakota Energy Coop Inc,SD,residential,9522.9,62251.0,3224,Cooperative,2024
11475,City of Madison - (SD),SD,residential,3819.0,33251.0,2802,Municipal,2024
12199,Montana-Dakota Utilities Co,SD,residential,9285.0,63618.0,6367,Investor Owned,2024
12341,MidAmerican Energy Co,SD,residential,4779.5,55049.0,4236,Investor Owned,2024
13337,Nebraska Public Power District,SD,residential,1529.0,15719.0,1044,Political Subdivision,2024
13750,"Northern Electric Coop, Inc",SD,residential,15583.9,138063.0,5757,Cooperative,2024
13781,Northern States Power Co - Minnesota,SD,residential,114326.5,824522.0,92204,Investor Owned,2024
13809,NorthWestern Energy - (SD),SD,residential,70012.0,557457.0,51467,Investor Owned,2024
14232,Otter Tail Power Co,SD,residential,12136.7,111064.0,9048,Investor Owned,2024
15040,City of Pierre - (SD),SD,residential,6899.0,64789.0,6126,Municipal,2024
16286,Rosebud Electric Coop Inc,SD,residential,6767.4,63650.0,4856,Cooperative,2024
17267,Sioux Valley SW Elec Coop,SD,residential,42731.4,330339.0,22213,Cooperative,2024
19293,Southeastern Electric Coop Inc - (SD),SD,residential,33864.5,272917.0,20160,Cooperative,2024
19545,"Black Hills Power, Inc.",SD,residential,80614.8,560837.0,60951,Investor Owned,2024
19896,City of Volga - (SD),SD,residential,1483.9,11591.0,1075,Municipal,2024
20187,Watertown Municipal Utilities,SD,residential,11115.0,119500.0,11633,Municipal,2024
20401,West River Electric Assn Inc,SD,residential,28264.0,198316.0,18423,Cooperative,2024
577,City of Alcoa Utilities,TN,residential,50103.0,410299.0,28183,Municipal,2024
727,Appalachian Electric Coop,TN,residential,82864.0,640950.0,43709,Cooperative,2024
814,Entergy Arkansas LLC,TN,residential,3.7,31.0,1,Investor Owned,2024
947,Athens Utility Board,TN,residential,18977.0,161213.0,11651,Municipal,2024
1578,Benton County,TN,residential,15567.0,112158.0,8775,Municipal,2024
1936,Bolivar Energy Authority,TN,residential,16757.0,124099.0,8929,Municipal,2024
2247,City of Bristol - (TN),TN,residential,48093.0,444739.0,29622,Municipal,2024
2411,City of Brownsville,TN,residential,5728.0,50123.0,4067,Municipal,2024
2960,"Caney Fork Electric Coop, Inc",TN,residential,53128.0,412293.0,29631,Cooperative,2024
3075,Carroll County - (TN),TN,residential,21176.0,177621.0,12344,Municipal,2024
3408,City of Chattanooga - (TN),TN,residential,269847.0,2190871.0,164417,Municipal,2024
3704,City of Clarksville - (TN),TN,residential,130520.0,1021858.0,75953,Municipal,2024
3758,City of Cleveland - (TN),TN,residential,48649.0,388347.0,29331,Municipal,2024
3812,City of Clinton - (TN),TN,residential,48583.0,373990.0,26230,Municipal,2024
3855,Columbia Power System - (TN),TN,residential,48855.0,406984.0,31166,Municipal,2024
4294,City of Cookeville - (TN),TN,residential,20619.0,182624.0,15946,Municipal,2024
4437,City of Covington - (TN),TN,residential,5298.0,47690.0,3727,Municipal,2024
4622,"Cumberland Valley Electric, Inc.",TN,residential,105.0,734.0,78,Cooperative,2024
4624,Cumberland Elec Member Corp,TN,residential,213610.0,1643858.0,100585,Cooperative,2024
4920,City of Dayton - (TN),TN,residential,13972.0,116633.0,9053,Municipal,2024
5148,City of Dickson,TN,residential,53049.0,455401.0,30808,Municipal,2024
5399,Duck River Elec Member Corp,TN,residential,144303.0,1154607.0,71342,Cooperative,2024
5509,City of Dyersburg,TN,residential,14465.0,129756.0,9475,Municipal,2024
5763,City of Elizabethton - (TN),TN,residential,37469.0,317055.0,23344,Municipal,2024
5961,Town of Erwin - (TN),TN,residential,11330.0,92620.0,7618,Municipal,2024
6008,City of Etowah,TN,residential,8252.0,60613.0,4443,Municipal,2024
6234,City of Fayetteville,TN,residential,30361.0,254558.0,16667,Municipal,2024
6608,Fort Loudoun Electric Coop,TN,residential,59487.0,491103.0,30527,Cooperative,2024
6784,French Broad Elec Member Corp,TN,residential,1326.9,8898.0,994,Cooperative,2024
6923,City of Gallatin - (TN),TN,residential,33853.0,287320.0,23204,Municipal,2024
7174,Gibson Electric Members Corp,TN,residential,58567.0,450469.0,29331,Cooperative,2024
7625,City of Greeneville - (TN),TN,residential,55921.0,469925.0,32388,Municipal,2024
8147,City of Harriman - (TN),TN,residential,16662.0,123988.0,9335,Municipal,2024
8764,"Holston Electric Coop, Inc",TN,residential,46877.0,359154.0,25773,Cooperative,2024
9023,City of Humboldt,TN,residential,4914.0,43266.0,3529,Municipal,2024
9612,City of Jackson - (TN),TN,residential,48852.0,408065.0,31856,Municipal,2024
9697,City of Jellico,TN,residential,2811.0,21527.0,1620,Municipal,2024
9777,Johnson City - (TN),TN,residential,124321.0,1001670.0,72205,Municipal,2024
10331,Kingsport Power Co,TN,residential,81661.0,636147.0,43159,Investor Owned,2024
10421,Knoxville Utilities Board,TN,residential,318595.0,2540563.0,193707,Municipal,2024
10579,City of LaFollette,TN,residential,34287.0,253837.0,19934,Municipal,2024
10799,City of Lawrenceburg,TN,residential,32255.0,263879.0,18076,Municipal,2024
10906,City of Lenoir - (TN),TN,residential,109361.0,914831.0,62455,Municipal,2024
10960,City of Lewisburg - (TN),TN,residential,7642.0,68095.0,4981,Municipal,2024
10968,City of Lexington - (TN),TN,residential,27930.0,231999.0,17961,Municipal,2024
11222,Loudon Utilities Board,TN,residential,20333.0,177561.0,12698,Municipal,2024
11789,Maryville Utilities,TN,residential,30077.0,266710.0,19971,Municipal,2024
12186,McMinnville Electric System,TN,residential,9258.0,78240.0,6646,Municipal,2024
12293,City of Memphis - (TN),TN,residential,632029.2,5196735.0,380286,Municipal,2024
12330,Meriwether Lewis Electric Coop,TN,residential,58724.0,429142.0,30319,Cooperative,2024
12470,Middle Tennessee E M C,TN,residential,547097.0,4650561.0,307370,Cooperative,2024
12532,City of Milan - (TN),TN,residential,12130.0,100330.0,6902,Municipal,2024
12988,City of Morristown - (TN),TN,residential,21567.0,169235.0,13459,Municipal,2024
13027,"Mountain Electric Coop, Inc",TN,residential,18527.0,150090.0,12539,Cooperative,2024
13039,City of Mt Pleasant - (TN),TN,residential,6441.0,49316.0,3524,Municipal,2024
13216,Nashville Electric Service,TN,residential,689133.0,5115864.0,417640,Municipal,2024
13437,City of Newbern,TN,residential,2080.0,20120.0,1495,Municipal,2024
13550,City of Newport - (TN),TN,residential,35443.0,256270.0,19859,Municipal,2024
13933,City of Oak Ridge,TN,residential,21636.0,173511.0,15497,Municipal,2024
14455,City of Paris - (TN),TN,residential,25131.0,217582.0,16263,Municipal,2024
15016,Pickwick Electric Coop,TN,residential,30854.0,243526.0,16609,Cooperative,2024
15141,Plateau Electric Cooperative,TN,residential,21576.0,163330.0,14331,Cooperative,2024
15293,Powell Valley Electric Coop,TN,residential,29862.0,259807.0,21147,Cooperative,2024
15507,City of Pulaski - (TN),TN,residential,23437.0,176137.0,12432,Municipal,2024
16223,City of Rockwood - (TN),TN,residential,21972.0,172855.0,12042,Municipal,2024
16930,Sequachee Valley Electric Coop,TN,residential,59074.0,455551.0,33206,Cooperative,2024
16949,Sevier County Electric System,TN,residential,54866.0,484327.0,35626,Municipal,2024
17047,City of Shelbyville - (TN),TN,residential,14880.0,131389.0,9877,Municipal,2024
17452,City of Smithville - (TN),TN,residential,3179.0,26250.0,2408,Municipal,2024
17564,South Kentucky Rural E C C,TN,residential,193.0,1402.0,152,Cooperative,2024
17694,Southwest Tennessee E M C,TN,residential,87419.0,677417.0,43750,Cooperative,2024
17740,City of Sparta,TN,residential,3066.0,25681.0,2258,Municipal,2024
17829,City of Springfield - (TN),TN,residential,11338.0,98887.0,7675,Municipal,2024
18384,City of Sweetwater,TN,residential,13451.0,115794.0,7534,Municipal,2024
18643,Tennessee Valley Electric Coop,TN,residential,27509.0,221627.0,16804,Cooperative,2024
19149,City of Trenton - (TN),TN,residential,2961.0,22998.0,1956,Municipal,2024
19154,Tri-State Electric Member Corp,TN,residential,4808.0,34265.0,2812,Cooperative,2024
19162,Tri-County Elec Member Corp (TN),TN,residential,45666.0,370247.0,24824,Cooperative,2024
19266,Tullahoma Board-Public Utils,TN,residential,14248.0,127490.0,9278,Municipal,2024
19430,City of Union City,TN,residential,7184.0,63511.0,5203,Municipal,2024
19574,Upper Cumberland E M C,TN,residential,82319.0,644627.0,45560,Cooperative,2024
19898,Volunteer Electric Coop,TN,residential,180630.0,1481331.0,104387,Cooperative,2024
20228,Weakley County Mun Elec Sys,TN,residential,26706.0,236469.0,15315,Municipal,2024
20793,City of Winchester - (TN),TN,residential,8272.0,70034.0,5292,Municipal,2024
27222,City of Ripley - (TN),TN,residential,8167.0,66145.0,5106,Municipal,2024
40166,"Chickasaw Electric Coop, Inc",TN,residential,35972.0,326957.0,19576,Cooperative,2024
40236,"Forked Deer Electric Coop, Inc",TN,residential,18878.0,131721.0,8345,Cooperative,2024
1015,Austin Energy,TX,residential,638262.0,5074608.0,507291,Municipal,2024
1169,Bailey County Elec Coop Assn,TX,residential,2216.0,25258.0,3348,Cooperative,2024
1175,"Bandera Electric Coop, Inc",TX,residential,61819.0,498494.0,35346,Cooperative,2024
1273,"Bartlett Electric Coop, Inc",TX,residential,30344.3,188623.0,11527,Cooperative,2024
1591,"Big Country Electric Coop, Inc",TX,residential,12135.4,88439.0,9449,Cooperative,2024
1892,"Bluebonnet Electric Coop, Inc",TX,residential,188096.4,1647723.0,113890,Cooperative,2024
2049,"Bowie-Cass Electric Coop, Inc",TX,residential,59350.1,472356.0,34526,Cooperative,2024
2194,City of Brenham - (TX),TX,residential,8234.0,77840.0,6059,Municipal,2024
2409,Brownsville Public Utilities Board,TX,residential,81913.0,644833.0,48146,Municipal,2024
2442,City of Bryan - (TX),TX,residential,89811.0,788907.0,58284,Municipal,2024
3282,"Central Texas Elec Coop, Inc",TX,residential,56175.7,509400.0,39569,Cooperative,2024
3470,Cherokee County Elec Coop Assn - (TX),TX,residential,42747.0,286577.0,22026,Cooperative,2024
3940,City of College Station - (TX),TX,residential,69892.0,479801.0,42995,Municipal,2024
4146,Concho Valley Elec Coop Inc,TX,residential,17351.9,136357.0,12060,Cooperative,2024
4262,Cooke County Elec Coop Assn,TX,residential,30869.0,220350.0,15886,Cooperative,2024
4295,Comanche County Elec Coop Assn,TX,residential,15624.0,100698.0,7359,Cooperative,2024
4939,"Deaf Smith Electric Coop, Inc",TX,residential,4921.9,55734.0,5333,Cooperative,2024
4975,Deep East Texas Elec Coop Inc,TX,residential,63407.0,483986.0,40404,Cooperative,2024
5063,City of Denton - (TX),TX,residential,90528.4,706593.0,58941,Municipal,2024
5078,"Denton County Elec Coop, Inc",TX,residential,596470.0,4330266.0,298734,Cooperative,2024
5701,El Paso Electric Co,TX,residential,358322.0,2661560.0,312576,Investor Owned,2024
6173,Fannin County Electric Coop,TX,residential,25509.0,163036.0,11712,Cooperative,2024
6182,"Farmers Electric Coop, Inc - (TX)",TX,residential,144196.0,1252373.0,84006,Cooperative,2024
6183,"Fayette Electric Coop, Inc",TX,residential,21194.0,168974.0,14150,Cooperative,2024
6427,City of Floresville,TX,residential,31990.7,258528.0,15797,Municipal,2024
6958,City of Garland - (TX),TX,residential,122442.0,908633.0,69421,Municipal,2024
7129,City of Georgetown - (TX),TX,residential,45007.9,324460.0,29904,Municipal,2024
7554,Green Mountain Energy Company,TX,residential,560259.7,3197910.0,292172,Retail Power Marketer,2024
7559,"Grayson-Collin Elec Coop, Inc",TX,residential,201519.0,1228741.0,90464,Cooperative,2024
7561,"Greenbelt Electric Coop, Inc",TX,residential,5113.0,28403.0,3912,Cooperative,2024
7634,City of Greenville - (TX),TX,residential,28417.0,190082.0,15165,Municipal,2024
7752,Guadalupe Valley Elec Coop Inc,TX,residential,165374.3,1324456.0,92189,Cooperative,2024
7979,Hamilton County Elec Coop Assn,TX,residential,31636.6,231024.0,19594,Cooperative,2024
8620,"HILCO Electric Cooperative, Inc.",TX,residential,69635.0,467038.0,26883,Cooperative,2024
8898,Houston County Elec Coop Inc,TX,residential,36637.0,220692.0,21426,Cooperative,2024
9590,"Jackson Electric Coop, Inc - (TX)",TX,residential,22826.0,170123.0,15620,Cooperative,2024
9668,"Jasper-Newton Elec Coop, Inc",TX,residential,35690.0,275394.0,21180,Cooperative,2024
9949,Just Energy,TX,residential,906643.8,5984993.0,407723,Retail Power Marketer,2024
10009,Karnes Electric Coop Inc,TX,residential,22940.0,231647.0,13222,Cooperative,2024
10625,"Lamb County Electric Coop, Inc",TX,residential,3464.0,36392.0,2810,Cooperative,2024
10649,Lamar County Elec Coop Assn,TX,residential,23023.0,167869.0,12935,Cooperative,2024
10817,"Lea County Electric Coop, Inc - (NM)",TX,residential,3037.0,30939.0,1989,Cooperative,2024
11014,"Lighthouse Electric Coop, Inc",TX,residential,3998.4,27407.0,3878,Cooperative,2024
11292,City of Lubbock - (TX),TX,residential,32562.0,237850.0,4825,Municipal,2024
11364,"Lyntegar Electric Coop, Inc",TX,residential,10886.0,121040.0,9021,Cooperative,2024
11501,Magic Valley Electric Coop Inc,TX,residential,200348.7,1963936.0,126402,Cooperative,2024
12268,"Medina Electric Coop, Inc",TX,residential,49460.6,408889.0,30205,Cooperative,2024
12452,Mid-South Electric Coop Assn,TX,residential,76901.7,546054.0,36267,Cooperative,2024
13332,"Navarro County Elec Coop, Inc",TX,residential,38926.0,273090.0,18435,Cooperative,2024
13374,"Constellation NewEnergy, Inc",TX,residential,328069.8,2057121.0,139928,Retail Power Marketer,2024
13418,City of New Braunfels - (TX),TX,residential,89975.0,682873.0,53975,Municipal,2024
13757,North Plains Electric Coop Inc,TX,residential,3440.0,33900.0,3081,Cooperative,2024
13830,Nueces Electric Cooperative,TX,residential,75700.3,708490.0,46409,Cooperative,2024
14424,"Panola-Harrison Elec Coop, Inc",TX,residential,12111.7,128717.0,9394,Cooperative,2024
14626,"Pedernales Electric Coop, Inc",TX,residential,708402.1,5797914.0,405587,Cooperative,2024
15847,Reliant Energy Retail Services,TX,residential,3325842.4,19136371.0,1548250,Retail Power Marketer,2024
16057,"Rio Grande Electric Coop, Inc",TX,residential,19215.6,103812.0,9298,Cooperative,2024
16063,"Rita Blanca Electric Coop, Inc",TX,residential,3142.0,37934.0,1255,Cooperative,2024
16146,"Navasota Valley Elec Coop, Inc",TX,residential,34992.1,222107.0,19672,Cooperative,2024
16461,"Rusk County Electric Coop, Inc",TX,residential,36242.7,281054.0,18152,Cooperative,2024
16604,City of San Antonio - (TX),TX,residential,1382966.5,11123381.0,865914,Municipal,2024
16613,Sam Houston Electric Coop Inc,TX,residential,148891.0,1179641.0,86118,Cooperative,2024
16627,San Patricio Electric Coop Inc,TX,residential,18710.5,133740.0,10007,Cooperative,2024
16638,"San Bernard Electric Coop, Inc",TX,residential,66066.2,466463.0,31774,Cooperative,2024
16900,City of Seguin - (TX),TX,residential,11145.0,102375.0,8478,Municipal,2024
17561,South Plains Electric Coop Inc,TX,residential,74650.4,721370.0,56173,Cooperative,2024
17671,Southwest Arkansas E C C,TX,residential,2528.6,20422.0,1087,Cooperative,2024
17693,"Southwest Texas Elec Coop, Inc",TX,residential,5329.0,39339.0,5886,Cooperative,2024
17698,Southwestern Electric Power Co,TX,residential,238602.0,1984161.0,156271,Investor Owned,2024
17710,"Spark Energy, LP",TX,residential,55263.0,338039.0,22689,Retail Power Marketer,2024
17715,Southwestern Electric Coop Inc - (NM),TX,residential,18.9,81.0,10,Cooperative,2024
17718,Southwestern Public Service Co,TX,residential,340763.3,2552082.0,222146,Investor Owned,2024
18476,"Tara Energy, LLC",TX,residential,73061.3,461003.0,35103,Retail Power Marketer,2024
18976,Trinity Valley Elec Coop Inc,TX,residential,136994.4,1216721.0,79954,Cooperative,2024
19126,"TriEagle Energy, L.P.",TX,residential,235495.6,1556150.0,107801,Retail Power Marketer,2024
19159,"Tri-County Electric Coop, Inc (TX)",TX,residential,266548.2,2106793.0,118075,Cooperative,2024
19160,"Tri-County Electric Coop, Inc (OK)",TX,residential,335.0,2159.0,210,Cooperative,2024
19327,"TXU Energy Retail Co, LLC",TX,residential,3494663.0,18685055.0,1446391,Retail Power Marketer,2024
19490,United Electric Coop Service Inc - (TX),TX,residential,178555.0,1373708.0,88324,Cooperative,2024
19579,Upshur Rural Elec Coop Corp,TX,residential,77807.0,627655.0,44415,Cooperative,2024
19806,"Victoria Electric Coop, Inc",TX,residential,38976.5,321257.0,21500,Cooperative,2024
20230,Weatherford Mun Utility System,TX,residential,25849.0,203739.0,14466,Municipal,2024
20472,"Wharton County Elec Coop, Inc",TX,residential,9899.0,74044.0,5548,Cooperative,2024
20927,"Wood County Electric Coop, Inc",TX,residential,59180.0,461399.0,35793,Cooperative,2024
20948,Wise Electric Coop Inc,TX,residential,54686.0,351373.0,20137,Cooperative,2024
27369,Taylor Electric Coop Inc - (TX),TX,residential,36659.0,238436.0,18722,Cooperative,2024
28604,Kerrville Public Utility Board,TX,residential,24903.2,285925.0,20278,Municipal,2024
28978,City of San Marcos - (TX),TX,residential,29281.0,243423.0,22261,Municipal,2024
49818,"Alliance Power Company, LLC.",TX,residential,8355.8,79547.0,5272,Retail Power Marketer,2024
49853,Amigo Energy,TX,residential,307336.1,1898234.0,146495,Retail Power Marketer,2024
49952,3000 Energy Corp,TX,residential,3123.7,25859.0,1416,Retail Power Marketer,2024
50041,"Stream SPE, LTD",TX,residential,377745.5,2276109.0,158854,Retail Power Marketer,2024
54820,Direct Energy Services,TX,residential,581569.5,3552186.0,266249,Retail Power Marketer,2024
54862,Champion Energy Services,TX,residential,257329.8,2579074.0,225587,Retail Power Marketer,2024
54872,"Accent Energy Holdings, LLC",TX,residential,7471.0,42624.0,3135,Retail Power Marketer,2024
55878,Hudson Energy Services,TX,residential,7734.3,63484.0,4294,Retail Power Marketer,2024
55937,Entergy Texas Inc.,TX,residential,907326.8,6639981.0,457369,Investor Owned,2024
55982,Heart of Texas Electric Coop,TX,residential,43220.0,342370.0,18722,Cooperative,2024
56212,"Ambit Energy Holdings, LLC",TX,residential,771243.6,4107956.0,360476,Retail Power Marketer,2024
56248,"Young Energy, LLC",TX,residential,119805.0,616988.0,53002,Retail Power Marketer,2024
56286,"Frontier Utilities, LLC",TX,residential,300669.2,1787863.0,132700,Retail Power Marketer,2024
56571,AP Holdings LLC,TX,residential,61154.9,664101.0,48235,Retail Power Marketer,2024
56734,Smart Prepaid Electric,TX,residential,148.0,943.0,96,Retail Power Marketer,2024
57132,"US Retailers, LLC",TX,residential,959524.4,6570044.0,412301,Retail Power Marketer,2024
57350,Summer Energy LLC,TX,residential,21180.0,124587.0,8967,Retail Power Marketer,2024
57394,Value Based Brands LLC,TX,residential,535559.0,3178908.0,221191,Retail Power Marketer,2024
57459,"Wolverine Alternative Investments, LLC",TX,residential,332.9,2838.0,124,Retail Power Marketer,2024
57486,"XOOM Energy Texas, LLC",TX,residential,124423.6,757034.0,56866,Retail Power Marketer,2024
58113,"Texas A&M, Utilities & Energy Services",TX,residential,1179.0,13560.0,2,State,2024
58952,Tomorrow Energy Corp.,TX,residential,7860.9,46054.0,3830,Retail Power Marketer,2024
58956,"SmartEnergy Holdings, LLC",TX,residential,1095.0,8791.0,553,Retail Power Marketer,2024
58963,Brooklet Energy Distribution,TX,residential,20560.0,164205.0,14072,Retail Power Marketer,2024
59808,MP2 Energy LLC,TX,residential,84673.9,578090.0,39395,Retail Power Marketer,2024
59931,"MidAmerican Energy Services, LLC",TX,residential,4024.9,30215.0,2167,Retail Power Marketer,2024
60583,Atlantic Energy LLC,TX,residential,953.2,7224.0,774,Retail Power Marketer,2024
61264,Heritage Power LLC,TX,residential,6637.6,45874.0,3235,Retail Power Marketer,2024
61265,Pogo Energy LLC,TX,residential,24458.2,144508.0,11517,Retail Power Marketer,2024
61855,"Pulse Power, LLC",TX,residential,220914.2,1499845.0,101940,Retail Power Marketer,2024
62862,Chariot Energy,TX,residential,74506.3,451677.0,31360,Retail Power Marketer,2024
62952,"Southern Federal Power, LLC",TX,residential,26812.0,338947.0,19461,Retail Power Marketer,2024
62987,Octopus Energy LLC,TX,residential,38522.0,305358.0,16024,Retail Power Marketer,2024
63422,Varsity Energy,TX,residential,12923.5,91958.0,7180,Retail Power Marketer,2024
64011,Rhythm Ops LLC,TX,residential,162524.3,660084.0,99070,Retail Power Marketer,2024
64312,"JP Energy Resources, LLC",TX,residential,4851.6,42184.0,4058,Retail Power Marketer,2024
64521,Ironhorse Power Services LLC,TX,residential,62141.3,751712.0,48611,Retail Power Marketer,2024
64554,OhmConnect Texas LLC,TX,residential,23971.0,172676.0,15567,Retail Power Marketer,2024
64653,Declaration Energy LLC,TX,residential,24911.2,180228.0,28854,Retail Power Marketer,2024
64682,"Gexa Energy, LP",TX,residential,673339.7,3717575.0,259811,Retail Power Marketer,2024
64727,Branch Energy Texas LLC,TX,residential,2690.6,17272.0,1243,Retail Power Marketer,2024
64906,Mothership,TX,residential,145123.0,1029684.0,54612,Retail Power Marketer,2024
64923,Capital Energy PA LLC,TX,residential,5334.5,39155.0,6214,Retail Power Marketer,2024
64929,"Good Charlie & Co., LLC",TX,residential,55123.7,412637.0,23272,Retail Power Marketer,2024
64977,Revolution Energy LLC,TX,residential,7103.6,51618.0,3960,Retail Power Marketer,2024
65314,"BKV-BPP Retail, LLC",TX,residential,136831.5,959459.0,52764,Retail Power Marketer,2024
65353,Arrow Energy TX LLC,TX,residential,1331.0,11485.0,825,Retail Power Marketer,2024
65413,Tesla Energy Ventures,TX,residential,15448.3,116650.0,6348,Retail Power Marketer,2024
66332,"Base Texas REP, LLC",TX,residential,285.2,2456.0,297,Retail Power Marketer,2024
66333,"Light Energy, LLC",TX,residential,53.7,223.0,119,Retail Power Marketer,2024
66436,Maison Energy LLC,TX,residential,65.9,431.0,90,Retail Power Marketer,2024
66867,David Energy Supply LLC,TX,residential,1256.9,10770.0,1267,Retail Power Marketer,2024
2010,City of Bountiful,UT,residential,20849.6,160774.0,15709,Municipal,2024
5862,"Empire Electric Assn, Inc",UT,residential,1237.2,7608.0,946,Cooperative,2024
6957,"Garkane Energy Coop, Inc",UT,residential,14420.7,125989.0,11653,Cooperative,2024
10879,Lehi City Corporation,UT,residential,29047.1,265338.0,27459,Municipal,2024
11135,City of Logan - (UT),UT,residential,15024.3,117191.0,19455,Municipal,2024
12866,Moon Lake Electric Assn Inc,UT,residential,14287.0,159125.0,13275,Cooperative,2024
13073,"Mt Wheeler Power, Inc",UT,residential,216.1,2250.0,211,Cooperative,2024
13137,City of Murray - (UT),UT,residential,14005.0,126657.0,17000,Municipal,2024
13314,Navajo Tribal Utility Authority,UT,residential,1711.0,12296.0,1805,State,2024
14354,PacifiCorp,UT,residential,1078494.4,8613735.0,947246,Investor Owned,2024
15444,Provo City Corp,UT,residential,29407.8,258209.0,35299,Municipal,2024
17732,Spanish Fork City Corporation,UT,residential,13461.0,133336.0,13988,Municipal,2024
17845,City of Springville - (UT),UT,residential,13120.4,102925.0,10852,Municipal,2024
17874,City of St George,UT,residential,38198.4,335123.0,28436,Municipal,2024
18206,Strawberry Electric Serv Dist,UT,residential,7573.3,49963.0,3593,Political Subdivision,2024
20332,Wells Rural Electric Co,UT,residential,584.7,5536.0,510,Cooperative,2024
22814,Raft Rural Elec Coop Inc,UT,residential,503.0,5005.0,381,Cooperative,2024
40165,"Dixie Escalante R E A, Inc",UT,residential,40247.3,451026.0,26906,Cooperative,2024
84,A & N Electric Coop,VA,residential,47920.5,368014.0,33096,Cooperative,2024
733,Appalachian Power Co,VA,residential,995624.0,5850904.0,465283,Investor Owned,2024
2248,Bristol Virginia Utilities,VA,residential,21515.0,195777.0,13633,Municipal,2024
3291,Central Virginia Electric Coop,VA,residential,80033.0,495787.0,34893,Cooperative,2024
4794,City of Danville - (VA),VA,residential,67661.6,450854.0,37781,Municipal,2024
8198,City of Harrisonburg - (VA),VA,residential,23125.0,203590.0,18089,Municipal,2024
10171,Kentucky Utilities Co,VA,residential,46449.1,325240.0,22669,Investor Owned,2024
11560,City of Manassas - (VA),VA,residential,19329.0,166150.0,13947,Municipal,2024
12260,Mecklenburg Electric Cooperative,VA,residential,50807.0,350293.0,30016,Cooperative,2024
13640,Northern Virginia Elec Coop,VA,residential,265681.0,2296226.0,167274,Cooperative,2024
13762,"Northern Neck Elec Coop, Inc",VA,residential,39223.0,243248.0,17991,Cooperative,2024
15293,Powell Valley Electric Coop,VA,residential,9884.0,86575.0,6589,Cooperative,2024
15410,Prince George Electric Coop,VA,residential,22296.0,170875.0,10954,Cooperative,2024
16558,City of Salem - (VA),VA,residential,18847.5,124695.0,11298,Municipal,2024
17066,Shenandoah Valley Elec Coop,VA,residential,164727.5,1192869.0,85281,Cooperative,2024
19876,Virginia Electric & Power Co,VA,residential,4051030.4,28742267.0,2383548,Investor Owned,2024
19882,Virginia Tech Electric Service,VA,residential,9177.6,53434.0,5660,State,2024
21244,"Southside Electric Coop, Inc",VA,residential,116956.9,755643.0,56846,Cooperative,2024
40228,Rappahannock Electric Coop,VA,residential,346690.0,2328716.0,169489,Cooperative,2024
2548,City of Burlington Electric - (VT),VT,residential,16987.2,89954.0,17861,Municipal,2024
7601,Green Mountain Power Corp,VT,residential,352142.0,1594099.0,226675,Investor Owned,2024
19791,"Vermont Electric Cooperative, Inc",VT,residential,56043.6,240929.0,35964,Cooperative,2024
1579,PUD No 1 of Benton County,WA,residential,64590.7,732971.0,50072,Political Subdivision,2024
1625,Benton Rural Electric Assn,WA,residential,21279.3,229481.0,13422,Cooperative,2024
1723,"Big Bend Electric Coop, Inc",WA,residential,10530.9,115719.0,5841,Cooperative,2024
3295,City of Centralia - (WA),WA,residential,12028.2,121687.0,9068,Municipal,2024
3413,PUD No 1 of Chelan County,WA,residential,33049.1,900538.0,42120,Political Subdivision,2024
3644,PUD No 1 of Clallam County,WA,residential,54471.3,459616.0,30585,Political Subdivision,2024
3660,PUD No 1 of Clark County - (WA),WA,residential,276231.2,2653494.0,219477,Political Subdivision,2024
4041,"Columbia Rural Elec Assn, Inc",WA,residential,8490.0,59980.0,4339,Cooperative,2024
4442,PUD No 1 of Cowlitz County,WA,residential,67600.0,768514.0,48267,Political Subdivision,2024
5326,PUD No 1 of Douglas County,WA,residential,14320.0,454640.0,16667,Political Subdivision,2024
5832,Elmhurst Mutual Power & Light Co,WA,residential,18921.7,227517.0,15410,Cooperative,2024
6149,City of Ellensburg - (WA),WA,residential,9950.0,95700.0,8799,Municipal,2024
6716,PUD No 1 of Franklin County,WA,residential,38424.0,396763.0,27388,Political Subdivision,2024
7548,PUD No 1 of Grays Harbor County,WA,residential,63187.0,504823.0,39881,Political Subdivision,2024
8699,Inland Power & Light Company,WA,residential,64202.2,715220.0,41684,Cooperative,2024
10393,PUD No 1 of Klickitat County,WA,residential,19790.0,164190.0,11917,Political Subdivision,2024
10454,Kootenai Electric Cooperative,WA,residential,258.4,2377.0,92,Cooperative,2024
10627,Lakeview Light & Power,WA,residential,10615.0,107115.0,8238,Cooperative,2024
10944,PUD No 1 of Lewis County,WA,residential,46703.1,492598.0,29417,Political Subdivision,2024
12744,Modern Electric Water Company,WA,residential,7588.6,102145.0,9181,Cooperative,2024
13758,"Northern Lights, Inc",WA,residential,28.0,233.0,14,Cooperative,2024
14055,PUD No 1 of Okanogan County,WA,residential,30420.0,297361.0,18133,Political Subdivision,2024
14170,Orcas Power & Light Coop,WA,residential,29823.0,162295.0,13948,Cooperative,2024
14324,PUD No 2 of Pacific County,WA,residential,18052.0,196783.0,16513,Political Subdivision,2024
14354,PacifiCorp,WA,residential,179704.9,1621664.0,114453,Investor Owned,2024
14624,PUD No 2 of Grant County,WA,residential,50832.0,845768.0,42485,Political Subdivision,2024
14653,PUD No 1 of Pend Oreille County,WA,residential,13543.0,157751.0,9120,Political Subdivision,2024
14668,Peninsula Light Company,WA,residential,56522.5,538073.0,35478,Cooperative,2024
15231,City of Port Angeles - (WA),WA,residential,11300.0,123731.0,9321,Municipal,2024
15419,PUD No 3 of Mason County,WA,residential,63717.0,461961.0,33975,Political Subdivision,2024
15500,Puget Sound Energy Inc,WA,residential,1677597.3,11462976.0,1091599,Investor Owned,2024
15979,City of Richland - (WA),WA,residential,37671.0,383484.0,25687,Municipal,2024
16868,City of Seattle - (WA),WA,residential,467404.3,3317659.0,459964,Municipal,2024
17470,PUD No 1 of Snohomish County,WA,residential,452788.0,3933257.0,346532,Political Subdivision,2024
18429,City of Tacoma - (WA),WA,residential,212225.8,1962766.0,180357,Municipal,2024
19784,Vera Irrigation District #15,WA,residential,14678.0,159937.0,12171,Political Subdivision,2024
20169,Avista Corp,WA,residential,315779.0,2661059.0,246055,Investor Owned,2024
59013,PUD No 1 of Jefferson County,WA,residential,29017.3,223058.0,18661,Political Subdivision,2024
108,Adams-Columbia Electric Coop,WI,residential,46745.0,265097.0,35910,Cooperative,2024
307,Algoma Utility Comm,WI,residential,1403.2,10775.0,1654,Municipal,2024
1251,Barron Electric Coop,WI,residential,30025.0,190990.0,19266,Cooperative,2024
1776,City of Black River Falls,WI,residential,2635.4,18397.0,2321,Municipal,2024
1997,City of Boscobel - (WI),WI,residential,1234.7,11590.0,1448,Municipal,2024
2273,Brodhead Water & Lighting Comm,WI,residential,1668.1,12628.0,1545,Municipal,2024
3208,Cedarburg Light & Water Comm,WI,residential,5802.9,45697.0,6063,Municipal,2024
4073,City of Columbus - (WI),WI,residential,2356.0,19092.0,2459,Municipal,2024
4247,Consolidated Water Power Co,WI,residential,72.6,629.0,70,Investor Owned,2024
4607,City of Cuba City,WI,residential,881.6,7724.0,985,Municipal,2024
4715,Dahlberg Light & Power Co,WI,residential,9135.0,72394.0,10939,Investor Owned,2024
5417,Dunn County Electric Coop,WI,residential,16534.0,106993.0,9482,Cooperative,2024
5551,City of Eagle River - (WI),WI,residential,872.7,6024.0,1055,Municipal,2024
5574,East Central Energy,WI,residential,7728.1,46427.0,5182,Cooperative,2024
6043,City of Evansville,WI,residential,4495.5,28402.0,3806,Municipal,2024
6424,Florence Utility Comm,WI,residential,1143.8,7360.0,1428,Municipal,2024
8212,Hartford Electric,WI,residential,6072.2,51874.0,6998,Municipal,2024
9124,Hustisford Utilities,WI,residential,1522.8,11017.0,1315,Municipal,2024
9690,Jefferson Utilities,WI,residential,3489.1,29398.0,3718,Municipal,2024
9936,Juneau Utility Comm,WI,residential,899.9,7699.0,970,Municipal,2024
10056,City of Kaukauna,WI,residential,15556.2,124114.0,14543,Municipal,2024
10605,Lake Mills Light & Water,WI,residential,4163.0,30030.0,4124,Municipal,2024
11125,City of Lodi - (WI),WI,residential,1491.8,11224.0,1490,Municipal,2024
11479,Madison Gas & Electric Co,WI,residential,175040.0,860759.0,147501,Investor Owned,2024
11571,Manitowoc Public Utilities,WI,residential,11997.2,107643.0,16152,Municipal,2024
11740,City of Marshfield - (WI),WI,residential,9721.0,96545.0,11928,Municipal,2024
12298,City of Menasha - (WI),WI,residential,7593.3,61128.0,8607,Municipal,2024
13036,Village of Mt. Horeb - (WI),WI,residential,3632.8,29683.0,3734,Municipal,2024
13145,Village of Muscoda - (WI),WI,residential,785.1,7190.0,938,Municipal,2024
13438,Village of New Glarus - (WI),WI,residential,1078.1,8003.0,1091,Municipal,2024
13448,City of New Holstein - (WI),WI,residential,2547.9,19119.0,2255,Municipal,2024
13467,New London Electric&Water Util,WI,residential,3218.9,26187.0,3501,Municipal,2024
13481,City of New Richmond,WI,residential,4701.0,40537.0,4957,Municipal,2024
13697,North Central Power Co Inc,WI,residential,3991.7,25371.0,4991,Investor Owned,2024
13780,Northern States Power Co,WI,residential,289311.2,1827684.0,220574,Investor Owned,2024
13815,Northwestern Wisconsin Elec Co,WI,residential,11717.7,84695.0,12990,Investor Owned,2024
13936,Oakdale Electric Coop,WI,residential,23056.0,145324.0,17027,Cooperative,2024
13963,Oconomowoc Utilities,WI,residential,11006.0,80049.0,9972,Municipal,2024
13965,Oconto Falls Water & Light Comm,WI,residential,1326.1,9703.0,1364,Municipal,2024
15086,Pioneer Power and Light Co,WI,residential,2402.0,14019.0,2021,Investor Owned,2024
15159,City of Plymouth - (WI),WI,residential,7273.7,61636.0,7358,Municipal,2024
15312,Village of Prairie Du Sac - (WI),WI,residential,1716.8,15161.0,1921,Municipal,2024
15344,Polk-Burnett Electric Coop,WI,residential,29241.0,183871.0,20379,Cooperative,2024
15804,Reedsburg Utility Comm,WI,residential,4698.9,38885.0,4833,Municipal,2024
15978,City of Richland Center - (WI),WI,residential,1954.3,16384.0,2434,Municipal,2024
16060,Riverland Energy Cooperative,WI,residential,37302.3,228807.0,18970,Cooperative,2024
16082,City of River Falls,WI,residential,6800.4,51215.0,6709,Municipal,2024
16196,Rock Energy Cooperative,WI,residential,12105.0,83670.0,7310,Cooperative,2024
16740,Scenic Rivers Energy Coop,WI,residential,27778.1,182361.0,13597,Cooperative,2024
17011,Shawano Municipal Utilities,WI,residential,4285.0,33862.0,4932,Municipal,2024
17324,Slinger Utilities,WI,residential,2505.6,20765.0,2586,Municipal,2024
18181,City of Stoughton - (WI),WI,residential,8030.8,63755.0,8391,Municipal,2024
18249,City of Sturgeon Bay - (WI),WI,residential,6673.8,53539.0,7786,Municipal,2024
18312,Sun Prairie Utilities,WI,residential,14259.6,117532.0,16647,Municipal,2024
18336,Superior Water and Light Co,WI,residential,13217.3,85631.0,13072,Investor Owned,2024
19324,Two Rivers Water & Light,WI,residential,4318.3,33983.0,5573,Municipal,2024
20182,Waterloo Light & Water Comm,WI,residential,1742.3,12515.0,1626,Municipal,2024
20211,Village of Waunakee - (WI),WI,residential,6678.1,57071.0,6677,Municipal,2024
20213,Waupun Utilities,WI,residential,3800.0,32084.0,3950,Municipal,2024
20434,City of Westby,WI,residential,964.4,8376.0,1054,Municipal,2024
20583,Whitehall Electric Utility,WI,residential,756.9,6156.0,778,Municipal,2024
20847,Wisconsin Electric Power Co,WI,residential,1512017.5,7861068.0,1048148,Investor Owned,2024
20856,Wisconsin Power & Light Co,WI,residential,596530.0,3530976.0,437211,Investor Owned,2024
20860,Wisconsin Public Service Corp,WI,residential,477309.8,2940351.0,411775,Investor Owned,2024
20862,Wisconsin Rapids W W & L Comm,WI,residential,12602.0,94221.0,12395,Municipal,2024
40036,Westfield Electric Company,WI,residential,758.0,4226.0,622,Investor Owned,2024
733,Appalachian Power Co,WV,residential,776640.0,4632296.0,348946,Investor Owned,2024
1764,Black Diamond Power Co,WV,residential,4975.5,32418.0,3479,Investor Owned,2024
12796,Monongahela Power Co,WV,residential,500111.5,3579591.0,334588,Investor Owned,2024
15263,The Potomac Edison Company,WV,residential,247917.1,1968719.0,135266,Investor Owned,2024
20521,Wheeling Power Co,WV,residential,64787.0,372163.0,34392,Investor Owned,2024
3461,Cheyenne Light Fuel & Power,WY,residential,47383.0,279321.0,39954,Investor Owned,2024
6169,Fall River Rural Elec Coop Inc,WY,residential,931.0,9330.0,341,Cooperative,2024
7222,City of Gillette - (WY),WY,residential,18747.0,148545.0,13990,Municipal,2024
8566,High Plains Power Inc,WY,residential,19979.0,145725.0,12767,Cooperative,2024
11273,Lower Valley Energy Inc,WY,residential,35469.0,550459.0,22827,Cooperative,2024
12199,Montana-Dakota Utilities Co,WY,residential,17631.0,149770.0,14706,Investor Owned,2024
12825,NorthWestern Energy LLC - (MT),WY,residential,331.0,2580.0,294,Investor Owned,2024
14354,PacifiCorp,WY,residential,140847.5,1047681.0,118130,Investor Owned,2024
19156,Powder River Energy Corp,WY,residential,24668.1,210375.0,15406,Cooperative,2024
19545,"Black Hills Power, Inc.",WY,residential,2604.2,19839.0,2018,Investor Owned,2024
21081,Yampa Valley Electric Assn Inc,WY,residential,968.4,5534.0,569,Cooperative,2024
27058,"High West Energy, Inc",WY,residential,9781.7,68049.0,5579,Cooperative,2024
