company_id,company_name,state,customer_class,revenue_thousand_dollars,volume_mcf,customers,ownership,year
17602003,BARROW UTILITIES ELECTRIC COOP INC,AK,residential,972.5,228094.0,1191,Cooperative,2022
17602017,ENSTAR NAT GAS,AK,residential,220317.9,19732231.0,137908,Investor Owned,2022
17622751,CONOCOPHILLIPS ALASKA  INC,AK,residential,167.0,132592.0,1,Unknown,2022
17695268,INTERIOR ALASKA NATURAL GAS UTILITY,AK,residential,2298.2,107498.0,950,Municipally Owned,2022
17600048,FLORALA GAS DEPARTMENT,AL,residential,86.6,3324.0,227,Municipally Owned,2022
17600049,WEST JEFFERSON GAS SYS TOWN OF,AL,residential,166.9,10598.0,400,Municipally Owned,2022
17600139,SPIRE ALABAMA,AL,residential,297323.5,17405687.0,401900,Investor Owned,2022
17600162,ALEXANDER CITY MUN GAS CO,AL,residential,1583.5,75842.0,2490,Municipally Owned,2022
17600618,ATHENS GAS DEPT CITY OF,AL,residential,5212.2,316056.0,11694,Municipally Owned,2022
17600671,WEST ESCAMBIA UTILITIES INC,AL,residential,356.0,14348.0,696,Municipally Owned,2022
17600932,NORTH BALDWIN UTILITIES,AL,residential,1197.5,80642.0,1957,Municipally Owned,2022
17601027,DORA GAS BD,AL,residential,367.8,16119.0,617,Municipally Owned,2022
17601037,MARSHALL CTY GAS DIST,AL,residential,9049.4,668492.0,16849,Municipally Owned,2022
17601043,NORTH ALABAMA GAS DISTRICT,AL,residential,11660.5,785441.0,20948,Municipally Owned,2022
17601097,CARBON HILL UTIL BD CITY OF,AL,residential,222.5,15636.0,540,Municipally Owned,2022
17601098,CHILDERSBURG WTR SWR GAS,AL,residential,731.6,40897.0,1299,Municipally Owned,2022
17601104,GORDO WATER GAS SEWER BD,AL,residential,426.2,41351.0,530,Municipally Owned,2022
17601110,STEVENSON UTIL BD,AL,residential,362.4,28719.0,243,Municipally Owned,2022
17601115,WILCOX COUNTY GAS DISTRICT,AL,residential,274.6,12190.0,516,Municipally Owned,2022
17601116,PICKENS COUNTY NATURAL GAS DISTRICT,AL,residential,758.5,42864.0,1275,Municipally Owned,2022
17601317,BOAZ CITY OF GAS BD,AL,residential,2450.9,126049.0,3233,Municipally Owned,2022
17602218,CHEROKEE TOWN OF,AL,residential,110.9,6019.0,197,Municipally Owned,2022
17602783,SOUTH ALABAMA GAS,AL,residential,2379.4,116801.0,3889,Municipally Owned,2022
17602985,CORDOVA WTR WKS AND GAS BD,AL,residential,136.4,6886.0,226,Municipally Owned,2022
17603112,CULLMAN JEFFERSON GAS,AL,residential,6908.5,440847.0,11562,Municipally Owned,2022
17603310,DECATUR UTIL GAS DEPT,AL,residential,5791.1,430538.0,11853,Municipally Owned,2022
17603332,DEKALB CHEROKEE COUNTIES,AL,residential,4596.8,258684.0,7150,Municipally Owned,2022
17603742,EAST CENTRAL ALABAMA GAS DISTRICT,AL,residential,1919.2,101408.0,2364,Municipally Owned,2022
17604228,FAYETTE GAS BOARD,AL,residential,988.7,61720.0,1746,Municipally Owned,2022
17604371,FLORENCE NATURAL GAS DEPT CITY OF,AL,residential,6947.4,500784.0,13880,Municipally Owned,2022
17604400,RIVIERA UTILITIES,AL,residential,1992.5,95779.0,6020,Municipally Owned,2022
17604636,FULTONDALE GAS BOARD,AL,residential,5793.2,300817.0,7209,Municipally Owned,2022
17605161,GRAYSVILLE MUNICIPAL GAS SYSTEM,AL,residential,4153.3,199699.0,4319,Municipally Owned,2022
17605558,HARTSELLE UTILITIES,AL,residential,1630.7,107206.0,4055,Municipally Owned,2022
17606233,HUNTSVILLE UTILITIES NAT GAS DEPT,AL,residential,25918.6,1878253.0,55582,Municipally Owned,2022
17606464,JACKSONVILLE,AL,residential,710.4,43832.0,2172,Municipally Owned,2022
17608514,LIVINGSTON CITY OF,AL,residential,516.1,20558.0,398,Municipally Owned,2022
17608879,MAPLESVILLE UT BD,AL,residential,256.2,10441.0,401,Municipally Owned,2022
17609621,UTILITIES BOARD TOWN OF CITRONELLE,AL,residential,3133.5,136033.0,6111,Municipally Owned,2022
17609906,MULGA NAT GAS SYSTEM,AL,residential,857.4,36409.0,963,Municipally Owned,2022
17610347,NW ALABAMA GAS DIST AND FREEBIRD GAS,AL,residential,7718.6,464374.0,13527,Municipally Owned,2022
17610524,ONEONTA UTIL BD,AL,residential,1428.2,68405.0,2397,Municipally Owned,2022
17611343,RED BAY WATER AND GAS,AL,residential,555.8,38533.0,969,Municipally Owned,2022
17611601,ROANOKE UTILITY BOARD,AL,residential,479.6,22986.0,653,Municipally Owned,2022
17611618,ROBERTSDALE CITY OF,AL,residential,113.2,7932.0,213,Municipally Owned,2022
17611652,ROCKFORD TOWN OF,AL,residential,48.5,2010.0,72,Municipally Owned,2022
17611818,RUSSELLVILLE GAS BOARD,AL,residential,2831.0,155506.0,4499,Municipally Owned,2022
17612242,SHEFFIELD UTILITIES,AL,residential,1446.1,99966.0,3292,Municipally Owned,2022
17612759,SOUTHEAST ALABAMA GAS DISTRICT,AL,residential,15359.4,718026.0,27110,Municipally Owned,2022
17613346,SYLACAUGA UTILITIES BOARD,AL,residential,2297.1,182302.0,4678,Municipally Owned,2022
17613385,TALLASSEE CITY OF,AL,residential,429.7,17442.0,720,Municipally Owned,2022
17613879,UTILITIES BOARD OF TRUSSVILLE,AL,residential,15910.2,1018122.0,21538,Municipally Owned,2022
17613918,TUSCUMBIA CITY OF,AL,residential,1586.5,89724.0,2568,Municipally Owned,2022
17614445,WADLEY CITY OF,AL,residential,32.5,2191.0,62,Municipally Owned,2022
17616527,PIEDMONT WATER GAS AND SEWER BOARD,AL,residential,840.4,40008.0,1181,Municipally Owned,2022
17617840,BROOKSIDE GAS SYSTEM,AL,residential,119.4,5639.0,193,Municipally Owned,2022
17617853,SPIRE GULF INC,AL,residential,59185.7,2480341.0,79483,Unknown,2022
17617860,DADEVILLE GAS BOARD,AL,residential,425.9,17537.0,552,Municipally Owned,2022
17617866,GENEVA CTY GAS DIST,AL,residential,361.3,18667.0,909,Municipally Owned,2022
17618616,BRIDGEPORT UTIL BD,AL,residential,257.8,19214.0,643,Municipally Owned,2022
17618617,CALERA CITY OF,AL,residential,1307.4,72478.0,2305,Municipally Owned,2022
17619000,SCOTTSBORO WTR SEWER AND GAS BOARD,AL,residential,1957.0,115967.0,3264,Municipally Owned,2022
17619600,BREWTON CITY OF,AL,residential,716.8,38197.0,1510,Municipally Owned,2022
17619825,VINA TOWN OF NATURAL GAS,AL,residential,189.5,13762.0,315,Municipally Owned,2022
17621927,SUMITON TOWN OF,AL,residential,390.6,22928.0,703,Municipally Owned,2022
17622778,YORK CITY OF,AL,residential,201.8,7822.0,215,Municipally Owned,2022
17672682,WHEELER BASIN NATURAL GAS CO,AL,residential,1311.5,98580.0,3434,Unknown,2022
17679660,UPPER SAND MOUNTAIN GAS DISTRICT,AL,residential,131.6,6445.0,181,Municipally Owned,2022
17690211,CLARKE MOBILE COUNTIES GAS DISTRICT,AL,residential,3449.4,138395.0,5892,Municipally Owned,2022
17600381,DEVALLS BLUFF NAT GAS SYS,AR,residential,76.0,4255.0,126,Municipally Owned,2022
17604438,ARKANSAS OKLAHOMA GAS CORPORATION,AR,residential,41114.0,2198229.0,40168,Other,2022
17605005,AUGUSTA LT WTR GAS,AR,residential,343.3,44704.0,672,Municipally Owned,2022
17605017,LOGAN TWP GAS USERS ASSN,AR,residential,23.1,4705.0,54,Cooperative,2022
17605625,HAZEN GAS CO,AR,residential,217.3,15392.0,450,Municipally Owned,2022
17619002,HARRISBURG WTR GAS DIV,AR,residential,540.1,63989.0,1170,Municipally Owned,2022
17630119,SUMMIT UTILITIES ARKANSAS INC,AR,residential,305354.7,19039653.0,361429,Privately Owned,2022
17671155,BLACK HILLS ENERGY,AR,residential,183980.8,10002272.0,162345,Investor Owned,2022
17601070,BENSON CITY OF,AZ,residential,1562.0,72189.0,1881,Municipally Owned,2022
17609381,MESA CITY OF,AZ,residential,35876.0,1635020.0,69556,Municipally Owned,2022
17611865,SAFFORD CITY OF,AZ,residential,1751.0,174308.0,3386,Municipally Owned,2022
17614895,WILLCOX CITY OF,AZ,residential,537.1,38235.0,1176,Municipally Owned,2022
17616576,SOUTHWEST GAS CORPORATION,AZ,residential,618323.2,31512306.0,1124031,Investor Owned,2022
17619834,NAVAJO TRIBAL UTILITY AUTHORITY,AZ,residential,2614.4,221790.0,4200,Cooperative,2022
17698926,UNS GAS INC,AZ,residential,90028.0,8507577.0,153884,Investor Owned,2022
17608584,LONG BEACH CITY OF,CA,residential,100126.1,4341724.0,144666,Municipally Owned,2022
17610617,PACIFIC GAS,CA,residential,3584223.3,160448746.0,3973821,Investor Owned,2022
17610644,PALO ALTO CITY OF,CA,residential,27665.1,1256425.0,21525,Municipally Owned,2022
17611927,SAN DIEGO GAS AND ELECTRIC COMPANY,CA,residential,541747.9,26964189.0,876430,Investor Owned,2022
17621931,SOUTHERN CALIFORNIA GAS COMPANY,CA,residential,3908645.0,211127336.0,5673684,Investor Owned,2022
17671810,SOUTHWEST GAS CORPORATION,CA,residential,185785.2,10091945.0,194077,Investor Owned,2022
17672371,PITTSBURG POWER CO DBA ISLAND ENERGY,CA,residential,528.4,14815.0,380,Municipally Owned,2022
17672372,ALPINE NATURAL GAS INC,CA,residential,849.6,74525.0,1702,Privately Owned,2022
17674357,WEST COAST GAS CO INC,CA,residential,1255.6,53143.0,1271,Privately Owned,2022
17674364,CITY OF VERNON,CA,residential,12.0,752.0,6,Municipally Owned,2022
17674415,CITY OF SUSANVILLE,CA,residential,2291.2,124334.0,2913,Municipally Owned,2022
17600821,BLACK HILLS ENERGY,CO,residential,224907.3,17305954.0,189224,Investor Owned,2022
17602141,CENTER MUNICIPAL GAS SYSTEM,CO,residential,710.6,70354.0,642,Municipally Owned,2022
17602695,COLORADO SPRINGS UTILITIES,CO,residential,184660.7,13515213.0,196840,Municipally Owned,2022
17604435,FORT MORGAN CITY OF,CO,residential,1709.7,274037.0,4133,Municipally Owned,2022
17605178,ATMOS ENERGY CORPORATION,CO,residential,107490.1,8474826.0,115569,Investor Owned,2022
17608031,AGUILAR TOWN OF,CO,residential,139.9,17804.0,234,Municipally Owned,2022
17611295,RANGELY TOWN OF,CO,residential,753.9,56694.0,842,Municipally Owned,2022
17611459,PUB SERVICE CO OF COLORADO,CO,residential,1252055.1,100582316.0,1356052,Investor Owned,2022
17613832,TRINIDAD CITY OF,CO,residential,2121.4,290487.0,3713,Municipally Owned,2022
17619818,IGNACIO TOWN OF,CO,residential,362.5,24443.0,376,Municipally Owned,2022
17695270,COLORADO NATURAL GAS INC,CO,residential,35787.2,1753511.0,23908,Investor Owned,2022
17602792,YANKEE GAS SVC CO,CT,residential,321804.5,15872393.0,221044,Investor Owned,2022
17610359,NORWICH PUBLIC UTILITIES,CT,residential,13817.1,570001.0,8656,Municipally Owned,2022
17619018,CONNECTICUT NAT GAS CORP,CT,residential,288589.1,16782484.0,169898,Investor Owned,2022
17619865,SOUTHERN CONNECTICUT GAS COMPANY,CT,residential,274783.8,15733894.0,187903,Investor Owned,2022
17614606,WASHINGTON GAS LIGHT COMPANY,DC,residential,147604.4,8851835.0,137617,Investor Owned,2022
17603352,DELMARVA POWER AND LIGHT CO,DE,residential,119206.1,8475843.0,129502,Investor Owned,2022
17624003,CHESAPEAKE UTILITIES CORPORATION,DE,residential,59866.4,3465359.0,67021,Investor Owned,2022
17600120,CENTURY TOWN OF,FL,residential,306.9,10342.0,503,Municipally Owned,2022
17601257,BLOUNTSTOWN CITY OF,FL,residential,119.6,7447.0,515,Municipally Owned,2022
17602272,CHIPLEY CITY OF,FL,residential,114.5,5369.0,414,Municipally Owned,2022
17602362,CHATTAHOOCHEE CITY OF,FL,residential,110.3,6620.0,343,Municipally Owned,2022
17602458,FLORIDA CITY GAS,FL,residential,49905.8,1573970.0,110396,Investor Owned,2022
17602553,CLEARWATER GAS SYS,FL,residential,13255.4,500373.0,27279,Municipally Owned,2022
17603324,DEFUNIAK SPRINGS CITY OF,FL,residential,305.8,9913.0,613,Municipally Owned,2022
17604384,FLORIDA PUBLIC UTILITIES,FL,residential,37541.5,1652956.0,65306,Investor Owned,2022
17604436,FORT PIERCE UTIITIES AUTHORITY,FL,residential,1425.9,41966.0,3581,Municipally Owned,2022
17605591,HAVANA TOWN OF,FL,residential,137.4,7627.0,361,Municipally Owned,2022
17606500,TOWN OF JAY,FL,residential,68.3,4741.0,209,Municipally Owned,2022
17608119,LAKE CITY CITY OF,FL,residential,688.7,35212.0,1910,Municipally Owned,2022
17608315,LEESBURG CITY OF,FL,residential,5440.6,209671.0,13850,Municipally Owned,2022
17608509,LIVE OAK CITY OF,FL,residential,202.6,8076.0,686,Municipally Owned,2022
17608787,MADISON CITY OF,FL,residential,228.2,14239.0,636,Municipally Owned,2022
17608921,MARIANNA CITY OF,FL,residential,257.6,16669.0,1021,Municipally Owned,2022
17609557,MILTON CITY OF,FL,residential,1871.3,85449.0,4315,Municipally Owned,2022
17610469,OKALOOSA GAS DISTRICT,FL,residential,30964.1,1467736.0,47210,Municipally Owned,2022
17610624,PALATKA GAS AUTHORITY,FL,residential,1444.9,51435.0,3549,Municipally Owned,2022
17610913,PENSACOLA ENERGY,FL,residential,25595.2,863287.0,43627,Municipally Owned,2022
17610928,PEOPLES GAS SYS,FL,residential,244050.9,8612960.0,417509,Investor Owned,2022
17610964,PERRY CITY OF,FL,residential,575.5,29156.0,1368,Municipally Owned,2022
17612004,FLORALA GAS DEPARTMENT,FL,residential,21.6,897.0,54,Municipally Owned,2022
17612024,LAKE APOPKA NATURAL GAS DISTRICT,FL,residential,9046.7,564459.0,28222,Municipally Owned,2022
17612051,SUNRISE CITY OF,FL,residential,3962.5,128619.0,9462,Municipally Owned,2022
17612052,WILLISTON CITY OF,FL,residential,139.9,7884.0,437,Municipally Owned,2022
17612053,JASPER CITY OF,FL,residential,90.2,3791.0,176,Municipally Owned,2022
17612933,STARKE CITY OF,FL,residential,186.2,9081.0,545,Municipally Owned,2022
17613382,TALLAHASSEE MUNICIPAL GAS SYSTEM,FL,residential,12151.1,678636.0,32740,Municipally Owned,2022
17616533,CRESCENT CITY NAT GAS,FL,residential,264.7,15018.0,1192,Municipally Owned,2022
17616534,GAINESVILLE REGIONAL UTILITIES,FL,residential,15623.2,688387.0,34889,Municipally Owned,2022
17617884,ST JOE NAT GAS CO,FL,residential,1557.9,42603.0,2691,Investor Owned,2022
17619003,GULF BREEZE CITY OF,FL,residential,1905.5,87603.0,4749,Municipally Owned,2022
17674970,JACKSONVILLE BEACH CITY OF,FL,residential,125.9,10615.0,207,Municipally Owned,2022
17600046,COLQUITT GAS SYS CITY OF,GA,residential,43.2,2436.0,57,Municipally Owned,2022
17600047,CAIRO NAT GAS SYS,GA,residential,543.3,27578.0,1300,Municipally Owned,2022
17600048,WARNER ROBINS CITY OF,GA,residential,3157.4,200747.0,7764,Municipally Owned,2022
17600081,ADAIRSVILLE NAT GAS SYS,GA,residential,748.2,54215.0,1348,Municipally Owned,2022
17600369,AMERICUS CITY OF,GA,residential,897.2,52910.0,1967,Municipally Owned,2022
17600689,AUSTELL NAT GAS SYS,GA,residential,49565.3,3416985.0,57945,Municipally Owned,2022
17600775,BAINBRIDGE CITY OF,GA,residential,202.0,19941.0,554,Municipally Owned,2022
17601441,BOWMAN CITY OF,GA,residential,158.4,8552.0,219,Municipally Owned,2022
17601665,BUFORD CITY OF,GA,residential,43943.6,2694203.0,41735,Municipally Owned,2022
17601934,CAMILLA CITY OF,GA,residential,290.0,17799.0,691,Municipally Owned,2022
17601994,CARTERSVILLE GAS SYSTEM,GA,residential,9096.6,458680.0,9339,Municipally Owned,2022
17602625,COCHRAN CITY OF,GA,residential,322.5,15567.0,687,Municipally Owned,2022
17602745,COMMERCE CITY OF,GA,residential,1054.9,69744.0,1889,Municipally Owned,2022
17602982,CORDELE NATURAL GAS SYSTEM CITY OF,GA,residential,416.6,16764.0,671,Municipally Owned,2022
17603049,COVINGTON NAT GAS SYS,GA,residential,5645.0,397747.0,7933,Municipally Owned,2022
17603202,DALTON UTILITIES,GA,residential,2947.1,217105.0,5373,Municipally Owned,2022
17603282,DAWSON CITY OF,GA,residential,251.2,12285.0,651,Municipally Owned,2022
17603637,DUBLIN CITY OF,GA,residential,1199.2,54430.0,2077,Municipally Owned,2022
17603789,EATONTON CITY OF,GA,residential,766.5,52297.0,1480,Municipally Owned,2022
17603878,ELBERTON UTILITIES  NAT GAS DIV,GA,residential,2271.1,138677.0,3388,Municipally Owned,2022
17605209,GREENSBORO CITY OF,GA,residential,241.9,14195.0,656,Municipally Owned,2022
17605562,HARTWELL CITY OF,GA,residential,1052.2,64593.0,1684,Municipally Owned,2022
17605604,HAWKINSVILLE NATURAL GAS SYSTEM CITY,GA,residential,371.2,17935.0,633,Municipally Owned,2022
17608101,LAFAYETTE CITY OF,GA,residential,1148.5,71279.0,1590,Municipally Owned,2022
17608114,LAGRANGE CITY OF,GA,residential,4219.4,275792.0,7575,Municipally Owned,2022
17608261,LAWRENCEVILLE CITY OF,GA,residential,45156.4,2910417.0,47832,Municipally Owned,2022
17608633,LOUISVILLE CITY OF,GA,residential,337.2,18354.0,563,Municipally Owned,2022
17608788,MADISON CITY OF,GA,residential,780.7,70210.0,1583,Municipally Owned,2022
17609519,MILLEN CITY OF,GA,residential,201.2,10361.0,384,Municipally Owned,2022
17609769,MONTICELLO CITY OF,GA,residential,573.8,33185.0,909,Municipally Owned,2022
17609776,MONROE UTILITIES CITY OF,GA,residential,2788.9,164521.0,3652,Municipally Owned,2022
17609869,MOULTRIE CITY OF,GA,residential,451.0,25091.0,1201,Municipally Owned,2022
17610847,PELHAM CITY OF,GA,residential,183.6,10360.0,253,Municipally Owned,2022
17610966,PERRY CITY OF,GA,residential,845.5,45347.0,1990,Municipally Owned,2022
17611524,RICHLAND CITY OF,GA,residential,84.5,5160.0,110,Municipally Owned,2022
17611766,ROYSTON GAS DEPT CITY OF,GA,residential,840.4,48243.0,1303,Municipally Owned,2022
17612622,SOCIAL CIRCLE CITY OF,GA,residential,809.1,64249.0,1243,Municipally Owned,2022
17612806,SPARTA CITY OF,GA,residential,211.4,14222.0,457,Municipally Owned,2022
17613028,FITZGERALD CITY OF,GA,residential,439.8,30545.0,1689,Municipally Owned,2022
17613029,FORT VALLEY UTILITY COMMISSION,GA,residential,1663.5,96625.0,2489,Municipally Owned,2022
17613082,QUITMAN CITY OF,GA,residential,228.0,14734.0,463,Municipally Owned,2022
17613083,EDISON CITY OF,GA,residential,46.6,6199.0,123,Municipally Owned,2022
17613085,FORT GAINES CITY OF,GA,residential,29.2,1533.0,87,Municipally Owned,2022
17613086,GRANTVILLE CITY OF,GA,residential,466.0,25569.0,668,Municipally Owned,2022
17613092,DONALSONVILLE CITY OF,GA,residential,158.8,10308.0,180,Municipally Owned,2022
17613093,ANDERSONVILLE CITY OF,GA,residential,19.0,1021.0,56,Municipally Owned,2022
17613094,HOGANSVILLE CITY OF,GA,residential,501.0,27863.0,798,Municipally Owned,2022
17613154,SUGAR HILL CITY OF,GA,residential,7853.3,722639.0,11490,Municipally Owned,2022
17613384,TALLAPOOSA CITY OF,GA,residential,563.5,34359.0,872,Municipally Owned,2022
17613604,THOMASVILLE UTILITIES,GA,residential,1264.8,69808.0,2649,Municipally Owned,2022
17613620,THOMSON CITY OF,GA,residential,1512.6,72262.0,2281,Municipally Owned,2022
17613694,TIFTON NATURAL GAS SYSTEM,GA,residential,707.2,37037.0,1546,Municipally Owned,2022
17613702,TOCCOA NATURAL GAS SYSTEM,GA,residential,3431.5,185668.0,4814,Municipally Owned,2022
17613837,TRION TOWN OF,GA,residential,840.6,48376.0,1201,Municipally Owned,2022
17614041,UNION POINT CITY OF,GA,residential,190.2,11065.0,340,Municipally Owned,2022
17614359,WAYNESBORO CITY OF,GA,residential,673.8,41809.0,934,Municipally Owned,2022
17614621,ALBANY WTR GAS LT COMM,GA,residential,4269.0,267011.0,10832,Municipally Owned,2022
17614704,WEST POINT CITY OF,GA,residential,673.4,38787.0,726,Municipally Owned,2022
17614975,WINDER CITY OF,GA,residential,4861.6,290547.0,6511,Municipally Owned,2022
17615121,WRENS CITY OF,GA,residential,368.2,17260.0,566,Municipally Owned,2022
17617848,SYLVESTER CITY OF,GA,residential,276.9,12582.0,593,Municipally Owned,2022
17617857,SUMMERVILLE NAT GAS SYS,GA,residential,2730.4,153585.0,4022,Municipally Owned,2022
17617859,DOUGLAS GAS SYS,GA,residential,401.7,15127.0,831,Municipally Owned,2022
17618615,STATESBORO CITY OF,GA,residential,595.7,38904.0,1643,Municipally Owned,2022
17618619,SYLVANIA CITY OF,GA,residential,245.4,11443.0,387,Municipally Owned,2022
17619900,ADEL CITY OF,GA,residential,156.8,12547.0,445,Municipally Owned,2022
17619901,CUTHBERT NATURAL GAS SYSTEM CITY OF,GA,residential,495.6,30259.0,295,Municipally Owned,2022
17619903,NASHVILLE CITY OF,GA,residential,78.5,5916.0,340,Municipally Owned,2022
17621805,CLAXTON  CITY OF,GA,residential,253.1,11300.0,538,Municipally Owned,2022
17621806,VIENNA CITY OF,GA,residential,107.8,7764.0,378,Municipally Owned,2022
17621807,SHELLMAN CITY OF,GA,residential,69.5,6058.0,104,Municipally Owned,2022
17621808,DOERUN CITY OF,GA,residential,140.8,11266.0,180,Municipally Owned,2022
17621810,UNADILLA  CITY OF,GA,residential,172.7,16316.0,378,Municipally Owned,2022
17621928,BLAKELY CITY OF,GA,residential,155.8,9211.0,406,Municipally Owned,2022
17672320,TRI-COUNTY NATURAL GAS AUTHORITY,GA,residential,718.4,41130.0,993,Municipally Owned,2022
17676210,LIBERTY ENERGY DBA LIBERTY UTILITES,GA,residential,43930.1,2045093.0,52259,Unknown,2022
17615001,THE GAS COMPANY LLC,HI,residential,34396.5,598663.0,28916,Investor Owned,2022
17600033,MOULTON MUN GAS SYS,IA,residential,187.6,13053.0,176,Municipally Owned,2022
17600034,BEDFORD CITY NATURAL GAS,IA,residential,553.1,43107.0,544,Municipally Owned,2022
17600179,LENOX GAS SYSTEM,IA,residential,415.4,41728.0,480,Municipally Owned,2022
17600187,SABULA CITY OF,IA,residential,296.7,20333.0,257,Municipally Owned,2022
17600204,ALLERTON GAS CO,IA,residential,175.4,14266.0,169,Investor Owned,2022
17601247,BLOOMFIELD CITY OF,IA,residential,773.9,65736.0,993,Municipally Owned,2022
17602005,CASCADE MUN UTIL,IA,residential,733.6,61507.0,940,Municipally Owned,2022
17602042,LORIMOR MUNICIPAL GAS SYS,IA,residential,161.6,8674.0,161,Municipally Owned,2022
17602128,CEDAR FALLS UTIL,IA,residential,10924.2,933345.0,13498,Municipally Owned,2022
17602935,COON RAPIDS MUN UTIL,IA,residential,604.5,43248.0,558,Municipally Owned,2022
17602996,CORNING MUNICIPAL UTILITIES,IA,residential,425.8,50270.0,774,Municipally Owned,2022
17604067,WAUKEE MUNICIPAL GAS,IA,residential,8678.8,564604.0,8675,Municipally Owned,2022
17605098,GRAETTINGER TOWN OF,IA,residential,264.3,25545.0,353,Municipally Owned,2022
17605328,GUTHRIE CTR MUNICIPAL UTILITIES,IA,residential,426.9,49636.0,660,Municipally Owned,2022
17605491,HARLAN MUNICIPAL UTILITIES,IA,residential,924.2,134803.0,1958,Municipally Owned,2022
17605594,HAWARDEN MUNICIPAL UTILITIES,IA,residential,790.7,63823.0,880,Municipally Owned,2022
17608164,LAMONI MUN UTIL,IA,residential,442.5,49124.0,627,Municipally Owned,2022
17608856,MANILLA CITY OF,IA,residential,304.5,21460.0,319,Municipally Owned,2022
17608866,MANNING MUN NAT GAS,IA,residential,747.7,57644.0,801,Municipally Owned,2022
17609832,MORNING SUN MUNICIPAL NAT GAS SYS,IA,residential,256.5,23672.0,311,Municipally Owned,2022
17610551,OSAGE MUN GAS UTIL,IA,residential,1490.2,149694.0,1756,Municipally Owned,2022
17611440,REMSEN MUNICIPAL UTILITIES,IA,residential,451.4,40826.0,638,Municipally Owned,2022
17611852,SAC CITY MUNICIPAL GAS CO,IA,residential,692.3,61822.0,805,Municipally Owned,2022
17611942,SANBORN MUNICIPAL GAS UTILITY,IA,residential,440.6,37732.0,522,Municipally Owned,2022
17612458,SIOUX CENTER MUN GAS,IA,residential,1268.4,132601.0,2171,Municipally Owned,2022
17614680,WEST BEND MUN GAS,IA,residential,294.4,27355.0,316,Municipally Owned,2022
17614849,WHITTEMORE MUN GAS,IA,residential,210.6,14044.0,229,Municipally Owned,2022
17614986,WINFIELD MUNICIPAL GAS,IA,residential,289.8,27646.0,370,Municipally Owned,2022
17615081,WOODBINE MUNICIPAL NATURAL GAS,IA,residential,395.0,29265.0,529,Municipally Owned,2022
17618620,TIPTON CITY OF,IA,residential,1136.7,102335.0,1256,Municipally Owned,2022
17619011,EMMETSBURG MUNICIPAL UTILITIES,IA,residential,1091.3,111786.0,1361,Municipally Owned,2022
17619034,PRESCOTT MUN NAT GAS CO,IA,residential,94.5,7575.0,92,Municipally Owned,2022
17619046,CLEARFIELD NAT GAS CO,IA,residential,89.9,7883.0,108,Municipally Owned,2022
17619047,LINEVILLE MUN NAT GAS SYSTEM,IA,residential,73.5,6474.0,87,Municipally Owned,2022
17619048,PRESTON CITY OF,IA,residential,326.9,28883.0,414,Municipally Owned,2022
17619049,ROLFE MUNICIPAL GAS,IA,residential,218.0,21053.0,219,Municipally Owned,2022
17619686,WELLMAN GAS SYSTEM,IA,residential,455.4,39791.0,568,Municipally Owned,2022
17619693,BROOKLYN MUNICIPAL UTILITIES,IA,residential,387.0,36115.0,538,Municipally Owned,2022
17619697,GILMORE CITY MUNICIPAL GAS SYSTEM,IA,residential,156.1,16348.0,229,Municipally Owned,2022
17619725,MONTEZUMA NATURAL GAS DEPT,IA,residential,531.5,49720.0,645,Municipally Owned,2022
17619726,CITY OF BRIGHTON,IA,residential,270.4,18208.0,250,Municipally Owned,2022
17619741,WAYLAND MUN GAS SYS,IA,residential,379.3,30256.0,402,Municipally Owned,2022
17621809,BLACK HILLS ENERGY,IA,residential,169198.6,10395590.0,144720,Investor Owned,2022
17650918,MIDAMERICAN ENERGY COMPANY,IA,residential,503603.8,41081403.0,555899,Investor Owned,2022
17673901,HARTLEY CITY OF,IA,residential,597.4,46202.0,634,Municipally Owned,2022
17673902,LAKE PARK,IA,residential,430.0,46384.0,612,Municipally Owned,2022
17673903,ORANGE CITY MUNICIPAL UTILITIES,IA,residential,1247.5,122095.0,1804,Municipally Owned,2022
17673904,ROCK RAPIDS,IA,residential,1813.9,159539.0,1215,Municipally Owned,2022
17674429,MAPLETON CITY OF,IA,residential,373.7,27930.0,425,Municipally Owned,2022
17674470,ALTON MUNICIPAL UTILITIES,IA,residential,353.6,28479.0,409,Municipally Owned,2022
17675801,LIBERTY ENERGY DBA LIBERTY UTILITIES,IA,residential,4228.5,282666.0,3559,Investor Owned,2022
17680493,TRAER MUNICIPAL UTILITIES,IA,residential,686.1,56152.0,687,Municipally Owned,2022
17695284,WALL LAKE CITY OF,IA,residential,259.2,23363.0,315,Municipally Owned,2022
17695290,FAIRBANK MUNICIPAL GAS,IA,residential,428.5,35403.0,436,Municipally Owned,2022
17695310,EVERLY MUNCIPAL UTILITY,IA,residential,242.0,21005.0,263,Municipally Owned,2022
17696331,INTERSTATE POWER AND LIGHT COMPANY,IA,residential,201976.3,15292872.0,200823,Investor Owned,2022
17606391,INTERMOUNTIAN GAS COMPANY,ID,residential,224283.3,29781123.0,369416,Investor Owned,2022
17611024,QUESTAR GAS COMPANY,ID,residential,1714.3,165756.0,2190,Investor Owned,2022
17614616,AVISTA UTILITIES,ID,residential,60771.3,6029477.0,82925,Investor Owned,2022
17600035,TOLDEDO VILLAGE OF,IL,residential,347.7,28818.0,439,Municipally Owned,2022
17600037,CITY OF GRAND TOWER,IL,residential,112.3,6357.0,162,Municipally Owned,2022
17600039,SHAWNEETOWN MUNICIPAL GAS,IL,residential,382.8,21557.0,346,Municipally Owned,2022
17600042,NEW BOSTON MUN GAS SYS,IL,residential,285.8,21721.0,318,Municipally Owned,2022
17600043,VILLAGE OF PLEASANT HILL,IL,residential,326.8,25429.0,389,Municipally Owned,2022
17600044,VILLAGE OF PAWNEE,IL,residential,1134.3,71567.0,992,Municipally Owned,2022
17600050,WINCHESTER CITY OF,IL,residential,594.3,50518.0,683,Municipally Owned,2022
17600161,ALEDO CITY OF,IL,residential,1485.2,126387.0,1497,Municipally Owned,2022
17600180,COBDEN MUN GAS SYS,IL,residential,276.8,14958.0,247,Municipally Owned,2022
17600181,RIVERTON VILLAGE OF,IL,residential,1308.8,93253.0,1443,Municipally Owned,2022
17600434,ANNA CITY OF,IL,residential,1078.3,94631.0,1419,Municipally Owned,2022
17601132,BETHANY VILLAGE OF,IL,residential,389.7,44197.0,562,Municipally Owned,2022
17601881,CAIRO PUB UTIL CO,IL,residential,1280.2,100094.0,1607,Municipally Owned,2022
17602225,CHESTER CITY OF,IL,residential,1042.1,98445.0,1848,Municipally Owned,2022
17602377,CISNE VILLAGE OF,IL,residential,172.3,18661.0,286,Municipally Owned,2022
17602536,CLAY CITY VILLAGE OF,IL,residential,215.3,21507.0,335,Municipally Owned,2022
17602853,CONSUMERS GAS CO,IL,residential,3655.0,332161.0,4594,Investor Owned,2022
17603070,VILLAGE OF CROSSVILLE,IL,residential,179.6,18743.0,255,Municipally Owned,2022
17603511,DIVERNON VILLAGE OF,IL,residential,850.8,54938.0,736,Municipally Owned,2022
17603687,DUPO VILLAGE OF,IL,residential,781.0,65678.0,1137,Municipally Owned,2022
17603837,EDINBURG MUN GAS SYSTEM,IL,residential,353.2,30273.0,452,Municipally Owned,2022
17604104,FAIRFIELD CITY OF,IL,residential,1724.6,138466.0,2080,Municipally Owned,2022
17604283,FINDLAY VILLAGE OF,IL,residential,332.8,34312.0,463,Municipally Owned,2022
17604345,FLAT ROCK MUNICIPAL GAS,IL,residential,177.9,13547.0,180,Municipally Owned,2022
17604367,FLORA CITY OF,IL,residential,1401.6,129556.0,1968,Municipally Owned,2022
17605162,GRAYVILLE CITY OF,IL,residential,366.5,40806.0,594,Municipally Owned,2022
17605213,GREENUP VILLAGE OF,IL,residential,405.1,49157.0,722,Municipally Owned,2022
17606306,ILLINOIS GAS COMPANY,IL,residential,6645.5,593907.0,8156,Privately Owned,2022
17606651,JONESBORO CITY OF,IL,residential,500.6,32592.0,583,Municipally Owned,2022
17608635,LOUISVILLE VILLAGE OF,IL,residential,231.4,24181.0,373,Municipally Owned,2022
17609292,MCLEANSBORO CITY OF,IL,residential,727.5,85988.0,1317,Municipally Owned,2022
17609852,MORTON VILLAGE OF,IL,residential,5339.9,463207.0,5516,Municipally Owned,2022
17609870,MT CARMEL PUBLIC UTILITY CO,IL,residential,2821.3,199713.0,3042,Investor Owned,2022
17610023,NASHVILLE CITY OF,IL,residential,754.1,70737.0,1143,Municipally Owned,2022
17610260,NORRIS CITY VILLAGE OF,IL,residential,344.6,32006.0,502,Municipally Owned,2022
17610289,NORTH SHORE GAS COMPANY,IL,residential,214113.1,18026422.0,141524,Investor Owned,2022
17610322,NICOR GAS,IL,residential,2650548.1,214006597.0,1915736,Investor Owned,2022
17610960,PEOPLES GAS LIGHT AND COKE COMPANY,IL,residential,1356325.6,77442581.0,786232,Investor Owned,2022
17611237,PITTSFIELD CITY OF,IL,residential,1616.8,127739.0,1935,Municipally Owned,2022
17611344,RED BUD CITY OF,IL,residential,943.2,93964.0,1508,Municipally Owned,2022
17611702,ROODHOUSE CITY OF,IL,residential,474.4,50014.0,688,Municipally Owned,2022
17611907,SALEM CITY OF,IL,residential,1701.2,167537.0,2635,Municipally Owned,2022
17612667,ROCK ENERGY COOPERATIVE,IL,residential,8165.2,740193.0,8334,Cooperative,2022
17613058,VILLAGE OF STONINGTON,IL,residential,177.9,31646.0,395,Municipally Owned,2022
17613158,SULLIVAN CITY OF,IL,residential,1511.4,146566.0,2174,Municipally Owned,2022
17614301,VIENNA MUNICIPAL GAS SYSTEM,IL,residential,265.6,24102.0,410,Municipally Owned,2022
17614625,WATERLOO CITY OF,IL,residential,2762.8,240044.0,3937,Municipally Owned,2022
17614664,WAVERLY UTIL DEPT,IL,residential,443.5,37742.0,502,Municipally Owned,2022
17614669,WAYNE CITY VILLAGE OF,IL,residential,381.6,40681.0,444,Municipally Owned,2022
17614762,WESTVILLE GAS COMMISSION,IL,residential,1087.8,103641.0,1424,Municipally Owned,2022
17614799,WHITE HALL CITY OF,IL,residential,976.8,70244.0,882,Municipally Owned,2022
17616536,PINCKNEYVILLE CITY OF,IL,residential,878.3,86838.0,1279,Municipally Owned,2022
17617078,CASEY CITY OF,IL,residential,792.5,96033.0,1294,Municipally Owned,2022
17617079,ENFIELD MUNICIPAL GAS SYSTEM,IL,residential,165.6,15633.0,256,Municipally Owned,2022
17617083,EQUALITY MUNICIPAL GAS,IL,residential,178.6,11970.0,176,Municipally Owned,2022
17617084,FRANKLIN VILLAGE OF,IL,residential,154.5,18107.0,267,Municipally Owned,2022
17617085,GEFF VILLAGE OF,IL,residential,91.8,9593.0,163,Municipally Owned,2022
17617844,VILLAGE OF ROSSVILLE,IL,residential,443.5,43892.0,529,Municipally Owned,2022
17617879,MARSHALL CITY OF,IL,residential,1620.2,148446.0,1937,Municipally Owned,2022
17619672,MILFORD VILLAGE OF,IL,residential,556.6,54481.0,650,Municipally Owned,2022
17619673,MARTINSVILLE CITY OF,IL,residential,329.5,32625.0,496,Municipally Owned,2022
17619695,BUSHNELL CITY OF,IL,residential,977.4,102422.0,1342,Municipally Owned,2022
17619699,BELLE RIVE GAS SYSTEM,IL,residential,53.4,6759.0,121,Municipally Owned,2022
17619823,BLUFORD GAS,IL,residential,323.8,22516.0,429,Municipally Owned,2022
17619891,THEBES VILLAGE OF,IL,residential,40.5,2902.0,58,Municipally Owned,2022
17619904,DAHLGREN GAS SYSTEM,IL,residential,123.9,13845.0,221,Municipally Owned,2022
17619907,CITY OF AUBURN,IL,residential,1398.5,107381.0,1569,Municipally Owned,2022
17650922,MIDAMERICAN ENERGY COMPANY,IL,residential,63631.8,5066119.0,60353,Investor Owned,2022
17671862,AMEREN ILLINOIS,IL,residential,846251.7,56447367.0,744995,Investor Owned,2022
17674361,JO-CARROLL ENERGY,IL,residential,5904.3,380357.0,5282,Cooperative,2022
17675800,LIBERTY UTILITY MIDSTATES CO,IL,residential,21216.4,1367357.0,19152,Investor Owned,2022
17600174,INDIANA UTILITIES CORPORATION,IN,residential,2497.0,219025.0,3330,Investor Owned,2022
17600688,AURORA UTILITIES SYSTEM,IN,residential,1224.5,103538.0,1655,Municipally Owned,2022
17600909,BATESVILLE GAS UTILITY,IN,residential,1851.3,178904.0,2744,Municipally Owned,2022
17601371,BOONVILLE NAT GAS CORP,IN,residential,3358.6,274079.0,4623,Privately Owned,2022
17606226,HUNTINGBURG CITY OF,IN,residential,1869.6,182464.0,3470,Municipally Owned,2022
17606363,INDIANA GAS COMPANY INC,IN,residential,562377.3,45257467.0,582580,Investor Owned,2022
17606365,INDIANA NATURAL GAS CORP,IN,residential,4776.3,430659.0,6886,Investor Owned,2022
17606497,JASONVILLE CITY OF,IN,residential,621.0,49342.0,795,Municipally Owned,2022
17606498,JASPER CITY OF,IN,residential,2111.0,200204.0,3600,Municipally Owned,2022
17608201,LAPEL MUNICIPAL WATER AND GAS,IN,residential,447.2,51301.0,739,Municipally Owned,2022
17608260,SYCAMORE GAS CO,IN,residential,6333.9,366126.0,5866,Privately Owned,2022
17608389,LINTON CITY OF,IN,residential,2068.3,145738.0,2140,Municipally Owned,2022
17609763,MONTEZUMA MUNICIPAL GAS UTILITY,IN,residential,395.5,25927.0,375,Municipally Owned,2022
17610173,NEW HARMONY MUN GAS UTILITY,IN,residential,343.7,30771.0,337,Municipally Owned,2022
17610324,NORTHERN INDIANA PUBLIC SERVICE CO,IN,residential,667284.3,60169405.0,726999,Unknown,2022
17610444,OHIO VALLEY GAS CORP,IN,residential,22675.4,1818116.0,26021,Investor Owned,2022
17611598,ROACHDALE MUNICIPAL GAS UTILITY,IN,residential,465.1,23245.0,275,Municipally Owned,2022
17612718,SOUTHERN INDIANA GAS AND ELECTRIC,IN,residential,102530.4,6788552.0,103898,Investor Owned,2022
17616537,CITIZENS ENERGY GROUP,IN,residential,191647.0,19756535.0,258204,Municipally Owned,2022
17616538,PITTSBORO TOWN OF,IN,residential,1099.7,73322.0,1098,Municipally Owned,2022
17618032,OSGOOD MUN SYS,IN,residential,430.9,38284.0,668,Municipally Owned,2022
17618050,CHRISNEY MUNICIPAL GAS DEPT,IN,residential,157.5,9897.0,181,Municipally Owned,2022
17618052,FOUNTAINTOWN GAS CO,IN,residential,3237.0,293164.0,3369,Privately Owned,2022
17618055,SOUTH EASTERN INDIANA NAT GAS,IN,residential,1502.4,108154.0,1823,Privately Owned,2022
17619004,RENSSELAER GAS UTIL DEPT,IN,residential,1730.3,217788.0,2620,Municipally Owned,2022
17619019,POSEYVILLE MUN GAS CO,IN,residential,252.2,21013.0,358,Municipally Owned,2022
17619024,CITIZENS GAS OF WESTFIELD,IN,residential,6264.9,414554.0,5962,Privately Owned,2022
17619807,SWITZERLAND COUNTY NATURAL GAS CO,IN,residential,515.6,35712.0,582,Investor Owned,2022
17619892,BAINBRIDGE MUNICIPAL GAS UTILITY,IN,residential,234.8,16862.0,258,Municipally Owned,2022
17619913,COMMUNITY NATURAL GAS CO INC,IN,residential,6144.9,427258.0,6983,Investor Owned,2022
17671010,MIDWEST NATURAL GAS,IN,residential,10197.6,769135.0,13027,Investor Owned,2022
17673293,VALLEY RURAL UTILITY CO,IN,residential,259.8,42245.0,725,Cooperative,2022
17600032,ABBYVILLE CITY OF,KS,residential,31.4,2719.0,47,Municipally Owned,2022
17600177,PARTRIDGE CITY OF,KS,residential,84.2,4812.0,104,Municipally Owned,2022
17600192,UNIONTOWN CITY OF,KS,residential,85.3,5686.0,104,Municipally Owned,2022
17600235,ALMA CITY OF,KS,residential,357.4,27623.0,384,Municipally Owned,2022
17600246,ALTAMONT CITY OF,KS,residential,298.1,27382.0,434,Municipally Owned,2022
17600491,ARGONIA CITY OF,KS,residential,147.8,12613.0,251,Municipally Owned,2022
17601250,DENISON CITY OF,KS,residential,110.5,8186.0,133,Municipally Owned,2022
17601310,CITY OF HARDTNER,KS,residential,75.7,5008.0,89,Municipally Owned,2022
17601715,CITY OF BURLINGAME,KS,residential,367.0,29916.0,465,Municipally Owned,2022
17601742,BURRTON MUN GAS SYS,KS,residential,120.3,11685.0,226,Municipally Owned,2022
17602012,CASSODAY CITY OF,KS,residential,77.7,4970.0,104,Municipally Owned,2022
17602177,MIDWEST ENERGY INC,KS,residential,31165.4,2335148.0,32986,Cooperative,2022
17602327,CHANUTE CITY OF,KS,residential,2702.4,241901.0,3563,Municipally Owned,2022
17603004,PALMER CITY OF,KS,residential,42.5,4338.0,62,Municipally Owned,2022
17604796,GARNETT CITY OF,KS,residential,942.3,96017.0,1354,Municipally Owned,2022
17605411,HALSTEAD MUN GAS DEPT,KS,residential,480.0,41987.0,687,Municipally Owned,2022
17605756,HESSTON CITY OF,KS,residential,709.7,59345.0,1087,Municipally Owned,2022
17606198,HUMBOLDT CITY OF,KS,residential,547.5,44561.0,694,Municipally Owned,2022
17606340,CITY OF IOLA,KS,residential,1840.9,153528.0,2052,Municipally Owned,2022
17606727,KANSAS GAS SERVICE COMPANY,KS,residential,664721.7,43790217.0,591987,Investor Owned,2022
17606756,KECHI CITY OF,KS,residential,597.9,36086.0,730,Municipally Owned,2022
17608627,LOUISBURG CITY OF,KS,residential,1071.9,87309.0,1418,Municipally Owned,2022
17609246,MCFARLAND CITY OF,KS,residential,95.3,5775.0,112,Municipally Owned,2022
17609294,MCLOUTH CITY OF,KS,residential,243.9,20313.0,331,Municipally Owned,2022
17609864,MOUNDRIDGE CITY OF,KS,residential,316.4,40256.0,716,Municipally Owned,2022
17610132,NEODESHA CITY OF,KS,residential,632.1,58635.0,942,Municipally Owned,2022
17610550,OSAGE CITY NATURAL GAS,KS,residential,1151.5,75500.0,1206,Municipally Owned,2022
17611326,READING CITY OF,KS,residential,32.1,2681.0,64,Municipally Owned,2022
17612219,SHARON CITY OF,KS,residential,94.0,6213.0,102,Municipally Owned,2022
17612818,SPEARVILLE CITY OF,KS,residential,199.6,19723.0,308,Municipally Owned,2022
17613349,SYLVIA TOWN OF,KS,residential,102.9,7049.0,122,Municipally Owned,2022
17614984,WINFIELD CITY OF,KS,residential,2151.4,279464.0,4464,Municipally Owned,2022
17617863,LYONS CITY OF,KS,residential,1224.2,78386.0,1405,Municipally Owned,2022
17617871,LA CYGNE GAS COMPANY,KS,residential,215.9,16559.0,293,Municipally Owned,2022
17619808,LEBO CITY OF,KS,residential,195.4,14101.0,286,Municipally Owned,2022
17619821,HOWARD CITY OF,KS,residential,293.7,17444.0,288,Municipally Owned,2022
17619866,CHENEY CITY OF,KS,residential,591.1,40760.0,719,Municipally Owned,2022
17619893,WALTON CITY OF,KS,residential,88.4,7171.0,94,Municipally Owned,2022
17620004,GARDEN PLAIN MUN GAS CO,KS,residential,224.9,19167.0,308,Municipally Owned,2022
17620005,CITY OF ISABEL,KS,residential,35.8,2525.0,42,Municipally Owned,2022
17620008,AMERICAN ENERGIES GAS SERVICES LLC,KS,residential,151.8,11591.0,154,Privately Owned,2022
17620024,ESKRIDGE GAS SYSTEM,KS,residential,410.3,29847.0,505,Municipally Owned,2022
17620036,JAMESTOWN MUN GAS SYS,KS,residential,83.0,11477.0,130,Municipally Owned,2022
17620079,WETMORE CITY OF,KS,residential,87.3,10243.0,137,Municipally Owned,2022
17620082,HARVEYVILLE CITY OF,KS,residential,118.9,6086.0,90,Municipally Owned,2022
17620089,AUBURN CITY OF,KS,residential,830.4,70472.0,1142,Municipally Owned,2022
17620092,LITTLE RIVER CITY OF,KS,residential,201.3,12411.0,207,Municipally Owned,2022
17620301,MULBERRY MUNICIPAL NATURAL GAS SYS,KS,residential,193.0,13513.0,216,Municipally Owned,2022
17621922,SAWYER CITY OF,KS,residential,59.5,4305.0,68,Municipally Owned,2022
17622749,ROZEL MUN GAS,KS,residential,42.7,3298.0,73,Municipally Owned,2022
17641129,ATMOS ENERGY CORPORATION,KS,residential,120077.8,10835127.0,129256,Investor Owned,2022
17674411,TEXAS KANSAS OKLAHOMA GAS LLC,KS,residential,3.6,271.0,2,Privately Owned,2022
17674416,MORLAND CITY OF,KS,residential,78.1,6246.0,93,Municipally Owned,2022
17675551,TEXAS KANSAS OKLAHOMA GAS LLC,KS,residential,18.7,1305.0,6,Privately Owned,2022
17681028,BLACK HILLS ENERGY,KS,residential,101575.3,6565781.0,104467,Investor Owned,2022
17695280,WINONA GAS,KS,residential,102.1,9583.0,181,Municipally Owned,2022
17600476,WHEELWRIGHT UTILITY COMMISSION,KY,residential,7.6,4186.0,176,Municipally Owned,2022
17600683,AUGUSTA CITY OF,KY,residential,371.3,30989.0,414,Municipally Owned,2022
17600858,BARDWELL NAT GAS,KY,residential,384.3,30657.0,532,Municipally Owned,2022
17601075,BENTON GAS SYSTEM,KY,residential,3137.2,342892.0,5743,Municipally Owned,2022
17601119,BARLOW MUN GAS CO,KY,residential,202.1,13023.0,237,Municipally Owned,2022
17601251,DRAKESBORO NAT GAS,KY,residential,685.3,43750.0,565,Municipally Owned,2022
17601986,CARROLLTON CITY OF,KY,residential,1056.0,129375.0,1964,Municipally Owned,2022
17602098,CARLISLE CITY OF,KY,residential,478.7,29451.0,464,Municipally Owned,2022
17602535,CLAY CITY OF,KY,residential,402.6,35300.0,471,Municipally Owned,2022
17602577,CLINTON CITY OF,KY,residential,449.7,29448.0,474,Municipally Owned,2022
17602705,COLUMBIA GAS OF KENTUCKY INC,KY,residential,121148.5,7258085.0,111513,Investor Owned,2022
17603893,ELIZABETHTOWN CITY OF,KY,residential,3127.1,429224.0,6493,Municipally Owned,2022
17604259,FERGUSON CITY OF,KY,residential,144.6,7693.0,180,Municipally Owned,2022
17604633,FULTON NAT GAS SYS,KY,residential,558.0,44123.0,784,Municipally Owned,2022
17605621,HAZARD CITY OF,KY,residential,748.9,58494.0,1285,Municipally Owned,2022
17605681,HENDERSON MUNICIPAL GAS,KY,residential,5905.4,508285.0,8101,Municipally Owned,2022
17605766,HICKMAN CITY OF,KY,residential,400.1,30540.0,566,Municipally Owned,2022
17606832,NATURAL ENERGY UTIL CORP,KY,residential,1401.5,120743.0,1362,Investor Owned,2022
17607086,LA CENTER CITY OF,KY,residential,244.8,16296.0,294,Municipally Owned,2022
17608331,LEITCHFIELD UTIL,KY,residential,842.9,82002.0,1793,Municipally Owned,2022
17608417,LEWISPORT CITY OF,KY,residential,1029.4,74059.0,1250,Municipally Owned,2022
17608430,LIBERTY GAS CO,KY,residential,256.9,15073.0,328,Municipally Owned,2022
17608632,LOUISVILLE GAS AND ELECTRIC CO,KY,residential,308451.2,19050271.0,305431,Investor Owned,2022
17609805,MOREHEAD UTILITY PLANT BOARD,KY,residential,635.2,68756.0,1082,Municipally Owned,2022
17609822,MORGANFIELD CITY OF,KY,residential,1101.6,90988.0,1362,Municipally Owned,2022
17609824,MORGANTOWN CITY OF,KY,residential,564.9,46724.0,1038,Municipally Owned,2022
17609958,MURRAY CITY OF,KY,residential,3106.8,380790.0,6358,Municipally Owned,2022
17610491,OLIVE HILL CITY OF,KY,residential,384.9,27974.0,609,Municipally Owned,2022
17610622,PAINTSVILLE GAS SYS,KY,residential,1338.1,64413.0,1184,Municipally Owned,2022
17611373,PRESTONBURG CITY UTILITIES COMM,KY,residential,720.5,52317.0,868,Municipally Owned,2022
17611445,PROVIDENCE CITY OF,KY,residential,641.2,60456.0,894,Municipally Owned,2022
17611529,RICHMOND UTILITIES BOARD,KY,residential,1373.3,137939.0,3114,Municipally Owned,2022
17612068,SCOTTSVILLE GAS CO,KY,residential,886.6,69555.0,923,Municipally Owned,2022
17612647,SOMERSET GAS SVC,KY,residential,1264.7,121938.0,2773,Municipally Owned,2022
17613108,STURGIS NATURAL GAS,KY,residential,565.4,53487.0,709,Municipally Owned,2022
17613718,TOMPKINSVILLE CITY OF,KY,residential,653.8,46486.0,963,Municipally Owned,2022
17614007,DUKE ENERGY KENTUCKY,KY,residential,75307.9,6223315.0,94396,Investor Owned,2022
17614195,VALLEY GAS INC,KY,residential,247.8,25771.0,421,Privately Owned,2022
17614220,VANCEBURG ELECTRIC PLANT BOARD OF,KY,residential,215.1,18287.0,351,Municipally Owned,2022
17614728,ATMOS ENERGY CORPORATION,KY,residential,129471.2,10366611.0,160766,Investor Owned,2022
17614860,WICKLIFFE CITY OF,KY,residential,264.0,17004.0,322,Municipally Owned,2022
17616546,PIKEVILLE CITY OF,KY,residential,375.2,27071.0,647,Municipally Owned,2022
17619858,DELTA NATURAL GAS COMPANY,KY,residential,29250.1,1672458.0,31289,Investor Owned,2022
17619899,CITY OF KUTTAWA,KY,residential,400.5,37210.0,733,Municipally Owned,2022
17621001,CITY OF COLUMBIA GAS DEPARTMENT,KY,residential,567.1,44156.0,702,Municipally Owned,2022
17621014,EDMONTON CITY OF,KY,residential,615.9,42700.0,970,Municipally Owned,2022
17621018,ARLINGTON CITY OF,KY,residential,242.3,15594.0,296,Municipally Owned,2022
17621024,KEVIL CITY OF,KY,residential,353.6,22688.0,416,Municipally Owned,2022
17621069,BROOKSVILLE CITY OF,KY,residential,475.0,32933.0,567,Municipally Owned,2022
17621079,LINDSEY AND ELLIOTT,KY,residential,21.1,2673.0,54,Privately Owned,2022
17621085,ORBIT GAS TRANSMISSION INC,KY,residential,41.3,5456.0,44,Privately Owned,2022
17621093,WESTERN LEWIS RECTORVILLE GAS DIST,KY,residential,280.3,38020.0,519,Other,2022
17621916,FLEMINGSBURG CITY OF,KY,residential,704.9,50800.0,862,Municipally Owned,2022
17621918,WEST LIBERTY GAS SYSTEM,KY,residential,173.3,9728.0,231,Municipally Owned,2022
17622763,GRAYSON UTILITY COMMISSION,KY,residential,328.7,29914.0,481,Municipally Owned,2022
17672621,BLUEGRASS GAS SALES INC,KY,residential,487.9,31989.0,685,Privately Owned,2022
17672622,BURKESVILLE GAS CO,KY,residential,143.3,7177.0,149,Privately Owned,2022
17672623,CITIPOWER LLC,KY,residential,342.9,12086.0,395,Investor Owned,2022
17672625,NAVITAS UTILITY CORP,KY,residential,626.8,25832.0,541,Privately Owned,2022
17672628,PARIS-HENRY COUNTY UTIL DISTRICT,KY,residential,86.1,7272.0,138,Other,2022
17672630,MILLENNIUM ENERGY INC,KY,residential,23.6,1762.0,32,Privately Owned,2022
17674481,WHITE PLAINS NATURAL GAS,KY,residential,105.5,6320.0,140,Municipally Owned,2022
17674482,MARTIN GAS INC,KY,residential,361.9,24608.0,401,Privately Owned,2022
17674483,GUTHRIE NATURAL GAS,KY,residential,85.2,5559.0,99,Municipally Owned,2022
17675702,KENTUCKY FRONTIER GAS LLC,KY,residential,2887.4,235088.0,4593,Privately Owned,2022
17676572,DELTA NATURAL GAS CO INC,KY,residential,3152.7,223329.0,2926,Investor Owned,2022
17677300,LAKE CUMBERLAND GAS AUTHORITY,KY,residential,144.3,8973.0,261,Municipally Owned,2022
17679313,SENTRA RESOURCES,KY,residential,125.0,4803.0,139,Privately Owned,2022
17600041,ABITA SPRINGS NATURAL GAS DEPT,LA,residential,512.5,30519.0,933,Investor Owned,2022
17600165,ALEXANDRIA CITY OF GAS DEPT,LA,residential,1912.2,599235.0,12977,Municipally Owned,2022
17600538,TOWN OF ARNAUDVILLE,LA,residential,218.9,12364.0,589,Municipally Owned,2022
17600782,BAKER CITY OF,LA,residential,1565.4,111320.0,3196,Municipally Owned,2022
17600802,BALDWIN TOWN OF,LA,residential,157.2,13906.0,453,Municipally Owned,2022
17600916,ST AMANT GAS CO INC,LA,residential,645.3,47370.0,1290,Privately Owned,2022
17601113,BERWICK TOWN OF,LA,residential,282.9,16539.0,788,Municipally Owned,2022
17601120,BASILE TOWN OF,LA,residential,122.7,5409.0,210,Municipally Owned,2022
17601446,TOWN OF BOYCE,LA,residential,173.4,11460.0,282,Municipally Owned,2022
17602086,CITY OF CARENCRO,LA,residential,408.4,19422.0,768,Municipally Owned,2022
17602360,CHATHAM NATURAL GAS DIVISION,LA,residential,42.0,2988.0,111,Municipally Owned,2022
17602548,CLAYTON TOWN OF,LA,residential,49.5,2192.0,89,Municipally Owned,2022
17602584,CLINTON TOWN OF,LA,residential,234.5,11852.0,381,Municipally Owned,2022
17602668,COLFAX GAS DEPT,LA,residential,206.8,10696.0,380,Municipally Owned,2022
17602701,COLUMBIA TOWN OF,LA,residential,53.8,4476.0,120,Municipally Owned,2022
17602997,NEWELLTON TOWN OF,LA,residential,122.9,10771.0,228,Municipally Owned,2022
17603355,DELCAMBRE TOWN OF,LA,residential,246.8,12652.0,299,Municipally Owned,2022
17603388,DENHAM SPRINGS CITY OF,LA,residential,2889.9,163290.0,6196,Municipally Owned,2022
17603569,DONALDSONVILLE CITY OF,LA,residential,995.8,50604.0,1788,Municipally Owned,2022
17604420,FOREST HILL VILLAGE OF,LA,residential,264.4,12569.0,432,Municipally Owned,2022
17604832,EAST BATON ROUGE PARISH GUD 1,LA,residential,2745.4,128552.0,3950,Municipally Owned,2022
17605052,CITY OF GONZALES,LA,residential,851.9,58173.0,2140,Municipally Owned,2022
17605111,GRAND COTEAU TOWN OF,LA,residential,408.8,8140.0,297,Municipally Owned,2022
17605119,GRAND ISLE TOWN OF,LA,residential,215.6,3176.0,635,Municipally Owned,2022
17605211,GREENSBURG TOWN OF,LA,residential,35.7,1520.0,113,Municipally Owned,2022
17605291,GUEYDAN TOWN OF,LA,residential,132.1,14648.0,544,Municipally Owned,2022
17605318,ENTERGY LOUISIANA LLC,LA,residential,56121.2,3618801.0,90416,Investor Owned,2022
17606286,IBERVILLE PARISH UTILITY DEPARTMENT,LA,residential,1768.7,121765.0,3745,Municipally Owned,2022
17606341,IOTA TOWN OF,LA,residential,95.0,6752.0,260,Municipally Owned,2022
17606455,JACKSON TOWN OF,LA,residential,279.7,6209.0,294,Municipally Owned,2022
17606516,JENA TOWN OF,LA,residential,311.2,20789.0,722,Municipally Owned,2022
17606652,JONESVILLE TOWN OF,LA,residential,308.8,19773.0,622,Municipally Owned,2022
17606729,KAPLAN CITY OF,LA,residential,658.5,36351.0,1428,Municipally Owned,2022
17607026,KROTZ SPRINGS CITY OF,LA,residential,173.1,24729.0,161,Municipally Owned,2022
17608370,LEONVILLE TOWN OF,LA,residential,113.2,8481.0,338,Municipally Owned,2022
17608517,LIVINGSTON TOWN OF,LA,residential,333.5,16276.0,633,Municipally Owned,2022
17608558,LOGANSPORT TOWN OF,LA,residential,108.4,6158.0,208,Municipally Owned,2022
17608795,MADISONVILLE TOWN OF,LA,residential,4381.9,253055.0,5659,Municipally Owned,2022
17608840,TOWN OF MAMOU,LA,residential,408.4,19422.0,768,Municipally Owned,2022
17608925,MARINGOUIN TOWN OF,LA,residential,139.2,25969.0,642,Municipally Owned,2022
17609346,MELVILLE TOWN OF,LA,residential,126.2,7551.0,229,Municipally Owned,2022
17609767,MONTGOMERY TOWN OF,LA,residential,141.6,8016.0,284,Municipally Owned,2022
17609775,MONTPELIER VILLAGE OF,LA,residential,58.3,2668.0,114,Municipally Owned,2022
17609803,MOREAUVILLE VILLAGE OF,LA,residential,489.8,30505.0,872,Municipally Owned,2022
17609812,MORGAN CITY CITY OF,LA,residential,1136.0,95281.0,3217,Municipally Owned,2022
17609825,MORGANZA VILLAGE OF,LA,residential,218.3,14304.0,411,Municipally Owned,2022
17610186,ENTERGY NEW ORLEANS INC,LA,residential,64159.8,3480038.0,103352,Unknown,2022
17610191,CITY OF NEW ROADS,LA,residential,1007.6,62305.0,1829,Municipally Owned,2022
17610202,NEZPIQUE GAS SYSTEM INC,LA,residential,62.4,3058.0,149,Unknown,2022
17610638,PALMETTO VILLAGE OF,LA,residential,132.5,2410.0,134,Municipally Owned,2022
17610780,PATTERSON CITY OF,LA,residential,540.9,26006.0,1296,Municipally Owned,2022
17611284,PORT ALLEN CITY OF,LA,residential,599.8,17952.0,1380,Municipally Owned,2022
17611285,PORT BARRE TOWN OF,LA,residential,137.7,8164.0,366,Municipally Owned,2022
17611444,PROVENCAL VILLAGE OF,LA,residential,56.5,3848.0,117,Municipally Owned,2022
17611878,TOWN OF ST FRANCISVILLE,LA,residential,463.7,22256.0,679,Municipally Owned,2022
17611884,ST JAMES PARISH UTILITIES,LA,residential,1166.0,145435.0,2902,Cooperative,2022
17612064,SCOTT CITY OF,LA,residential,234.2,12034.0,490,Municipally Owned,2022
17612355,SICILY ISLAND GAS CO,LA,residential,78.1,4577.0,95,Municipally Owned,2022
17612387,SIMMESPORT TOWN OF,LA,residential,178.1,10606.0,340,Municipally Owned,2022
17612520,TOWN OF SLAUGHTER,LA,residential,163.2,10697.0,374,Municipally Owned,2022
17612673,SOUTH COAST GAS CO,LA,residential,7490.5,406821.0,17672,Investor Owned,2022
17613242,SUNSET TOWN OF,LA,residential,339.8,13157.0,451,Municipally Owned,2022
17613583,THIBODAUX CITY OF,LA,residential,1081.6,97975.0,3676,Municipally Owned,2022
17614090,CENTERPOINT ENERGY ENTEX,LA,residential,141339.4,9711487.0,230413,Investor Owned,2022
17614298,VIDALIA CITY OF,LA,residential,1081.6,50949.0,1481,Municipally Owned,2022
17614311,CITY OF VILLE PLATTE,LA,residential,897.5,43714.0,1379,Municipally Owned,2022
17614473,WALKER TOWN OF,LA,residential,6388.3,298611.0,11445,Municipally Owned,2022
17614630,WATERPROOF TOWN OF,LA,residential,87.4,4031.0,156,Municipally Owned,2022
17614750,CITY OF WESTLAKE,LA,residential,1897.3,82677.0,3112,Municipally Owned,2022
17615238,CITY OF ZACHARY,LA,residential,3231.1,184937.0,5198,Municipally Owned,2022
17616552,PIERRE PART NAT GAS,LA,residential,534.2,29025.0,1337,Investor Owned,2022
17619680,GAS UTILITY DIST 1 OF E FELICIANA,LA,residential,197.8,6891.0,257,Municipally Owned,2022
17619683,FRANKLINTON TOWN OF,LA,residential,290.2,15449.0,636,Municipally Owned,2022
17619690,HARRISONBURG VILLAGE OF,LA,residential,466.1,16540.0,478,Municipally Owned,2022
17619703,TOWN OF WASHINGTON,LA,residential,240.3,9317.0,406,Municipally Owned,2022
17619707,POINTE COUPEE PARISH GUD2,LA,residential,1451.2,65012.0,1995,Municipally Owned,2022
17619708,HORNBECK TOWN OF,LA,residential,287.6,20082.0,711,Municipally Owned,2022
17619709,HOUMA MUNICIPAL GAS SYSTEM,LA,residential,4576.5,381859.0,13495,Municipally Owned,2022
17619721,EUNICE GAS DEPT,LA,residential,1027.0,86954.0,3278,Municipally Owned,2022
17619747,KINDER TOWN OF,LA,residential,280.3,20302.0,666,Municipally Owned,2022
17622015,GAS UTIL DISTRICT 2,LA,residential,907.1,42181.0,1153,Municipally Owned,2022
17622023,LIVONIA GAS AND WATER,LA,residential,223.3,9877.0,336,Municipally Owned,2022
17622029,KENTWOOD TOWN OF,LA,residential,286.7,10326.0,324,Municipally Owned,2022
17622060,ST JOSEPH MUN NAT GAS,LA,residential,142.8,9565.0,221,Municipally Owned,2022
17622069,WHITE CASTLE MUN GAS,LA,residential,253.0,11072.0,408,Municipally Owned,2022
17622071,DEQUINCY GAS CO,LA,residential,508.8,36332.0,1186,Municipally Owned,2022
17622075,VERNON PARISH GUD 1,LA,residential,96.0,3640.0,178,Cooperative,2022
17622128,EVANGELINE GAS CO INC,LA,residential,1215.6,91099.0,2884,Investor Owned,2022
17622133,WASH PARISH GUD 1,LA,residential,10.2,1435.0,362,Other,2022
17622137,CITY OF PLAQUEMINE,LA,residential,1222.7,96003.0,2515,Municipally Owned,2022
17622141,WEST BATON ROUGE PARISH NAT GAS,LA,residential,2086.2,207003.0,5671,Municipally Owned,2022
17622151,WOODWORTH TOWN OF,LA,residential,377.6,20125.0,597,Municipally Owned,2022
17671665,VILLAGE OF ELIZABETH GAS SYSTEM,LA,residential,114.9,7086.0,199,Municipally Owned,2022
17672060,ATMOS ENERGY CORPORATION,LA,residential,225866.5,13594232.0,339263,Investor Owned,2022
17673907,JPC ENERGY LLC,LA,residential,194.4,9944.0,412,Investor Owned,2022
17673951,MAGNOLIA NATURAL GAS LLC,LA,residential,92.5,5614.0,167,Privately Owned,2022
17675500,LIVINGSTON GAS & UTILITY CO,LA,residential,724.0,42288.0,1551,Municipally Owned,2022
17676110,LIVINGSTON PARISH GUD 1,LA,residential,649.5,21263.0,905,Other,2022
17677500,WEST FELICIANO PARISH GUD 1,LA,residential,251.6,13443.0,396,Municipally Owned,2022
17680528,CGUD OF GRANT PARISH,LA,residential,505.5,17202.0,824,Municipally Owned,2022
17696320,WASHINGTON PARISH GUD  2,LA,residential,432.7,5967.0,493,Municipally Owned,2022
17601093,BERKSHIRE GAS COMPANY THE,MA,residential,56052.3,2995413.0,35276,Investor Owned,2022
17601248,COLONIAL GAS CO CO KEYSPAN,MA,residential,200183.2,10720016.0,196385,Investor Owned,2022
17601391,BOSTON GAS CO DBA NATIONAL GRID,MA,residential,1261049.1,60831896.0,860712,Investor Owned,2022
17604115,LIBERTY UTILITIES NENGC CORP,MA,residential,79644.8,3787182.0,55958,Investor Owned,2022
17604315,FITCHBURG GAS AND ELECTRIC COMPANY,MA,residential,25616.9,968203.0,14668,Investor Owned,2022
17605948,HOLYOKE CITY OF,MA,residential,12196.9,755047.0,10276,Municipally Owned,2022
17609453,MIDDLEBOROUGH GAS & ELECTRIC DEPT,MA,residential,6135.1,316716.0,5367,Municipally Owned,2022
17609923,WAKEFIELD MUN GAS LIGHT DEPT,MA,residential,8249.1,416657.0,6489,Municipally Owned,2022
17614749,WESTFIELD GAS AND ELECTRIC,MA,residential,14144.9,674035.0,9662,Municipally Owned,2022
17615111,NSTAR GAS COMPANY,MA,residential,393967.4,19949189.0,271375,Investor Owned,2022
17679611,CONSTELLATION LNG LLC,MA,residential,114554.0,3942506.0,11,Unknown,2022
17680531,EVERSOURCE GAS CO OF MA,MA,residential,481610.2,24364129.0,301357,Investor Owned,2022
17600813,BGE,MD,residential,586607.1,32607364.0,542019,Investor Owned,2022
17616172,WASHINGTON GAS LIGHT COMPANY,MD,residential,456970.5,29208521.0,404213,Investor Owned,2022
17616232,COLUMBIA GAS OF MARYLAND,MD,residential,41346.7,2343486.0,30533,Investor Owned,2022
17617870,UGI CENTRAL PENN GAS INC,MD,residential,359.8,38348.0,468,Investor Owned,2022
17619896,EASTON UTILITIES COMMISSION,MD,residential,3599.4,228478.0,4202,Municipally Owned,2022
17650217,CHESAPEAKE UTILITIES CORPORATION,MD,residential,9968.1,529784.0,11887,Investor Owned,2022
17676361,SANDPIPER ENERGY,MD,residential,8563.4,259894.0,9836,Investor Owned,2022
17680320,ELKTON GAS COMPANY,MD,residential,3957.0,271837.0,6271,Investor Owned,2022
17617891,NORTHERN UTILITIES DBA UNITIL CORP,ME,residential,32601.7,1585080.0,25009,Investor Owned,2022
17676620,SUMMIT NATURAL GAS OF MAINE INC,ME,residential,7959.3,305109.0,4272,Investor Owned,2022
17695252,BANGOR GAS COMPANY LLC,ME,residential,13740.4,775287.0,6312,Privately Owned,2022
17600915,NORTHERN STATES POWER COMPANY,MI,residential,5225.4,508511.0,5119,Investor Owned,2022
17602431,CITIZENS GAS FUEL CO,MI,residential,14538.8,1413604.0,16535,Investor Owned,2022
17609429,MICHIGAN GAS UTILITIES CO,MI,residential,137082.1,13217493.0,150235,Investor Owned,2022
17609432,DTE GAS COMPANY,MI,residential,1153349.1,109300714.0,1126024,Unknown,2022
17616600,UPPER MICHIGAN ENERGY RESOURCES CORP,MI,residential,4078.0,456606.0,4890,Investor Owned,2022
17617183,CONSUMERS ENERGY COMPANY,MI,residential,1952414.6,162150945.0,1679345,Investor Owned,2022
17695322,PRESQUE ISLE E AND G COOP,MI,residential,10336.1,963116.0,12443,Cooperative,2022
17600492,ARGYLE CITY OF,MN,residential,245.7,19902.0,221,Municipally Owned,2022
17600697,AUSTIN UTILITIES,MN,residential,8661.3,834200.0,9561,Municipally Owned,2022
17602373,CENTENNIAL UTIL DBA CIRCLE PINES UTI,MN,residential,2727.2,251750.0,3159,Municipally Owned,2022
17603654,DULUTH CITY OF,MN,residential,31925.4,3065303.0,33203,Municipally Owned,2022
17605402,HALLOCK CITY OF,MN,residential,293.1,34132.0,373,Municipally Owned,2022
17605607,HAWLEY CITY OF,MN,residential,498.4,55673.0,666,Municipally Owned,2022
17606251,HUTCHINSON UTILITIES COMMISSION,MN,residential,4474.8,468417.0,5396,Municipally Owned,2022
17608124,LAKE PARK PUBLIC UTILITIES,MN,residential,273.9,23269.0,322,Municipally Owned,2022
17609925,OWATONNA PUB UTIL,MN,residential,8879.9,834894.0,9951,Municipally Owned,2022
17610197,NEW YORK MILLS MUN GAS SYS,MN,residential,411.3,45886.0,470,Municipally Owned,2022
17610336,NORTHERN STATES POWER COMPANY,MN,residential,489634.1,41156174.0,444425,Investor Owned,2022
17610948,PERHAM CITY OF,MN,residential,2572.9,276372.0,3397,Municipally Owned,2022
17611463,NEW ULM PUB UTIL COMM,MN,residential,4572.6,455216.0,5701,Municipally Owned,2022
17612976,STEPHEN CITY OF,MN,residential,232.3,19434.0,227,Municipally Owned,2022
17613952,TWO HARBORS CITY OF,MN,residential,1274.9,176315.0,1657,Municipally Owned,2022
17614329,VIRGINIA PUBLIC UTILITIES,MN,residential,2939.7,319849.0,2712,Municipally Owned,2022
17617865,HIBBING PUBLIC UTILITIES,MN,residential,4728.5,464082.0,4756,Municipally Owned,2022
17617908,WARREN CITY OF,MN,residential,587.1,60317.0,593,Municipally Owned,2022
17618270,COMMUNITY UTIL CO,MN,residential,1123.9,68720.0,730,Privately Owned,2022
17619749,GREAT PLAINS NATURAL GAS CO,MN,residential,21381.2,1609076.0,19362,Investor Owned,2022
17622739,CENTERPOINT ENERGY,MN,residential,968349.0,78312889.0,829979,Investor Owned,2022
17671150,EAGLE BENDCLARISSA GAS UTIL,MN,residential,410.7,45462.0,502,Municipally Owned,2022
17674420,ROUND LAKE CITY OF,MN,residential,143.4,13594.0,178,Municipally Owned,2022
17674428,HENNING CITY OF,MN,residential,403.4,38008.0,436,Municipally Owned,2022
17674465,GOODHUE CITY OF,MN,residential,720.4,62351.0,468,Municipally Owned,2022
17674466,FAIRFAX CITY OF,MN,residential,554.2,52628.0,694,Municipally Owned,2022
17676012,MINNESOTA ENERGY RESOURCES CORP,MN,residential,244986.8,19939539.0,221933,Investor Owned,2022
17678275,COMMUNITY COOPS OF LAKE PARK,MN,residential,1304.9,127057.0,1036,Cooperative,2022
17678321,UNITED NATURAL GAS LLC,MN,residential,483.9,27569.0,404,Cooperative,2022
17678420,DOOLEYS NATURAL GAS,MN,residential,1744.8,117927.0,1583,Privately Owned,2022
17678826,LAKE REGION ENERGY SERVICES,MN,residential,898.4,64062.0,1043,Privately Owned,2022
17679560,AGRINATURAL GAS LLC,MN,residential,746.8,57097.0,710,Privately Owned,2022
17680530,PAUL BUNYAN NATURAL GAS LLC,MN,residential,500.4,33388.0,548,Privately Owned,2022
17680880,CITY OF MORGAN,MN,residential,348.3,31268.0,296,Municipally Owned,2022
17695248,ARCHER DANIELS MIDLAND CO,MN,residential,7.0,923.0,7,Privately Owned,2022
17695274,GREATER MINNESOTA GAS INC,MN,residential,9542.7,857962.0,9451,Privately Owned,2022
17695298,TYLER CITY OF,MN,residential,332.1,35566.0,433,Municipally Owned,2022
17695306,CLEARBROOK MUNICIPAL GAS CITY OF,MN,residential,101.6,14830.0,170,Municipally Owned,2022
17695312,COHASSET CITY OF,MN,residential,1309.9,136458.0,1321,Municipally Owned,2022
17695314,RANDALL CITY OF,MN,residential,225.5,22549.0,249,Municipally Owned,2022
17695328,BAGLEY PUBLIC UTILITIES,MN,residential,376.4,41837.0,487,Municipally Owned,2022
17696521,FOSSTON MUNICIPAL GAS CITY OF,MN,residential,464.8,44012.0,479,Municipally Owned,2022
17696808,N W NATURAL GAS OF MURRAY CTY,MN,residential,1557.3,109846.0,1363,Privately Owned,2022
17696809,NORTHWEST NATURAL GAS LLC,MN,residential,1963.6,150284.0,1833,Privately Owned,2022
17698924,NORTHWEST GAS OF CASS COUNTY,MN,residential,2412.8,184996.0,2180,Privately Owned,2022
17601100,BERNIE CITY OF,MO,residential,540.5,34609.0,692,Municipally Owned,2022
17601123,CITY OF CLARENCE,MO,residential,180.3,8076.0,127,Municipally Owned,2022
17601131,BETHANY CITY OF,MO,residential,1040.8,87306.0,1346,Municipally Owned,2022
17602900,AMEREN MISSOURI,MO,residential,119190.2,7618206.0,121501,Investor Owned,2022
17605109,GRANBY CITY OF,MO,residential,515.8,35213.0,577,Municipally Owned,2022
17605127,CITY OF GRANT CITY MISSOURI,MO,residential,175.5,18176.0,245,Municipally Owned,2022
17608776,MACON MUNICIPAL UTILITIES,MO,residential,1349.4,125773.0,1957,Municipally Owned,2022
17610975,PERRYVILLE CITY OF,MO,residential,1616.7,133914.0,2744,Municipally Owned,2022
17611216,PLATTSBURG CITY OF,MO,residential,1027.9,66319.0,998,Municipally Owned,2022
17612845,SPRINGFIELD CITY UTILS,MO,residential,78291.3,5122772.0,76100,Municipally Owned,2022
17612872,STANBERRY CITY OF,MO,residential,339.8,31581.0,432,Municipally Owned,2022
17616572,SPIRE MISSOURI INC,MO,residential,1165945.6,82953851.0,1125735,Investor Owned,2022
17617878,MONROE CITY GAS DEPT,MO,residential,766.8,64344.0,957,Municipally Owned,2022
17617881,PARIS CITY OF,MO,residential,481.0,33640.0,464,Municipally Owned,2022
17618624,CITY OF FULTON,MO,residential,2379.9,208339.0,3349,Municipally Owned,2022
17618625,MONTGOMERY CITY GAS CO,MO,residential,612.5,41631.0,709,Municipally Owned,2022
17619906,POTOSI CITY OF,MO,residential,533.3,38769.0,751,Municipally Owned,2022
17629014,MADISON CITY OF,MO,residential,153.7,8711.0,162,Municipally Owned,2022
17629016,ALBANY MUN GAS SYS,MO,residential,535.1,53321.0,691,Municipally Owned,2022
17629027,PERRY MUNICIPAL GAS SYSTEM,MO,residential,299.0,17785.0,286,Municipally Owned,2022
17629036,UNIONVILLE MUNICIPAL NATURAL GAS SYS,MO,residential,675.5,57177.0,724,Municipally Owned,2022
17629046,PRINCETON MUNICIPAL NATURAL GAS SYS,MO,residential,249.3,25483.0,361,Municipally Owned,2022
17629047,SHELBINA CITY OF,MO,residential,648.6,46837.0,530,Municipally Owned,2022
17629300,FROHNA CITY OF,MO,residential,191.1,16556.0,245,Municipally Owned,2022
17629301,BISMARCK CITY OF,MO,residential,216.7,15207.0,294,Municipally Owned,2022
17629303,HERMANN MUN GAS SYSTEM,MO,residential,704.0,41998.0,708,Municipally Owned,2022
17629304,BERGER NATURAL GAS,MO,residential,64.0,4096.0,66,Municipally Owned,2022
17629305,MIDDLETOWN MUN GAS SYSTEM,MO,residential,38.2,3021.0,55,Municipally Owned,2022
17629306,NEW FLORENCE MUNICIPAL GAS,MO,residential,87.5,7366.0,162,Municipally Owned,2022
17629307,NEW HAVEN CITY NATURAL GAS SYSTEM,MO,residential,405.7,29435.0,522,Municipally Owned,2022
17629309,MERCER MUNICIPAL NATURAL GAS SYSTEM,MO,residential,66.4,5738.0,86,Municipally Owned,2022
17629310,GREEN CITY MUNICIPAL NATURAL GAS SYS,MO,residential,170.0,14479.0,180,Municipally Owned,2022
17629311,LIBERAL MUNICIPAL NATURAL GAS SYSTEM,MO,residential,244.7,13739.0,234,Municipally Owned,2022
17629312,MILAN MUNICIPAL NATURAL GAS SYSTEM,MO,residential,499.0,48238.0,632,Municipally Owned,2022
17672421,EMPIRE DISTRICT GAS,MO,residential,37712.7,2549090.0,37678,Investor Owned,2022
17675802,LIBERTY ENERGY DBA LIBERTY UTILITIES,MO,residential,41615.3,2983081.0,45850,Investor Owned,2022
17676062,SUMMIT NATURAL GAS,MO,residential,17259.8,790916.0,16118,Investor Owned,2022
17681218,KENNETT BOARD OF PUBLIC WORKS,MO,residential,2037.9,170023.0,3181,Municipally Owned,2022
17695288,CITY OF CUBA NATURAL GAS,MO,residential,472.0,34681.0,795,Municipally Owned,2022
17695470,RICHLAND CITY OF,MO,residential,271.5,15217.0,261,Municipally Owned,2022
17695472,ST JAMES MUN UTIL,MO,residential,558.0,39319.0,846,Municipally Owned,2022
17695476,WHEATON CITY OF,MO,residential,123.3,8574.0,172,Municipally Owned,2022
17696304,WAYNESVILLE TOWN OF,MO,residential,378.3,18929.0,564,Municipally Owned,2022
17600175,BEAUMONT TOWN OF,MS,residential,55.6,2281.0,118,Municipally Owned,2022
17600182,DUCK HILL NATURAL GAS SYSTEM,MS,residential,281.6,29844.0,473,Municipally Owned,2022
17600200,MISSISSIPPI NATURAL INC,MS,residential,235.6,17302.0,266,Privately Owned,2022
17600588,ASHLAND TOWN OF,MS,residential,439.0,36259.0,635,Municipally Owned,2022
17600803,BALDWYN MUN GAS SYS,MS,residential,664.1,62658.0,1317,Municipally Owned,2022
17600908,BATESVILLE CITY OF,MS,residential,1128.6,75381.0,1667,Municipally Owned,2022
17600937,BAY ST LOUIS CITY OF,MS,residential,264.0,15871.0,853,Municipally Owned,2022
17600938,BAY SPRINGS CITY OF,MS,residential,244.3,24526.0,479,Municipally Owned,2022
17601370,BOONEVILLE MUNICIPAL GAS,MS,residential,2684.8,192951.0,3661,Municipally Owned,2022
17601826,BYHALIA TOWN OF,MS,residential,713.0,51978.0,919,Municipally Owned,2022
17602056,CANTON MUNICIPAL UTILITIES CMU,MS,residential,1079.5,237149.0,3850,Municipally Owned,2022
17602193,CENTREVILLE TOWN OF,MS,residential,90.7,6942.0,204,Municipally Owned,2022
17602262,CHICKASAWHAY NAT GAS,MS,residential,1445.2,102316.0,2844,Municipally Owned,2022
17603000,CORINTH CITY OF GAS AND WATER,MS,residential,3419.2,302588.0,6914,Municipally Owned,2022
17604635,FULTON MUNICIPAL GAS SYS,MS,residential,837.9,79321.0,1998,Municipally Owned,2022
17605014,GLOSTER TOWN OF,MS,residential,75.2,4375.0,180,Municipally Owned,2022
17605931,HOLLY SPRINGS CITY OF,MS,residential,1907.3,114061.0,2389,Municipally Owned,2022
17606428,IUKA GAS SYS,MS,residential,1029.5,61487.0,1321,Municipally Owned,2022
17608445,LIBERTY TOWN OF,MS,residential,167.7,6715.0,159,Municipally Owned,2022
17611568,RIPLEY CITY OF,MS,residential,2310.3,196855.0,4557,Municipally Owned,2022
17612215,SHANNON TOWN OF,MS,residential,416.2,29310.0,654,Municipally Owned,2022
17614291,CITY OF VICKSBURG,MS,residential,2570.3,202354.0,4921,Municipally Owned,2022
17614498,WALNUT TOWN OF,MS,residential,670.5,39236.0,1066,Municipally Owned,2022
17614658,WAVELAND CITY OF,MS,residential,99.0,4593.0,337,Municipally Owned,2022
17614934,SPIRE ENERGY,MS,residential,8108.0,630536.0,15455,Investor Owned,2022
17615102,WOODVILLE TOWN OF,MS,residential,244.6,15507.0,430,Municipally Owned,2022
17616555,CENTERPOINT ENERGY ENTEX,MS,residential,77976.9,5257270.0,120859,Investor Owned,2022
17617909,PICAYUNE CITY OF,MS,residential,662.8,28707.0,1482,Municipally Owned,2022
17619687,ATMOS ENERGY CORPORATION,MS,residential,203027.4,13674664.0,228295,Investor Owned,2022
17619702,WALNUT GROVE TOWN OF,MS,residential,302.4,16001.0,327,Municipally Owned,2022
17619728,CITY OF MOSS POINT,MS,residential,589.7,33888.0,1666,Municipally Owned,2022
17619898,TISHOMINGO CITY OF,MS,residential,264.6,21141.0,458,Municipally Owned,2022
17621923,SENATOBIA CITY OF,MS,residential,928.3,70628.0,1354,Municipally Owned,2022
17622149,MRG MANAGEMENT LLC,MS,residential,1313.6,73601.0,2624,Privately Owned,2022
17622723,PONTOTOC CITY OF,MS,residential,3724.8,324940.0,7834,Municipally Owned,2022
17628002,METCALFE NAT GAS SYS,MS,residential,198.5,8022.0,392,Municipally Owned,2022
17628038,UTICA TOWN OF,MS,residential,96.4,6578.0,219,Municipally Owned,2022
17672221,OAKLAND YALOBUSHA NATURAL GAS DIST,MS,residential,158.2,6756.0,216,Municipally Owned,2022
17674474,KILMICHAEL NATURAL GAS,MS,residential,140.4,7089.0,193,Municipally Owned,2022
17674475,BELMONT NATURAL GAS TOWN OF,MS,residential,714.3,66527.0,1577,Municipally Owned,2022
17677151,SOUTHEAST LLC,MS,residential,236.2,11546.0,381,Investor Owned,2022
17695234,BURNSVILLE GAS CO,MS,residential,64.2,5249.0,150,Privately Owned,2022
17695296,NORTHEAST MS NATURAL GAS DISTRICT,MS,residential,1671.2,103444.0,2960,Municipally Owned,2022
17695302,CALEDONIA NATURAL GAS DIST,MS,residential,1580.3,61616.0,2042,Municipally Owned,2022
17695304,RIENZI MUNCIPAL GAS CITY OF,MS,residential,136.1,10473.0,268,Municipally Owned,2022
17603147,CUT BANK GAS CO,MT,residential,1298.0,111476.0,1266,Privately Owned,2022
17605164,ENERGY WEST MONTANA INC,MT,residential,19882.7,2184693.0,26901,Privately Owned,2022
17609755,NORTHWESTERN ENERGY,MT,residential,147560.3,14641074.0,181598,Investor Owned,2022
17611861,SACO MUNICIPAL GAS SVC,MT,residential,74.0,19100.0,129,Municipally Owned,2022
17612243,SHELBY GAS ASSOCIATION,MT,residential,873.8,107217.0,1137,Cooperative,2022
17627001,MONTANA DAKOTA UTILITIES CO,MT,residential,71473.9,6117605.0,77997,Investor Owned,2022
17674356,ENERGY WEST WEST YELLOWSTONE,MT,residential,675.5,24552.0,430,Privately Owned,2022
17601117,BESSEMER CITY OF,NC,residential,739.6,42501.0,946,Municipally Owned,2022
17605222,GREENVILLE UTILITIES COMMISSION,NC,residential,16007.5,822282.0,22184,Municipally Owned,2022
17606920,KINGS MOUNTAIN CITY OF,NC,residential,2261.4,153423.0,3568,Municipally Owned,2022
17608423,LEXINGTON CITY OF,NC,residential,5723.2,351249.0,8371,Municipally Owned,2022
17609733,MONROE CITY OF,NC,residential,8867.8,450558.0,10968,Municipally Owned,2022
17611460,PUBLIC SVC CO OF NORTH CAROLINA,NC,residential,487621.7,30238274.0,580775,Investor Owned,2022
17611666,ROCKY MOUNT CITY OF,NC,residential,13127.5,745430.0,15554,Municipally Owned,2022
17612244,SHELBY CITY OF,NC,residential,5038.4,313255.0,8374,Municipally Owned,2022
17614947,WILSON ENERGY,NC,residential,11082.1,550771.0,12634,Municipally Owned,2022
17694412,TOCCOA NATURAL GAS SYSTEM,NC,residential,318.3,21367.0,504,Municipally Owned,2022
17695260,FRONTIER NATURAL GAS,NC,residential,1920.2,145759.0,2833,Unknown,2022
17699051,PIEDMONT NATURAL GAS,NC,residential,685432.7,38148516.0,723146,Investor Owned,2022
17619015,NORTHERN STATES POWER COMPANY,ND,residential,51573.8,4580496.0,52806,Investor Owned,2022
17619909,GREAT PLAINS NATURAL GAS CO,ND,residential,1802.2,165226.0,1924,Investor Owned,2022
17627002,MONTANA DAKOTA UTILITIES CO,ND,residential,98359.3,9170819.0,98356,Investor Owned,2022
17650826,PORTAL MUN GAS,ND,residential,65.2,6329.0,52,Municipally Owned,2022
17680505,DAKOTA NATURAL GAS LLC,ND,residential,624.9,55722.0,912,Privately Owned,2022
17600238,ALMA NAT GAS CO CITY OF,NE,residential,340.5,25836.0,417,Municipally Owned,2022
17602153,CENTRAL CITY GAS DEPT,NE,residential,813.3,78584.0,1044,Municipally Owned,2022
17605578,HASTINGS CITY OF,NE,residential,5008.5,656562.0,9389,Municipally Owned,2022
17609407,METROPOLITAN UTILITIES DIST OF OMAHA,NE,residential,182185.3,17495783.0,223456,Municipally Owned,2022
17609408,FALLS CITY CITY OF,NE,residential,1710.1,110537.0,1716,Municipally Owned,2022
17610109,NEBRASKA CITY UTILITIES,NE,residential,2871.0,276784.0,3926,Municipally Owned,2022
17610354,NORTHWESTERN ENERGY,NE,residential,35755.8,2558042.0,37962,Investor Owned,2022
17610855,PENDER VILLAGE OF,NE,residential,319.1,34426.0,512,Municipally Owned,2022
17611267,PONCA PUBLIC UTILITIES,NE,residential,340.7,22322.0,303,Municipally Owned,2022
17613089,STROMSBURG CITY OF,NE,residential,403.0,28923.0,456,Municipally Owned,2022
17617233,SUPERIOR CITY OF,NE,residential,944.6,54181.0,861,Municipally Owned,2022
17619692,LYONS CITY OF,NE,residential,273.9,32929.0,386,Municipally Owned,2022
17631004,BLACK HILLS ENERGY,NE,residential,202170.1,12206123.0,190388,Investor Owned,2022
17650920,MIDAMERICAN ENERGY COMPANY,NE,residential,2595.1,280911.0,3982,Investor Owned,2022
17692115,WAHOO CITY OF,NE,residential,1118.9,94136.0,1453,Municipally Owned,2022
17695282,SCRIBNER MUNICIPAL GAS,NE,residential,285.8,21935.0,315,Municipally Owned,2022
17695300,WISNER CITY OF,NE,residential,374.0,27630.0,407,Municipally Owned,2022
17695316,FREMONT DEPT OF UTILITIES,NE,residential,7189.0,651743.0,9774,Municipally Owned,2022
17695324,STUART GAS CO,NE,residential,197.3,14960.0,231,Municipally Owned,2022
17600223,NORTHERN UTILITIES INC,NH,residential,41029.7,1740318.0,29258,Investor Owned,2022
17675803,LIBERTY UTILITIES DBA ENERGY NORTH,NH,residential,111301.0,5685583.0,85055,Investor Owned,2022
17610087,NEW JERSEY NATURAL GAS,NJ,residential,702244.5,45234725.0,514895,Investor Owned,2022
17611456,PUBLIC SERVICE ELECTRIC & GAS CO,NJ,residential,1465416.9,139141058.0,1686594,Investor Owned,2022
17612684,SOUTH JERSEY GAS COMPANY,NJ,residential,467205.3,25547813.0,372269,Investor Owned,2022
17672173,PIVOTAL UTIL HOLDINGS INC DBA ELIZAB,NJ,residential,280141.0,22777287.0,279277,Investor Owned,2022
17603381,DEMING GAS SYS,NM,residential,2219.2,206445.0,5259,Municipally Owned,2022
17608222,LAS CRUCES MUN GAS,NM,residential,24367.9,1645343.0,41117,Municipally Owned,2022
17608612,LORDSBURG CITY OF,NM,residential,383.6,34218.0,744,Municipally Owned,2022
17609888,MOUNTAINAIR TOWN OF,NM,residential,353.1,22612.0,373,Municipally Owned,2022
17610099,NAVAJO TRIBAL UTILITY AUTHORITY,NM,residential,1827.8,154864.0,3004,Cooperative,2022
17612625,SOCORRO CITY OF,NM,residential,2270.1,141299.0,2773,Municipally Owned,2022
17617851,RATON NATURAL GAS,NM,residential,2806.2,217710.0,2677,Privately Owned,2022
17617861,EMW GAS ASSN,NM,residential,4336.2,292653.0,5297,Municipally Owned,2022
17619688,CORONA VILLAGE OF,NM,residential,68.5,4839.0,72,Municipally Owned,2022
17619722,EASTERN NEW MEXICO NAT GAS,NM,residential,529.9,37942.0,856,Municipally Owned,2022
17635010,LAS VEGAS NAT GAS DEPT CITY OF,NM,residential,2648.8,250795.0,3875,Municipally Owned,2022
17635011,INCORPORATED COUNTY OF NEW MEXICO,NM,residential,6052.6,606726.0,7196,Municipally Owned,2022
17635019,ZIA NATURAL GAS,NM,residential,33120.7,2013231.0,36239,Privately Owned,2022
17635026,WAGON MOUND GAS SYS,NM,residential,30.5,3748.0,68,Municipally Owned,2022
17673850,NEW MEXICO GAS COMPANY,NM,residential,377166.7,30980426.0,501242,Investor Owned,2022
17612364,SIERRA PACIFIC POWER COMPANY,NV,residential,99097.3,10138085.0,162969,Privately Owned,2022
17616577,SOUTHWEST GAS CORPORATION,NV,residential,500262.7,36973519.0,773629,Investor Owned,2022
17600910,BATH ELECTRIC GAS AND WATER SYSTEMS,NY,residential,1645.3,148013.0,1886,Municipally Owned,2022
17601565,BROOKLYN UNION GAS DBA NATIONAL GRID,NY,residential,1615226.6,91916425.0,1129265,Investor Owned,2022
17602168,CENTRAL HUDSON GAS & ELECTRIC,NY,residential,121127.8,5295355.0,71159,Investor Owned,2022
17602810,CONSOLIDATED EDISON NEW YORK INC,NY,residential,1315629.2,53016502.0,868431,Investor Owned,2022
17602998,CORNING NAT GAS CORP,NY,residential,11203.6,1272826.0,13760,Investor Owned,2022
17604278,FILLMORE GAS CO,NY,residential,1490.8,127822.0,1203,Privately Owned,2022
17610199,NEW YORK STATE ELEC AND GAS CORP,NY,residential,263873.3,20356174.0,227905,Investor Owned,2022
17610204,NIAGARA MOHAWK DBA NATIONAL GRID,NY,residential,552753.7,45300621.0,543570,Investor Owned,2022
17610536,ORANGE & ROCKLAND UTILITIES INC,NY,residential,207615.4,12221176.0,111266,Investor Owned,2022
17610895,NATIONAL FUEL GAS DIST NY,NY,residential,519487.8,47743221.0,475736,Investor Owned,2022
17611453,RESERVE GAS COMPANY INC,NY,residential,644.1,65448.0,738,Investor Owned,2022
17611639,ROCHESTER GAS AND ELEC CORP,NY,residential,282945.2,24646597.0,282757,Investor Owned,2022
17611894,LIBERTY UTILITIES-ST LAWRENCE GAS,NY,residential,19688.8,1479070.0,14955,Privately Owned,2022
17614659,VALLEY ENERGY,NY,residential,1793.9,172262.0,1787,Investor Owned,2022
17617823,KEYSPAN ENERGY DBA NATIONAL GRID NY,NY,residential,923744.5,53910964.0,545015,Investor Owned,2022
17672370,N E A CROSS OF NEW YORK INC,NY,residential,958.7,67449.0,737,Privately Owned,2022
17674365,CHAUTAUQUA UTILITIES INC,NY,residential,168.3,22796.0,332,Privately Owned,2022
17600529,ARLINGTON NAT GAS CO,OH,residential,1529.8,127859.0,1642,Investor Owned,2022
17600530,EASTERN NATURAL GAS,OH,residential,4980.6,612029.0,6812,Privately Owned,2022
17602369,DUKE ENERGY OHIO,OH,residential,310008.4,19045804.0,236521,Investor Owned,2022
17605422,HAMILTON CITY OF,OH,residential,10844.8,1437869.0,21662,Municipally Owned,2022
17608173,LANCASTER MUNICIPAL GAS,OH,residential,10143.3,943084.0,14880,Municipally Owned,2022
17610051,NATIONAL GAS AND OIL COOPERATIVE,OH,residential,35272.5,2270061.0,33845,Cooperative,2022
17610436,OHIO CUMBERLAND GAS CO,OH,residential,2272.7,188322.0,2106,Privately Owned,2022
17612249,SHELDON GAS CO,OH,residential,1592.8,107800.0,1234,Privately Owned,2022
17614283,VILLAGE OF VERONA,OH,residential,107.9,15994.0,227,Municipally Owned,2022
17614637,WATERVILLE GAS AND OIL CO,OH,residential,8127.1,725088.0,7705,Privately Owned,2022
17616235,COLUMBIA GAS OF OHIO,OH,residential,138854.2,9199277.0,109121,Investor Owned,2022
17616580,PIKE NATURAL GAS CO,OH,residential,3127.9,473962.0,7514,Privately Owned,2022
17619820,SUBURBAN NATURAL GAS COMPANY,OH,residential,18654.9,1450595.0,18237,Privately Owned,2022
17639005,OHIO VALLEY GAS CORP,OH,residential,547.9,43710.0,596,Investor Owned,2022
17639015,GLENWOOD ENERGY OF OXFORD INC,OH,residential,4087.7,254063.0,4018,Privately Owned,2022
17639018,NGO DEVELOPMENT CORPORATION,OH,residential,1.8,295.0,4,Privately Owned,2022
17639033,FORAKER GAS CO  INC,OH,residential,487.3,38853.0,375,Privately Owned,2022
17639037,THE SWICKARD GAS CO,OH,residential,392.6,26985.0,359,Privately Owned,2022
17670317,EAST OHIO GAS COMP DOMINION EAST OH,OH,residential,101757.1,8845526.0,83441,Investor Owned,2022
17672174,PIEDMONT GAS COMPANY,OH,residential,2280.8,219277.0,1998,Privately Owned,2022
17673292,KNOX ENERGY COOPERATIVE ASSOCIATION,OH,residential,12484.5,1580477.0,19247,Cooperative,2022
17674368,MADISON ENERGY COOPERATIVE ASSOC INC,OH,residential,1439.6,172655.0,2679,Cooperative,2022
17675550,DESHLER MUNICIPAL UTILITIES,OH,residential,574.4,47299.0,587,Municipally Owned,2022
17678220,VILLAGE ENERGY COOP ASSOC INC,OH,residential,923.7,119887.0,1752,Cooperative,2022
17694131,VECTREN ENERGY DELIVERY OF OHIO,OH,residential,13207.0,972090.0,10753,Investor Owned,2022
17695242,NORTHEAST OHIO NATURAL GAS,OH,residential,33905.4,2852952.0,30540,Unknown,2022
17695262,KNG ENERGY INC,OH,residential,1483.9,139452.0,1790,Investor Owned,2022
17695294,MCCOMB NATURAL GAS,OH,residential,388.9,37038.0,482,Municipally Owned,2022
17695318,CONSUMERS GAS COOP,OH,residential,11588.7,732390.0,7954,Cooperative,2022
17695334,COMMUNITY ENERGY RESOURCES COOP,OH,residential,1304.2,85799.0,1305,Cooperative,2022
17600184,FORT COBB FUEL AUTHORITY,OK,residential,2008.2,165717.0,3190,Privately Owned,2022
17601721,BURLINGTON TOWN OF,OK,residential,100.0,10000.0,76,Municipally Owned,2022
17601989,JAY UTILITIES AUTHORITY,OK,residential,521.5,29605.0,890,Municipally Owned,2022
17602565,CITY OF CLEVELAND,OK,residential,861.2,50277.0,1034,Municipally Owned,2022
17603050,COVINGTON TOWN OF,OK,residential,128.8,9987.0,191,Municipally Owned,2022
17603599,TALOGA TOWN OF,OK,residential,68.9,4189.0,112,Municipally Owned,2022
17603632,DRUMRIGHT GAS AUTHORITY,OK,residential,771.0,46389.0,886,Municipally Owned,2022
17604103,FAIRFAX TOWN OF,OK,residential,346.9,28591.0,511,Municipally Owned,2022
17604547,FREEDOM MUNICIPAL TRUST AUTHORITY,OK,residential,92.0,4370.0,93,Municipally Owned,2022
17605331,GUYMON MUN GAS CO,OK,residential,2766.6,211596.0,3101,Municipally Owned,2022
17605477,HARDESTY TOWN OF,OK,residential,42.4,3677.0,81,Municipally Owned,2022
17605573,HASKELL PUBLIC WORKS AUTHORITY,OK,residential,393.1,26860.0,636,Municipally Owned,2022
17606629,JONES TOWN OF,OK,residential,415.9,30939.0,614,Municipally Owned,2022
17606866,KEYES UTILITY AUTHORITY,OK,residential,123.0,11182.0,192,Municipally Owned,2022
17608864,CITY OF MANNFORD,OK,residential,727.9,53369.0,1033,Municipally Owned,2022
17609926,PRYOR MUNICIPAL UTILITY BOARD,OK,residential,1794.0,185515.0,3340,Municipally Owned,2022
17610924,KIEFER PUBLIC WORKS AUTH,OK,residential,254.5,24879.0,480,Municipally Owned,2022
17611572,RIPLEY PUBLIC WORKS AUTH,OK,residential,70.2,5499.0,100,Municipally Owned,2022
17612104,SEILING PUBLIC WORKS AUTHORITY,OK,residential,134.1,13095.0,264,Municipally Owned,2022
17614462,WAKITA UTILITIES AUTHORITY,OK,residential,94.8,6003.0,112,Municipally Owned,2022
17614941,WILLOW TOWN OF,OK,residential,25.4,2956.0,51,Municipally Owned,2022
17615169,YALE WATER & SEWER TRUST,OK,residential,367.7,19350.0,409,Municipally Owned,2022
17616581,GRANITE TOWN OF,OK,residential,326.1,19443.0,400,Municipally Owned,2022
17617034,ARKANSAS OKLAHOMA GAS CORPORATION,OK,residential,9307.4,468562.0,10560,Privately Owned,2022
17617342,OKLAHOMA NATURAL GAS CO,OK,residential,797869.7,53727654.0,834915,Investor Owned,2022
17619803,CORN TOWN OF,OK,residential,117.5,9789.0,143,Municipally Owned,2022
17619814,KAW CITY CITY OF,OK,residential,96.3,12184.0,255,Municipally Owned,2022
17619816,CHOUTEAU PUBLIC WORKS AUTHORITY,OK,residential,580.2,42260.0,821,Municipally Owned,2022
17619846,CASHION PUB WKS AUTH,OK,residential,121.5,13699.0,237,Municipally Owned,2022
17619860,GEARY UTILITY AUTHORITY,OK,residential,236.8,19975.0,372,Municipally Owned,2022
17620234,GROVE MUN SERVICES AUTHORITY,OK,residential,3088.1,295662.0,3544,Municipally Owned,2022
17620236,FAIRLAND GAS AUTHORITY,OK,residential,219.9,26078.0,376,Municipally Owned,2022
17630125,SUMMIT UTILITIES OKLAHOMA INC,OK,residential,66104.8,4422871.0,87856,Privately Owned,2022
17640030,WEST TEXAS GAS INC,OK,residential,2960.1,209384.0,3089,Investor Owned,2022
17640049,HULBERT PUB WKS AUTH,OK,residential,1226.5,68678.0,1525,Municipally Owned,2022
17640063,SPERRY UTILITY SERVICES AUTH,OK,residential,247.7,21805.0,420,Municipally Owned,2022
17640067,CHELSEA GAS AUTHORITY,OK,residential,1585.4,127168.0,2587,Municipally Owned,2022
17640069,MINCO GAS AUTH,OK,residential,360.4,26869.0,536,Municipally Owned,2022
17640070,NORTHEAST OK PUB FACILITIES AUTH,OK,residential,6313.4,565819.0,10794,Municipally Owned,2022
17640078,EAST CENTRAL OKLAHOMA GAS AUTH,OK,residential,293.7,18272.0,327,Municipally Owned,2022
17640086,TUTTLE PUBLIC WORKS AUTHORITY,OK,residential,1559.8,128212.0,1756,Municipally Owned,2022
17640087,VICI PUB WORK AUTH,OK,residential,142.6,7650.0,208,Municipally Owned,2022
17674417,HOOKER CITY OF,OK,residential,217.5,47782.0,700,Municipally Owned,2022
17674461,SLICK TOWN OF,OK,residential,41.0,2406.0,61,Municipally Owned,2022
17679361,ENABLE GATHERING AND PROCESSING,OK,residential,9.1,623.0,1,Unknown,2022
17695265,TEXAS OKLAHOMA GAS LLC,OK,residential,0.4,61.0,3,Privately Owned,2022
17601966,CASCADE NAT GAS CORP,OR,residential,55694.9,4931137.0,71034,Other,2022
17610351,NORTHWEST NATURAL GAS,OR,residential,492577.3,39060353.0,632471,Investor Owned,2022
17611125,AVISTA UTILITIES,OR,residential,80693.9,5042445.0,92820,Investor Owned,2022
17602300,CHAMBERSBURG BOROUGH OF,PA,residential,4239.3,387571.0,5499,Municipally Owned,2022
17603676,L AND J GAS CO,PA,residential,38.6,4127.0,52,Privately Owned,2022
17606697,KAIB AND KAIB,PA,residential,34.1,6198.0,46,Privately Owned,2022
17610278,NORTH EAST HEAT LT,PA,residential,2123.0,248268.0,2690,Investor Owned,2022
17610894,NATIONAL FUEL GAS DIST PA,PA,residential,195459.7,17735073.0,179151,Investor Owned,2022
17611080,PECO ENERGY COMPANY,PA,residential,470329.3,35701246.0,431900,Investor Owned,2022
17611082,PHILADELPHIA GAS WORKS,PA,residential,568168.6,31018871.0,465165,Municipally Owned,2022
17611093,PEOPLES GAS COMPANY,PA,residential,79243.9,5228212.0,58214,Investor Owned,2022
17614088,UGI UTILITIES,PA,residential,627794.5,43663336.0,542927,Investor Owned,2022
17614188,C T ENTERPRISES - VALLEY ENTERPRISES,PA,residential,6738.4,576426.0,6402,Investor Owned,2022
17616236,COLUMBIA GAS OF PENNSYLVANIA,PA,residential,565106.7,29123768.0,360154,Investor Owned,2022
17617373,PIKE COUNTY LIGHT AND POWER,PA,residential,1825.1,106758.0,1258,Investor Owned,2022
17642601,CHARTIERS NATURAL GAS CO INC,PA,residential,222.0,16561.0,259,Investor Owned,2022
17672375,SAR GAS,PA,residential,112.6,8974.0,189,Privately Owned,2022
17673291,KNOX ENERGY COOP ASSOCIATION INC,PA,residential,3656.2,439449.0,4490,Cooperative,2022
17674367,KEYSTONE COOPERATIVE ASSOCIATION INC,PA,residential,922.6,105876.0,1236,Cooperative,2022
17676166,EQT GATHERING,PA,residential,22.4,1504.0,4,Unknown,2022
17678110,LEATHERSTOCKING GAS COMPANY LLC,PA,residential,524.8,30892.0,316,Privately Owned,2022
17696419,PEOPLES NATURAL GAS COMPANY,PA,residential,599504.9,44810518.0,498124,Investor Owned,2022
17681346,THE NARRAGANSETT ELECCO DBA RIENERGY,RI,residential,331210.0,18223872.0,247508,Investor Owned,2022
17601060,BENNETTSVILLE CITY OF,SC,residential,1231.8,112728.0,2496,Municipally Owned,2022
17602228,CHESTER CTY NAT GAS AUTH,SC,residential,4245.1,318533.0,6709,Municipally Owned,2022
17604460,FOUNTAIN INN NATURAL GAS,SC,residential,7840.4,536838.0,10751,Municipally Owned,2022
17605216,GREENWOOD COMM OF PUB WKS,SC,residential,9233.6,674672.0,16826,Municipally Owned,2022
17605224,GREER COMMISSION OF PUBLIC WORKS,SC,residential,14424.1,1140293.0,26199,Municipally Owned,2022
17608246,LAURENS COMMISSION OF PUBLIC WORKS,SC,residential,5140.2,260900.0,6553,Municipally Owned,2022
17610157,CLINTON NEWBERRY NAT GAS AUTHORITY,SC,residential,8225.7,549133.0,11985,Municipally Owned,2022
17610535,ORANGEBURG DEPT OF PUB UTIL,SC,residential,4137.1,295006.0,7137,Municipally Owned,2022
17612669,DOMINION ENERGY SOUTH CAROLINA INC,SC,residential,271947.7,14879252.0,398870,Investor Owned,2022
17613992,UNION CITY OF,SC,residential,3628.0,268721.0,5723,Municipally Owned,2022
17614999,WINNSBORO TOWN OF,SC,residential,1447.5,68187.0,1841,Municipally Owned,2022
17615203,YORK CTY NATURAL GAS AUTHORITY,SC,residential,39677.4,3249809.0,69347,Municipally Owned,2022
17616578,PIEDMONT NATURAL GAS,SC,residential,107113.8,7854401.0,145774,Investor Owned,2022
17617868,FORT HILL NAT GAS AUTH,SC,residential,28857.1,1973704.0,43606,Other,2022
17617874,LANCASTER CTY NAT GAS AUTHORITY,SC,residential,16555.5,1246909.0,29111,Municipally Owned,2022
17645021,BAMBERG BD OF PUB WORKS,SC,residential,677.4,30414.0,898,Municipally Owned,2022
17614635,WATERTOWN MUNICIPAL UTILITIES,SD,residential,5083.0,733149.0,8998,Municipally Owned,2022
17617833,NORTHWESTERN ENERGY,SD,residential,39177.9,3279875.0,42088,Investor Owned,2022
17627003,MONTANA DAKOTA UTILITIES CO,SD,residential,43002.4,3868259.0,57344,Investor Owned,2022
17650924,MIDAMERICAN ENERGY COMPANY,SD,residential,72282.8,6638334.0,95820,Investor Owned,2022
17695286,CROOKS MUNICIPAL GAS,SD,residential,712.9,59208.0,869,Municipally Owned,2022
17600183,LORETTO CITY OF,TN,residential,528.1,41356.0,689,Municipally Owned,2022
17600619,ATHENS UTILITIES BOARD,TN,residential,3068.6,218065.0,5621,Municipally Owned,2022
17601034,BELLS GAS AND WATER,TN,residential,419.7,44927.0,625,Municipally Owned,2022
17601344,BOLIVAR CITY OF,TN,residential,2397.7,250231.0,4344,Municipally Owned,2022
17601605,BROWNSVILLE ENERGY AUTH,TN,residential,1897.4,251832.0,4500,Municipally Owned,2022
17602143,CENTERVILLE TOWN OF,TN,residential,1972.1,141982.0,2415,Municipally Owned,2022
17602364,CHATTANOOGA GAS CO,TN,residential,53053.1,3836595.0,60819,Unknown,2022
17602527,CLARKSVILLE GAS DEPT,TN,residential,12901.8,1329005.0,25100,Municipally Owned,2022
17602926,COOKEVILLE GAS DEPARTMENT,TN,residential,5765.8,380933.0,8350,Municipally Owned,2022
17603468,GREATER DICKSON GAS AUTHORITY,TN,residential,11459.7,830769.0,15294,Municipally Owned,2022
17603706,DYERSBURG GAS SYSTEM,TN,residential,2893.5,351161.0,6945,Municipally Owned,2022
17603898,ELK RIVER PUBLIC UTILITY DISTRICT,TN,residential,10345.2,747009.0,15029,Cooperative,2022
17603980,ENGLEWOOD UTILITIES,TN,residential,83.4,9009.0,229,Municipally Owned,2022
17604040,ETOWAH UTILITIES,TN,residential,723.1,61806.0,1989,Municipally Owned,2022
17604230,FAYETTEVILLE PUBLIC UTILITY GAS DEPT,TN,residential,3339.8,242590.0,5827,Municipally Owned,2022
17604296,MT PLEASANT GAS SYS,TN,residential,721.6,62028.0,1314,Municipally Owned,2022
17604769,GALLATIN NATURAL GAS SYSTEMS,TN,residential,10356.4,859784.0,12998,Municipally Owned,2022
17604940,GIBSON COUNTY UTILITY DISTRICT,TN,residential,7841.3,648169.0,9311,Municipally Owned,2022
17605407,HALLS MUNICIPAL GAS SYSTEM,TN,residential,631.4,65272.0,1206,Municipally Owned,2022
17605511,HARRIMAN UTILITY BOARD,TN,residential,1699.2,105179.0,2753,Municipally Owned,2022
17605690,HENDERSON CITY OF,TN,residential,1865.2,200057.0,4081,Municipally Owned,2022
17605893,HOHENWALD CITY OF,TN,residential,1271.4,109307.0,2339,Municipally Owned,2022
17606199,HUMBOLDT UTILS,TN,residential,1743.4,173519.0,3038,Municipally Owned,2022
17606463,JACKSON ENERGY AUTHORITY,TN,residential,22127.0,1744585.0,27593,Municipally Owned,2022
17606507,JEFFERSON COCKE CO UTILITY DISTRICT,TN,residential,4641.6,295324.0,7128,Municipally Owned,2022
17606986,KNOXVILLE UTILITIES BOARD,TN,residential,75829.2,4996878.0,97679,Municipally Owned,2022
17608097,LAFAYETTE CITY OF,TN,residential,904.0,84455.0,1864,Municipally Owned,2022
17608121,LAKE COUNTY UTILITY DISTRICT,TN,residential,1379.2,87379.0,1955,Municipally Owned,2022
17608259,LAWRENCEBURG UTILITY SYSTEMS,TN,residential,2773.7,235380.0,5426,Municipally Owned,2022
17608292,LEBANON CITY OF,TN,residential,4531.0,465159.0,9068,Municipally Owned,2022
17608342,LENOIR CITY UTIL BD,TN,residential,3729.5,243227.0,5877,Municipally Owned,2022
17608374,LINDEN TOWN OF,TN,residential,702.3,53932.0,1401,Municipally Owned,2022
17608416,LEWISBURG GAS DEPT,TN,residential,1762.8,98459.0,2297,Municipally Owned,2022
17608521,LIVINGSTON TOWN OF,TN,residential,711.0,55137.0,1217,Municipally Owned,2022
17608530,LOBELVILLE CITY OF,TN,residential,166.1,11052.0,227,Municipally Owned,2022
17608623,LOUDON UTIL GAS DEPT,TN,residential,2571.3,168416.0,4225,Municipally Owned,2022
17608794,MADISONVILLE CITY OF,TN,residential,670.7,39932.0,1119,Municipally Owned,2022
17608981,MARTIN CITY OF,TN,residential,573.5,101385.0,1741,Municipally Owned,2022
17609349,MEMPHIS LIGHT GAS AND WATER,TN,residential,194154.8,19402398.0,290951,Municipally Owned,2022
17609451,MIDDLE TENNESSEE UTIL DIST,TN,residential,38125.4,2892241.0,60139,Municipally Owned,2022
17610027,PIEDMONT NATURAL GAS,TN,residential,189951.6,12337200.0,180481,Investor Owned,2022
17610082,NAT GAS UTIL DIST HAWKINS CTY,TN,residential,4362.6,300101.0,6833,Municipally Owned,2022
17610156,NEWBERN GAS DEPT,TN,residential,774.8,74666.0,1516,Municipally Owned,2022
17610386,OAK RIDGE UTIL DISTRICT,TN,residential,8174.0,579680.0,13312,Municipally Owned,2022
17610395,OBION TOWN OF,TN,residential,283.2,20520.0,330,Municipally Owned,2022
17610716,PARIS-HENRY COUNTY UTIL DISTRICT,TN,residential,3868.9,321575.0,6503,Other,2022
17610755,PARSONS CITY OF,TN,residential,1957.7,165211.0,3334,Municipally Owned,2022
17611302,PORTLAND CITY OF,TN,residential,2050.8,252992.0,4757,Municipally Owned,2022
17611336,POWELL CLINCH UTILITY DISTRICT,TN,residential,10001.1,646689.0,14921,Municipally Owned,2022
17611467,PULASKI NATURAL GAS DEPT,TN,residential,1206.4,153997.0,3229,Municipally Owned,2022
17611570,RIPLEY CITY OF,TN,residential,1510.3,232351.0,4518,Municipally Owned,2022
17611664,ROCKWOOD GAS SYSTEMS,TN,residential,1087.8,94086.0,2568,Municipally Owned,2022
17611930,SAVANNAH CITY OF,TN,residential,2257.9,232345.0,5151,Municipally Owned,2022
17612118,SELMER PUBLIC WORKS,TN,residential,804.1,64168.0,1568,Municipally Owned,2022
17612173,SEVIER CTY UTIL DIST,TN,residential,6484.7,400585.0,9779,Municipally Owned,2022
17612606,SMYRNA NAT GAS SYS,TN,residential,4780.1,541295.0,10279,Municipally Owned,2022
17612654,SOMERVILLE TOWN OF,TN,residential,4852.2,562262.0,7657,Municipally Owned,2022
17612678,SOUTH FULTON CITY OF,TN,residential,506.8,79573.0,737,Municipally Owned,2022
17612694,MARION NATURAL GAS SYSTEM,TN,residential,933.0,73765.0,1647,Municipally Owned,2022
17612848,SPRINGFIELD GAS SYS,TN,residential,4114.4,427885.0,7597,Municipally Owned,2022
17613333,SWEETWATER UTILITIES BOARD,TN,residential,679.8,54100.0,1262,Municipally Owned,2022
17613863,TROY TOWN OF,TN,residential,171.7,15450.0,325,Municipally Owned,2022
17614078,ATMOS ENERGY CORPORATION,TN,residential,114120.7,8874736.0,139663,Investor Owned,2022
17614676,WAYNESBORO CITY OF,TN,residential,352.5,22557.0,597,Municipally Owned,2022
17614711,WEST TENNESSEE PUBLIC UTILITY DIST,TN,residential,9446.5,685364.0,13104,Other,2022
17616588,CITIZENS GAS UTIL DISTRICT,TN,residential,5787.0,493983.0,10210,Other,2022
17616589,COVINGTON CITY OF,TN,residential,1420.1,163031.0,2496,Municipally Owned,2022
17616590,CROCKETT PUBLIC UTILITY DIST,TN,residential,781.6,57054.0,853,Municipally Owned,2022
17617835,DUNLAP NAT GAS SYS,TN,residential,978.4,66194.0,1899,Municipally Owned,2022
17617839,PIKEVILLE CITY OF,TN,residential,539.0,34407.0,835,Municipally Owned,2022
17617907,LEXINGTON GAS SYSTEM,TN,residential,1751.5,444448.0,8441,Municipally Owned,2022
17618180,JAMESTOWN GAS SYSTEM TENNESSEE,TN,residential,1381.2,123650.0,2548,Municipally Owned,2022
17619815,UNICOI COUNTY UTILITY DISTRICT,TN,residential,2476.9,171761.0,3512,Municipally Owned,2022
17619824,CITY OF COLLINWOOD,TN,residential,172.7,21539.0,350,Municipally Owned,2022
17647037,HUMPHREYS COUNTY UTILITIES DIST,TN,residential,3654.3,279259.0,5555,Municipally Owned,2022
17647043,MUNFORD CITY OF,TN,residential,4354.2,451495.0,7021,Municipally Owned,2022
17647045,FIRST UTILITY DISTRICT TIPTON,TN,residential,2009.3,162492.0,2948,Municipally Owned,2022
17647047,MASON NATURAL GAS,TN,residential,317.2,21565.0,505,Municipally Owned,2022
17647093,ADAMSVILLE CITY OF,TN,residential,888.8,59914.0,1548,Municipally Owned,2022
17647094,FRIENDSHIP GAS DEPT,TN,residential,169.3,8386.0,228,Municipally Owned,2022
17647095,MAURY CITY GAS DEPT,TN,residential,354.5,24852.0,590,Municipally Owned,2022
17647096,HARDEMAN FAYETTE UTIL DIST,TN,residential,3387.4,413844.0,5191,Municipally Owned,2022
17647102,HORTON HWY UTIL DIST,TN,residential,4491.4,298811.0,4493,Municipally Owned,2022
17647104,RIDGETOP NATURAL GAS,TN,residential,569.8,39997.0,562,Municipally Owned,2022
17672626,NAVITAS UTILITY CORP,TN,residential,356.0,15522.0,383,Privately Owned,2022
17673340,VOLUNTEER ENERGY COOP,TN,residential,16.7,843.0,25,Cooperative,2022
17674471,BEDFORD COUNTY UTILITY DISTRICT,TN,residential,654.7,37612.0,389,Municipally Owned,2022
17674484,CLIFTON GAS DEPT,TN,residential,146.1,8940.0,237,Municipally Owned,2022
17674485,ST JOSEPH CITY OF,TN,residential,111.8,7000.0,256,Municipally Owned,2022
17677550,MIDDLETON GAS DEPARTMENT CITY OF,TN,residential,148.7,14340.0,277,Municipally Owned,2022
17677765,RED BOILING SPRINGS CITY OF,TN,residential,191.5,11599.0,334,Municipally Owned,2022
17694411,POPLAR GROVE UTIL DIST,TN,residential,2599.9,259763.0,4202,Cooperative,2022
17694821,CLAIBORNE UTILITIES DISTRICT,TN,residential,390.6,29297.0,1005,Municipally Owned,2022
17695292,GALLAWAY CITY OF,TN,residential,83.8,4055.0,116,Municipally Owned,2022
17696318,COUNCE GAS CORP,TN,residential,32.9,3657.0,81,Privately Owned,2022
17600166,EASTON GAS SYS CITY OF,TX,residential,149.5,7466.0,253,Municipally Owned,2022
17600167,REKLAW NAT GAS SYS,TX,residential,634.0,31323.0,921,Municipally Owned,2022
17600254,ALTO CITY OF,TX,residential,428.7,20635.0,603,Municipally Owned,2022
17600475,ROCKPORT CITY OF,TX,residential,2126.3,71751.0,4053,Municipally Owned,2022
17600931,BAY CITY GAS CO,TX,residential,2450.6,111070.0,3719,Municipally Owned,2022
17601035,BELLVILLE CITY OF,TX,residential,421.4,34792.0,1162,Municipally Owned,2022
17601163,BIG LAKE CITY OF,TX,residential,510.9,24850.0,597,Municipally Owned,2022
17601308,GREY FOREST UTIL,TX,residential,15641.5,775917.0,16798,Municipally Owned,2022
17601489,BRAZORIA CITY OF,TX,residential,343.1,13546.0,746,Municipally Owned,2022
17601978,CARRIZO SPRINGS CITY OF,TX,residential,193.9,9045.0,601,Municipally Owned,2022
17602023,CASTROVILLE CITY OF,TX,residential,480.1,21699.0,835,Municipally Owned,2022
17602484,SAN ANTONIO PUB SVC BD,TX,residential,148308.4,11529807.0,357046,Municipally Owned,2022
17602703,COLUMBUS CITY OF,TX,residential,465.5,30758.0,1044,Municipally Owned,2022
17603003,CORPUS CHRISTI GAS DIV,TX,residential,11337.9,1130926.0,54104,Municipally Owned,2022
17603657,DUMAS CITY OF,TX,residential,3403.5,327130.0,4414,Municipally Owned,2022
17603814,GOLDSMITH CITY OF,TX,residential,38.3,4106.0,80,Municipally Owned,2022
17603884,ELDORADO CITY OF,TX,residential,392.9,17871.0,444,Municipally Owned,2022
17604346,CITY OF WINONA,TX,residential,222.1,9179.0,540,Municipally Owned,2022
17605670,HEMPHILL CITY OF,TX,residential,112.7,6043.0,231,Municipally Owned,2022
17606229,HUNTINGTON CITY OF,TX,residential,297.6,15406.0,498,Municipally Owned,2022
17607010,KOUNTZE CITY OF,TX,residential,101.7,4546.0,193,Municipally Owned,2022
17608696,CHIRENO CITY OF,TX,residential,772.6,58259.0,1306,Municipally Owned,2022
17608723,LYTLE CITY OF,TX,residential,131.5,6252.0,314,Municipally Owned,2022
17609289,MCLEAN CITY OF,TX,residential,307.4,25971.0,376,Municipally Owned,2022
17609850,MORTON CITY OF,TX,residential,335.6,32856.0,585,Municipally Owned,2022
17610196,NEWTON CITY OF,TX,residential,242.1,10017.0,429,Investor Owned,2022
17610818,PEARSALL CITY OF,TX,residential,146.3,15193.0,786,Municipally Owned,2022
17611197,PLAINS CITY OF,TX,residential,230.9,20139.0,401,Municipally Owned,2022
17611298,RANKIN CITY OF,TX,residential,149.8,16503.0,236,Municipally Owned,2022
17611567,STARR COUNTY GAS SYSTEM,TX,residential,122.8,10227.0,1199,Municipally Owned,2022
17612816,SPEARMAN CITY OF,TX,residential,1256.3,93138.0,1199,Municipally Owned,2022
17613038,STOCKDALE CITY OF,TX,residential,157.1,5263.0,232,Municipally Owned,2022
17613235,SUNRAY UTIL CITY OF,TX,residential,475.1,39213.0,633,Municipally Owned,2022
17613547,DEL RIO GAS CITY OF,TX,residential,1630.8,98009.0,5135,Municipally Owned,2022
17614826,WHITEFACE CITY OF,TX,residential,75.9,7141.0,188,Municipally Owned,2022
17615103,WOODVILLE CITY OF,TX,residential,201.8,18356.0,544,Municipally Owned,2022
17616556,CENTERPOINT ENERGY ENTEX,TX,residential,1084273.6,68053867.0,1752249,Investor Owned,2022
17616592,PINELAND CITY OF,TX,residential,98.1,4438.0,115,Municipally Owned,2022
17617462,TEXAS GAS SERVICE,TX,residential,435658.7,22843971.0,655804,Investor Owned,2022
17617849,SWEENY CITY OF,TX,residential,298.9,18632.0,920,Municipally Owned,2022
17617880,FALFURRIAS UTIL CITY OF,TX,residential,389.6,13568.0,909,Municipally Owned,2022
17619671,HEMPSTEAD CITY OF,TX,residential,512.2,28598.0,1013,Municipally Owned,2022
17619676,SEALY CITY OF,TX,residential,801.7,40755.0,1379,Municipally Owned,2022
17619679,MARIETTA CITY OF,TX,residential,175.3,8685.0,244,Municipally Owned,2022
17619684,DENVER CITY GAS SYSTEM,TX,residential,475.5,49823.0,1076,Municipally Owned,2022
17619689,CITY OF ALPINE GAS DEPARTMENT,TX,residential,826.0,59343.0,1668,Municipally Owned,2022
17619714,IRAAN CITY OF,TX,residential,195.3,16773.0,345,Municipally Owned,2022
17619715,BRENHAM CITY OF,TX,residential,1884.7,112850.0,4313,Municipally Owned,2022
17619717,UVALDE GAS SYSTEM,TX,residential,515.1,31092.0,1653,Municipally Owned,2022
17619734,GARRISON CITY OF,TX,residential,172.7,6705.0,201,Municipally Owned,2022
17619859,CITY OF SUNDOWN,TX,residential,259.1,20427.0,385,Municipally Owned,2022
17619914,NEW SUMMERFIELD CITY OF,TX,residential,434.1,26243.0,661,Municipally Owned,2022
17621901,GARY NATURAL GAS SYSTEM,TX,residential,606.3,34706.0,1000,Municipally Owned,2022
17622143,D & H GAS CO,TX,residential,30.8,2012.0,93,Investor Owned,2022
17622701,APPLEBY NATURAL GAS,TX,residential,464.2,30683.0,485,Municipally Owned,2022
17630127,SUMMIT UTILITIES ARKANSAS INC,TX,residential,8543.5,604963.0,12823,Privately Owned,2022
17648039,CUSHING CITY OF,TX,residential,114.9,7283.0,241,Municipally Owned,2022
17648043,DILLEY CITY OF,TX,residential,51.2,3071.0,244,Municipally Owned,2022
17648056,GEORGE WEST CITY OF,TX,residential,83.0,3858.0,237,Municipally Owned,2022
17648073,MARKHAM GAS CORP,TX,residential,129.3,6449.0,228,Privately Owned,2022
17648088,PERRYTON CITY OF,TX,residential,1255.3,235682.0,2945,Municipally Owned,2022
17648098,SABINAL CITY OF,TX,residential,104.2,3783.0,196,Municipally Owned,2022
17648135,BOERNE UTIL CITY OF,TX,residential,2154.4,115014.0,3263,Municipally Owned,2022
17648137,COTULLA CITY OF,TX,residential,125.2,4684.0,395,Municipally Owned,2022
17648138,DAISETTA CITY OF,TX,residential,48.2,2013.0,73,Municipally Owned,2022
17648151,NAVASOTA CITY OF,TX,residential,386.0,59278.0,1719,Municipally Owned,2022
17648159,CITY OF SPUR,TX,residential,133.4,19297.0,207,Municipally Owned,2022
17648163,WALLER CITY OF,TX,residential,429.1,13913.0,524,Municipally Owned,2022
17648195,CITY OF JOAQUIN,TX,residential,31.1,1103.0,88,Municipally Owned,2022
17648202,TOMBALL CITY OF,TX,residential,1420.0,111170.0,3516,Municipally Owned,2022
17648206,BRACKETTVILLE CITY OF,TX,residential,112.8,7522.0,165,Municipally Owned,2022
17648207,CHESTER GAS SYS,TX,residential,165.7,5884.0,206,Investor Owned,2022
17648210,CITY OF HUXLEY,TX,residential,655.6,42921.0,1008,Municipally Owned,2022
17648212,CITY OF RISING STAR,TX,residential,152.4,15011.0,186,Municipally Owned,2022
17648341,BOOKER CITY OF,TX,residential,304.2,36993.0,502,Municipally Owned,2022
17648453,GRUVER CITY OF,TX,residential,297.4,35512.0,485,Municipally Owned,2022
17648533,PLAINS GAS FARMERS COOP,TX,residential,8.7,1348.0,12,Cooperative,2022
17671662,ATMOS ENERGY CORPORATION,TX,residential,1900813.3,109755970.0,1923404,Investor Owned,2022
17672321,TEXAS KANSAS OKLAHOMA GAS,TX,residential,23.8,6506.0,63,Privately Owned,2022
17672373,GREENLIGHT GAS,TX,residential,2434.1,169310.0,3234,Cooperative,2022
17673180,WEST TEXAS GAS INC,TX,residential,16769.9,1219889.0,17065,Investor Owned,2022
17674419,ONALASKA WATER AND GAS SUPPLY,TX,residential,274.4,13673.0,761,Privately Owned,2022
17674563,LDC LLC,TX,residential,1943.7,79279.0,1538,Investor Owned,2022
17678276,CORIX UTILITIES INC,TX,residential,166.9,6594.0,226,Investor Owned,2022
17678323,ETC KATY PIPELINE LTD,TX,residential,45.1,4719.0,1,Unknown,2022
17680420,CITY OF MARFA,TX,residential,483.7,24041.0,753,Municipally Owned,2022
17680422,CITY OF CROSS PLAINS,TX,residential,86.4,5183.0,194,Municipally Owned,2022
17680423,CITY OF BRADY,TX,residential,847.8,55483.0,1571,Municipally Owned,2022
17680630,TEXAS REPUBLIC UTILITY LLC,TX,residential,539.1,13159.0,904,Investor Owned,2022
17681553,PANHANDLE NATURAL GAS,TX,residential,29.3,4745.0,197,Privately Owned,2022
17695338,SPLENDORA CITY OF,TX,residential,121.0,11095.0,428,Municipally Owned,2022
17695354,COSERV GAS LTD,TX,residential,124620.9,9587712.0,150706,Investor Owned,2022
17695364,EPCOR GAS TEXAS INC,TX,residential,7118.1,315352.0,5390,Privately Owned,2022
17695370,NATGAS  INC,TX,residential,595.1,42829.0,944,Privately Owned,2022
17695384,PORT ARANSAS CITY OF,TX,residential,566.1,32016.0,1279,Municipally Owned,2022
17695396,SIENERGY LP,TX,residential,15678.6,2225637.0,48551,Investor Owned,2022
17695402,T AND L GAS CO,TX,residential,175.8,8110.0,250,Privately Owned,2022
17695406,UNIVERSAL NATURAL GAS INC,TX,residential,21797.8,1156170.0,27537,Investor Owned,2022
17695456,ROCKIN M GAS LLC,TX,residential,1032.8,48121.0,1562,Privately Owned,2022
17616302,QUESTAR GAS COMPANY,UT,residential,822649.9,78434437.0,1052488,Investor Owned,2022
17674369,NEPHI CITY GAS,UT,residential,1779.7,207259.0,2362,Municipally Owned,2022
17674414,MONA CITY OF,UT,residential,378.4,49564.0,618,Municipally Owned,2022
17695460,BLANDING CITY,UT,residential,1071.6,99648.0,1161,Municipally Owned,2022
17602341,CHARLOTTESVILLE CITY OF,VA,residential,14721.1,997264.0,17985,Municipally Owned,2022
17603225,DANVILLE CITY OF,VA,residential,8966.8,745672.0,13253,Municipally Owned,2022
17610991,COLUMBIA GAS OF VIRGINIA,VA,residential,271905.6,14171975.0,241397,Investor Owned,2022
17611517,RICHMOND CITY OF DEPT OF PUB UTIL,VA,residential,103564.9,6482440.0,110884,Municipally Owned,2022
17611603,ROANOKE GAS COMPANY,VA,residential,55521.9,3583000.0,57210,Investor Owned,2022
17612791,SOUTHWESTERN VIRGINIA GAS CO,VA,residential,2221.6,203034.0,3294,Privately Owned,2022
17619023,ATMOS ENERGY CORPORATION,VA,residential,13472.0,1160366.0,19049,Investor Owned,2022
17651010,VIRGINIA NAT GAS INC,VA,residential,279624.4,15851964.0,285763,Investor Owned,2022
17671254,WASHINGTON GAS LIGHT COMPANY,VA,residential,466044.3,32315836.0,460961,Investor Owned,2022
17673805,APPALACHIAN NATURAL GAS,VA,residential,1139.8,86590.0,1422,Cooperative,2022
17618610,VERMONT GAS SYSTEMS INC,VT,residential,60735.5,3914921.0,48791,Investor Owned,2022
17602004,CASCADE NAT GAS CORP,WA,residential,172773.4,12696793.0,201336,Other,2022
17603907,ELLENSBURG CITY OF,WA,residential,3818.1,258070.0,4147,Municipally Owned,2022
17603995,ENUMCLAW CITY OF,WA,residential,3394.9,293719.0,4576,Municipally Owned,2022
17614608,PUGET SOUND ENERGY,WA,residential,808375.0,63214600.0,812920,Privately Owned,2022
17616582,NORTHWEST NATURAL GAS,WA,residential,73342.0,5454664.0,87948,Investor Owned,2022
17616595,AVISTA UTILITIES,WA,residential,143018.4,12012190.0,160333,Investor Owned,2022
17602462,CITY GAS CO,WI,residential,5724.1,492335.0,4987,Investor Owned,2022
17608791,MADISON GAS ELEC CO,WI,residential,135811.6,10193673.0,157668,Investor Owned,2022
17613293,SUPERIOR WATER LIGHT AND POWER CO,WI,residential,13537.3,1095677.0,11594,Privately Owned,2022
17615025,WISCONSIN ELEC PWR CO,WI,residential,396292.4,37945988.0,461341,Investor Owned,2022
17615027,WISCONSIN POWER AND LIGHT COMPANY,WI,residential,168745.3,14116613.0,177743,Investor Owned,2022
17616567,NORTHERN STATES POWER COMPANY,WI,residential,100787.0,7529441.0,101744,Investor Owned,2022
17616597,WISCONSIN GAS COMPANY,WI,residential,559137.6,48760724.0,589471,Investor Owned,2022
17619691,MIDWEST NATURAL GAS INC,WI,residential,16737.1,1440394.0,16942,Privately Owned,2022
17655017,ST CROIX VALLEY NAT GAS INC,WI,residential,7876.4,774789.0,8770,Investor Owned,2022
17694615,WISCONSIN PUB SVC CORP,WI,residential,285816.4,26747320.0,308037,Investor Owned,2022
17695320,FLORENCE UTILITY COMMISSION,WI,residential,1523.5,116942.0,1516,Municipally Owned,2022
17600160,STANDARD GAS CO,WV,residential,175.8,24845.0,347,Privately Owned,2022
17601305,CARDINAL BLUEFIELD GAS CO,WV,residential,3363.2,237814.0,2928,Cooperative,2022
17602873,CONSUMERS GAS UTIL CO,WV,residential,5709.5,493101.0,7865,Investor Owned,2022
17604069,WELCH GAS CO OP,WV,residential,553.9,55774.0,581,Cooperative,2022
17608674,CARDINAL NATURAL GAS CO LUMBERPORT,WV,residential,3288.6,251317.0,3246,Investor Owned,2022
17612746,SOUTHERN PUBLIC SERVICE CO,WV,residential,3128.9,339543.0,5529,Privately Owned,2022
17614012,UNION OIL AND GAS INC,WV,residential,4802.0,361137.0,6203,Privately Owned,2022
17654003,HOPE GAS INC,WV,residential,91776.2,7941397.0,102216,Investor Owned,2022
17673240,MOUNTAINEER GAS CO,WV,residential,179266.2,14353600.0,195208,Investor Owned,2022
17676571,LIBERTY PL CO INC,WV,residential,0.4,45.0,1,Unknown,2022
17676573,PEOPLES GAS,WV,residential,9601.4,932380.0,11824,Investor Owned,2022
17695254,CANAAN VALLEY GAS COMPANY,WV,residential,850.8,57901.0,613,Privately Owned,2022
17602261,BLACK HILLS ENERGY,WY,residential,68038.6,4516477.0,61524,Investor Owned,2022
17604499,FRANNIE DEAVER UTILITIES,WY,residential,218.2,21503.0,227,Investor Owned,2022
17615153,WYOMING GAS CO,WY,residential,7724.0,521836.0,6010,Privately Owned,2022
17616303,QUESTAR GAS COMPANY,WY,residential,23358.2,2091177.0,24994,Investor Owned,2022
17627004,MONTANA DAKOTA UTILITIES CO,WY,residential,16596.5,1526915.0,17509,Investor Owned,2022
17674363,LOWER VALLEY ENERGY INC,WY,residential,5065.9,338608.0,3727,Cooperative,2022
17695458,PINEDALE NATURAL GAS INC,WY,residential,1588.9,134273.0,1550,Privately Owned,2022
17602003,BARROW UTILITIES ELECTRIC COOP INC,AK,residential,912.7,210982.0,1179,Cooperative,2023
17602017,ENSTAR NAT GAS,AK,residential,230998.5,20205013.0,139191,Privately Owned,2023
17622751,CONOCOPHILLIPS ALASKA  INC,AK,residential,147.9,119750.0,1,Unknown,2023
17695268,INTERIOR ALASKA NATURAL GAS UTILITY,AK,residential,3723.9,166311.0,1463,Municipally Owned,2023
17600048,FLORALA GAS DEPARTMENT,AL,residential,97.1,4181.0,222,Municipally Owned,2023
17600139,SPIRE ALABAMA,AL,residential,327573.6,15599634.0,402406,Investor Owned,2023
17600162,ALEXANDER CITY MUN GAS CO,AL,residential,1396.3,75654.0,2457,Municipally Owned,2023
17600618,ATHENS GAS DEPT CITY OF,AL,residential,4911.5,294123.0,12306,Municipally Owned,2023
17600671,WEST ESCAMBIA UTILITIES INC,AL,residential,245.9,12509.0,704,Municipally Owned,2023
17600932,NORTH BALDWIN UTILITIES,AL,residential,883.0,70859.0,1999,Municipally Owned,2023
17601027,DORA GAS BD,AL,residential,434.2,15194.0,603,Municipally Owned,2023
17601037,MARSHALL CTY GAS DIST,AL,residential,8014.7,601618.0,17120,Municipally Owned,2023
17601043,NORTH ALABAMA GAS DISTRICT,AL,residential,11181.7,713412.0,21415,Municipally Owned,2023
17601097,CARBON HILL UTIL BD CITY OF,AL,residential,227.1,13592.0,542,Municipally Owned,2023
17601098,CHILDERSBURG WTR SWR GAS,AL,residential,549.0,35877.0,1294,Municipally Owned,2023
17601104,GORDO WATER GAS SEWER BD,AL,residential,329.3,43538.0,530,Municipally Owned,2023
17601107,MOULTON GAS SYS,AL,residential,1989.1,153784.0,2072,Municipally Owned,2023
17601110,STEVENSON UTIL BD,AL,residential,302.9,19421.0,238,Municipally Owned,2023
17601115,WILCOX COUNTY GAS DISTRICT,AL,residential,273.6,11023.0,526,Municipally Owned,2023
17601116,PICKENS COUNTY NATURAL GAS DISTRICT,AL,residential,613.6,40054.0,1281,Municipally Owned,2023
17601317,BOAZ CITY OF GAS BD,AL,residential,2140.3,104053.0,3231,Municipally Owned,2023
17602218,CHEROKEE TOWN OF,AL,residential,113.8,4956.0,193,Municipally Owned,2023
17602783,SOUTH ALABAMA GAS,AL,residential,1987.8,106600.0,3858,Municipally Owned,2023
17602985,CORDOVA WTR WKS AND GAS BD,AL,residential,117.4,5197.0,221,Municipally Owned,2023
17603112,CULLMAN JEFFERSON GAS,AL,residential,6684.7,400122.0,11879,Municipally Owned,2023
17603310,DECATUR UTIL GAS DEPT,AL,residential,4734.4,375302.0,11888,Municipally Owned,2023
17603332,DEKALB CHEROKEE COUNTIES,AL,residential,4437.4,235188.0,7379,Municipally Owned,2023
17603742,EAST CENTRAL ALABAMA GAS DISTRICT,AL,residential,1713.3,93404.0,2391,Municipally Owned,2023
17604228,FAYETTE GAS BOARD,AL,residential,1009.7,54834.0,1778,Municipally Owned,2023
17604371,FLORENCE NATURAL GAS DEPT CITY OF,AL,residential,7082.7,440690.0,13941,Municipally Owned,2023
17604400,RIVIERA UTILITIES,AL,residential,2631.5,92969.0,6377,Municipally Owned,2023
17604636,FULTONDALE GAS BOARD,AL,residential,5870.4,244956.0,7230,Municipally Owned,2023
17605161,GRAYSVILLE MUNICIPAL GAS SYSTEM,AL,residential,3788.5,180896.0,4298,Municipally Owned,2023
17605558,HARTSELLE UTILITIES,AL,residential,1409.7,96815.0,4101,Municipally Owned,2023
17606233,HUNTSVILLE UTILITIES NAT GAS DEPT,AL,residential,25047.4,1665753.0,56764,Municipally Owned,2023
17606464,JACKSONVILLE,AL,residential,574.8,38698.0,2183,Municipally Owned,2023
17608183,LANETT CITY OF,AL,residential,774.3,36502.0,872,Municipally Owned,2023
17608514,LIVINGSTON CITY OF,AL,residential,553.2,21124.0,399,Municipally Owned,2023
17608879,MAPLESVILLE UT BD,AL,residential,215.9,9233.0,398,Municipally Owned,2023
17609621,UTILITIES BOARD TOWN OF CITRONELLE,AL,residential,3087.7,123039.0,5986,Municipally Owned,2023
17609906,MULGA NAT GAS SYSTEM,AL,residential,792.4,31513.0,957,Municipally Owned,2023
17610347,NW ALABAMA GAS DIST AND FREEBIRD GAS,AL,residential,7711.9,423040.0,13617,Municipally Owned,2023
17610524,ONEONTA UTIL BD,AL,residential,1291.0,69625.0,2413,Municipally Owned,2023
17611343,RED BAY WATER AND GAS,AL,residential,460.8,31919.0,971,Municipally Owned,2023
17611601,ROANOKE UTILITY BOARD,AL,residential,382.5,26896.0,629,Municipally Owned,2023
17611618,ROBERTSDALE CITY OF,AL,residential,104.7,7206.0,212,Municipally Owned,2023
17611652,ROCKFORD TOWN OF,AL,residential,58.3,2077.0,68,Municipally Owned,2023
17611818,RUSSELLVILLE GAS BOARD,AL,residential,2468.6,139937.0,4542,Municipally Owned,2023
17612242,SHEFFIELD UTILITIES,AL,residential,1440.5,85639.0,3318,Municipally Owned,2023
17612759,SOUTHEAST ALABAMA GAS DISTRICT,AL,residential,15086.8,683644.0,27737,Municipally Owned,2023
17613346,SYLACAUGA UTILITIES BOARD,AL,residential,2045.9,172768.0,4771,Municipally Owned,2023
17613385,TALLASSEE CITY OF,AL,residential,412.6,16531.0,711,Municipally Owned,2023
17613879,UTILITIES BOARD OF TRUSSVILLE,AL,residential,15093.3,946053.0,21633,Municipally Owned,2023
17613918,TUSCUMBIA CITY OF,AL,residential,1253.9,67343.0,2595,Municipally Owned,2023
17614389,WEDOWEE TOWN OF WTR SWR GAS BD,AL,residential,254.0,11100.0,421,Unknown,2023
17614445,WADLEY CITY OF,AL,residential,27.5,1965.0,62,Municipally Owned,2023
17616527,PIEDMONT WATER GAS AND SEWER BOARD,AL,residential,655.6,34630.0,1186,Municipally Owned,2023
17617840,BROOKSIDE GAS SYSTEM,AL,residential,127.0,5808.0,182,Municipally Owned,2023
17617853,SPIRE GULF INC,AL,residential,58130.6,2093329.0,79536,Investor Owned,2023
17617860,DADEVILLE GAS BOARD,AL,residential,391.3,15353.0,586,Municipally Owned,2023
17617866,GENEVA CTY GAS DIST,AL,residential,395.1,18233.0,907,Municipally Owned,2023
17618616,BRIDGEPORT UTIL BD,AL,residential,189.9,16298.0,640,Municipally Owned,2023
17618617,CALERA CITY OF,AL,residential,1183.6,66910.0,2159,Municipally Owned,2023
17619000,SCOTTSBORO WTR SEWER AND GAS BOARD,AL,residential,1766.7,102274.0,3288,Municipally Owned,2023
17619600,BREWTON CITY OF,AL,residential,607.1,33482.0,1517,Municipally Owned,2023
17619825,VINA TOWN OF NATURAL GAS,AL,residential,99.4,12208.0,316,Municipally Owned,2023
17621927,SUMITON TOWN OF,AL,residential,421.7,19916.0,705,Municipally Owned,2023
17622778,YORK CITY OF,AL,residential,222.0,11061.0,215,Municipally Owned,2023
17672682,WHEELER BASIN NATURAL GAS CO,AL,residential,1497.2,93142.0,3463,Investor Owned,2023
17679660,UPPER SAND MOUNTAIN GAS DISTRICT,AL,residential,111.9,5833.0,191,Municipally Owned,2023
17690211,CLARKE MOBILE COUNTIES GAS DISTRICT,AL,residential,3367.0,133650.0,6065,Municipally Owned,2023
17600381,DEVALLS BLUFF NAT GAS SYS,AR,residential,76.8,3531.0,127,Municipally Owned,2023
17604438,ARKANSAS OKLAHOMA GAS CORPORATION,AR,residential,39897.7,2042002.0,40059,Other,2023
17605005,AUGUSTA LT WTR GAS,AR,residential,373.9,34172.0,667,Municipally Owned,2023
17605017,LOGAN TWP GAS USERS ASSN,AR,residential,31.6,3866.0,66,Cooperative,2023
17605625,HAZEN GAS CO,AR,residential,157.8,12624.0,443,Municipally Owned,2023
17610276,NORTH CROSSETT UTILITIES GAS & WATER,AR,residential,278.9,14847.0,504,Municipally Owned,2023
17619002,HARRISBURG WTR GAS DIV,AR,residential,637.8,51715.0,1145,Municipally Owned,2023
17630119,SUMMIT UTILITIES ARKANSAS INC,AR,residential,289186.8,17193986.0,364930,Privately Owned,2023
17671155,BLACK HILLS ENERGY,AR,residential,183738.0,9445904.0,165197,Investor Owned,2023
17601070,BENSON CITY OF,AZ,residential,1575.6,56820.0,1798,Municipally Owned,2023
17609381,MESA CITY OF,AZ,residential,37301.0,1796199.0,71778,Municipally Owned,2023
17611865,SAFFORD CITY OF,AZ,residential,1890.4,122565.0,3391,Municipally Owned,2023
17614895,WILLCOX CITY OF,AZ,residential,608.6,36503.0,1171,Municipally Owned,2023
17616576,SOUTHWEST GAS CORPORATION,AZ,residential,736336.5,33932905.0,1138521,Investor Owned,2023
17619834,NAVAJO TRIBAL UTILITY AUTHORITY,AZ,residential,3169.2,217274.0,4250,Cooperative,2023
17698926,UNS GAS INC,AZ,residential,95172.0,8900882.0,155485,Investor Owned,2023
17602603,COALINGA CITY OF,CA,residential,2538.3,153302.0,4056,Unknown,2023
17608584,LONG BEACH CITY OF,CA,residential,88106.0,4424200.0,139442,Municipally Owned,2023
17610617,PACIFIC GAS,CA,residential,3685593.6,171889022.0,4015171,Investor Owned,2023
17610644,PALO ALTO CITY OF,CA,residential,36154.3,1227499.0,21572,Municipally Owned,2023
17611927,SAN DIEGO GAS AND ELECTRIC COMPANY,CA,residential,734241.3,29465454.0,880695,Investor Owned,2023
17621931,SOUTHERN CALIFORNIA GAS COMPANY,CA,residential,4909685.4,226080014.0,5715676,Investor Owned,2023
17671810,SOUTHWEST GAS CORPORATION,CA,residential,245722.0,10953467.0,195179,Investor Owned,2023
17672371,PITTSBURG POWER CO DBA ISLAND ENERGY,CA,residential,422.5,14314.0,380,Municipally Owned,2023
17672372,ALPINE NATURAL GAS INC,CA,residential,2014.8,74157.0,1703,Municipally Owned,2023
17674357,WEST COAST GAS CO INC,CA,residential,1535.0,53039.0,1271,Privately Owned,2023
17674364,CITY OF VERNON,CA,residential,12.6,780.0,6,Municipally Owned,2023
17674415,CITY OF SUSANVILLE,CA,residential,2638.2,134299.0,2938,Municipally Owned,2023
17600821,BLACK HILLS ENERGY,CO,residential,241996.4,17959184.0,193320,Investor Owned,2023
17602141,CENTER MUNICIPAL GAS SYSTEM,CO,residential,612.8,60676.0,642,Municipally Owned,2023
17602695,COLORADO SPRINGS UTILITIES,CO,residential,125262.4,12993197.0,198708,Municipally Owned,2023
17604435,FORT MORGAN CITY OF,CO,residential,1969.3,269494.0,4157,Municipally Owned,2023
17605178,ATMOS ENERGY CORPORATION,CO,residential,111542.3,8118878.0,116995,Investor Owned,2023
17608031,AGUILAR TOWN OF,CO,residential,154.2,23384.0,234,Municipally Owned,2023
17611295,RANGELY TOWN OF,CO,residential,961.4,55855.0,838,Municipally Owned,2023
17611459,PUB SERVICE CO OF COLORADO,CO,residential,1129518.9,97533548.0,1371539,Investor Owned,2023
17613832,TRINIDAD CITY OF,CO,residential,2233.1,363390.0,3701,Municipally Owned,2023
17619818,IGNACIO TOWN OF,CO,residential,463.2,22636.0,376,Municipally Owned,2023
17695270,COLORADO NATURAL GAS INC,CO,residential,38119.3,1751069.0,23904,Investor Owned,2023
17602792,YANKEE GAS SVC CO,CT,residential,314717.8,13975495.0,222380,Investor Owned,2023
17610359,NORWICH PUBLIC UTILITIES,CT,residential,13623.4,535207.0,8726,Municipally Owned,2023
17619018,CONNECTICUT NAT GAS CORP,CT,residential,276496.7,16252333.0,171387,Investor Owned,2023
17619865,SOUTHERN CONNECTICUT GAS COMPANY,CT,residential,252634.3,14645581.0,188980,Investor Owned,2023
17614606,WASHINGTON GAS LIGHT COMPANY,DC,residential,127746.7,7609476.0,137119,Investor Owned,2023
17603352,DELMARVA POWER AND LIGHT CO,DE,residential,128843.7,7556674.0,129903,Investor Owned,2023
17624003,CHESAPEAKE UTILITIES CORPORATION,DE,residential,63227.1,3299834.0,69283,Investor Owned,2023
17600120,CENTURY TOWN OF,FL,residential,263.3,7843.0,637,Municipally Owned,2023
17601257,BLOUNTSTOWN CITY OF,FL,residential,110.0,7280.0,500,Municipally Owned,2023
17602272,CHIPLEY CITY OF,FL,residential,106.8,4485.0,412,Municipally Owned,2023
17602362,CHATTAHOOCHEE CITY OF,FL,residential,103.1,5546.0,340,Municipally Owned,2023
17602458,FLORIDA CITY GAS,FL,residential,52391.9,1576041.0,112587,Investor Owned,2023
17602553,CLEARWATER GAS SYS,FL,residential,13494.4,502712.0,27695,Municipally Owned,2023
17603324,DEFUNIAK SPRINGS CITY OF,FL,residential,306.7,9029.0,601,Municipally Owned,2023
17604384,FLORIDA PUBLIC UTILITIES,FL,residential,45449.7,1653864.0,68415,Investor Owned,2023
17604436,FORT PIERCE UTIITIES AUTHORITY,FL,residential,1503.7,42205.0,3602,Municipally Owned,2023
17605591,HAVANA TOWN OF,FL,residential,142.7,6739.0,355,Municipally Owned,2023
17606500,TOWN OF JAY,FL,residential,58.5,4377.0,210,Municipally Owned,2023
17608119,LAKE CITY CITY OF,FL,residential,621.8,29970.0,1910,Municipally Owned,2023
17608315,LEESBURG CITY OF,FL,residential,5716.7,206745.0,15173,Municipally Owned,2023
17608509,LIVE OAK CITY OF,FL,residential,195.7,8627.0,678,Municipally Owned,2023
17608787,MADISON CITY OF,FL,residential,219.6,13626.0,625,Municipally Owned,2023
17608921,MARIANNA CITY OF,FL,residential,289.8,14577.0,989,Municipally Owned,2023
17609557,MILTON CITY OF,FL,residential,1858.7,78198.0,4350,Municipally Owned,2023
17610469,OKALOOSA GAS DISTRICT,FL,residential,29546.6,1431573.0,48283,Municipally Owned,2023
17610624,PALATKA GAS AUTHORITY,FL,residential,1374.1,50496.0,3554,Municipally Owned,2023
17610913,PENSACOLA ENERGY,FL,residential,21773.8,792326.0,43858,Municipally Owned,2023
17610928,PEOPLES GAS SYS,FL,residential,216247.5,8664199.0,439313,Investor Owned,2023
17610964,PERRY CITY OF,FL,residential,548.7,31493.0,1364,Municipally Owned,2023
17611576,QUINCY CITY OF,FL,residential,503.6,44578.0,1731,Municipally Owned,2023
17612024,LAKE APOPKA NATURAL GAS DISTRICT,FL,residential,7777.8,564637.0,27206,Municipally Owned,2023
17612051,SUNRISE CITY OF,FL,residential,3847.4,128458.0,8681,Municipally Owned,2023
17612052,WILLISTON CITY OF,FL,residential,102.2,8707.0,437,Municipally Owned,2023
17612053,JASPER CITY OF,FL,residential,60.1,2492.0,188,Municipally Owned,2023
17612933,STARKE CITY OF,FL,residential,203.3,8405.0,540,Municipally Owned,2023
17613382,TALLAHASSEE MUNICIPAL GAS SYSTEM,FL,residential,12742.5,653484.0,33052,Municipally Owned,2023
17616533,CRESCENT CITY NAT GAS,FL,residential,193.2,12994.0,1202,Municipally Owned,2023
17616534,GAINESVILLE REGIONAL UTILITIES,FL,residential,15930.9,667991.0,35897,Municipally Owned,2023
17617884,ST JOE NAT GAS CO,FL,residential,1483.7,41854.0,2852,Investor Owned,2023
17619003,GULF BREEZE CITY OF,FL,residential,1866.6,78951.0,4920,Municipally Owned,2023
17674970,JACKSONVILLE BEACH CITY OF,FL,residential,129.2,10749.0,226,Municipally Owned,2023
17600046,COLQUITT GAS SYS CITY OF,GA,residential,36.9,2406.0,58,Municipally Owned,2023
17600047,CAIRO NAT GAS SYS,GA,residential,487.2,26027.0,1378,Municipally Owned,2023
17600048,WARNER ROBINS CITY OF,GA,residential,3334.8,197019.0,7816,Municipally Owned,2023
17600081,ADAIRSVILLE NAT GAS SYS,GA,residential,618.6,49488.0,1419,Municipally Owned,2023
17600369,AMERICUS CITY OF,GA,residential,743.7,49254.0,1950,Municipally Owned,2023
17600689,AUSTELL NAT GAS SYS,GA,residential,45119.7,3198698.0,58492,Municipally Owned,2023
17600775,BAINBRIDGE CITY OF,GA,residential,125.9,9657.0,552,Municipally Owned,2023
17601441,BOWMAN CITY OF,GA,residential,117.2,6848.0,209,Municipally Owned,2023
17601665,BUFORD CITY OF,GA,residential,38451.4,2529970.0,42426,Municipally Owned,2023
17601934,CAMILLA CITY OF,GA,residential,299.4,17801.0,692,Municipally Owned,2023
17601994,CARTERSVILLE GAS SYSTEM,GA,residential,7450.9,415962.0,9488,Municipally Owned,2023
17602625,COCHRAN CITY OF,GA,residential,305.0,16326.0,674,Municipally Owned,2023
17602745,COMMERCE CITY OF,GA,residential,944.9,66519.0,1898,Municipally Owned,2023
17602982,CORDELE NATURAL GAS SYSTEM CITY OF,GA,residential,958.4,14951.0,662,Municipally Owned,2023
17603049,COVINGTON NAT GAS SYS,GA,residential,4691.6,358544.0,7870,Municipally Owned,2023
17603202,DALTON UTILITIES,GA,residential,2438.1,194169.0,5387,Municipally Owned,2023
17603282,DAWSON CITY OF,GA,residential,192.5,15101.0,650,Municipally Owned,2023
17603637,DUBLIN CITY OF,GA,residential,1231.0,54420.0,2081,Municipally Owned,2023
17603789,EATONTON CITY OF,GA,residential,647.9,47329.0,1464,Municipally Owned,2023
17603878,ELBERTON UTILITIES  NAT GAS DIV,GA,residential,1928.1,138435.0,3394,Municipally Owned,2023
17605562,HARTWELL CITY OF,GA,residential,992.6,61729.0,1687,Municipally Owned,2023
17605604,HAWKINSVILLE NATURAL GAS SYSTEM CITY,GA,residential,434.4,18603.0,642,Municipally Owned,2023
17608101,LAFAYETTE CITY OF,GA,residential,910.1,59633.0,1582,Municipally Owned,2023
17608114,LAGRANGE CITY OF,GA,residential,4768.6,254854.0,7540,Municipally Owned,2023
17608261,LAWRENCEVILLE CITY OF,GA,residential,43428.6,2749027.0,48476,Municipally Owned,2023
17608633,LOUISVILLE CITY OF,GA,residential,257.6,15601.0,557,Municipally Owned,2023
17608788,MADISON CITY OF,GA,residential,775.9,71183.0,1647,Municipally Owned,2023
17609519,MILLEN CITY OF,GA,residential,305.7,21777.0,401,Municipally Owned,2023
17609769,MONTICELLO CITY OF,GA,residential,500.6,33978.0,909,Municipally Owned,2023
17609776,MONROE UTILITIES CITY OF,GA,residential,2222.1,152932.0,3782,Municipally Owned,2023
17609869,MOULTRIE CITY OF,GA,residential,410.5,23551.0,1179,Municipally Owned,2023
17610847,PELHAM CITY OF,GA,residential,122.4,10878.0,254,Municipally Owned,2023
17610966,PERRY CITY OF,GA,residential,767.0,45007.0,2021,Municipally Owned,2023
17611524,RICHLAND CITY OF,GA,residential,80.6,4235.0,102,Municipally Owned,2023
17611766,ROYSTON GAS DEPT CITY OF,GA,residential,701.3,44501.0,1285,Municipally Owned,2023
17612622,SOCIAL CIRCLE CITY OF,GA,residential,700.1,63323.0,1286,Municipally Owned,2023
17612806,SPARTA CITY OF,GA,residential,163.6,11391.0,457,Municipally Owned,2023
17613028,FITZGERALD CITY OF,GA,residential,355.2,27485.0,1683,Municipally Owned,2023
17613029,FORT VALLEY UTILITY COMMISSION,GA,residential,1446.0,90393.0,2438,Municipally Owned,2023
17613082,QUITMAN CITY OF,GA,residential,197.8,13481.0,461,Municipally Owned,2023
17613083,EDISON CITY OF,GA,residential,61.6,3884.0,119,Municipally Owned,2023
17613085,FORT GAINES CITY OF,GA,residential,30.6,1784.0,85,Municipally Owned,2023
17613086,GRANTVILLE CITY OF,GA,residential,330.7,21867.0,662,Municipally Owned,2023
17613092,DONALSONVILLE CITY OF,GA,residential,139.0,10195.0,131,Municipally Owned,2023
17613093,ANDERSONVILLE CITY OF,GA,residential,20.9,1162.0,56,Municipally Owned,2023
17613094,HOGANSVILLE CITY OF,GA,residential,387.4,25100.0,798,Municipally Owned,2023
17613095,ASHBURN NAT GAS SYS,GA,residential,191.7,8802.0,408,Municipally Owned,2023
17613154,SUGAR HILL CITY OF,GA,residential,7151.9,686141.0,11693,Municipally Owned,2023
17613384,TALLAPOOSA CITY OF,GA,residential,409.2,31581.0,876,Municipally Owned,2023
17613604,THOMASVILLE UTILITIES,GA,residential,1108.1,63600.0,2640,Municipally Owned,2023
17613620,THOMSON CITY OF,GA,residential,1342.0,74405.0,2249,Municipally Owned,2023
17613694,TIFTON NATURAL GAS SYSTEM,GA,residential,573.4,49074.0,1510,Municipally Owned,2023
17613702,TOCCOA NATURAL GAS SYSTEM,GA,residential,2814.3,169279.0,4815,Municipally Owned,2023
17613837,TRION TOWN OF,GA,residential,617.5,40670.0,1200,Municipally Owned,2023
17614359,WAYNESBORO CITY OF,GA,residential,501.8,35043.0,928,Municipally Owned,2023
17614621,ALBANY WTR GAS LT COMM,GA,residential,4057.1,251585.0,13296,Municipally Owned,2023
17614704,WEST POINT CITY OF,GA,residential,571.0,39760.0,775,Municipally Owned,2023
17614975,WINDER CITY OF,GA,residential,4631.8,303278.0,6800,Municipally Owned,2023
17615121,WRENS CITY OF,GA,residential,260.7,14635.0,570,Municipally Owned,2023
17617848,SYLVESTER CITY OF,GA,residential,245.4,11730.0,593,Municipally Owned,2023
17617857,SUMMERVILLE NAT GAS SYS,GA,residential,2363.9,138284.0,3985,Municipally Owned,2023
17617859,DOUGLAS GAS SYS,GA,residential,272.9,12774.0,830,Municipally Owned,2023
17618615,STATESBORO CITY OF,GA,residential,544.3,39276.0,1682,Municipally Owned,2023
17618619,SYLVANIA CITY OF,GA,residential,213.8,12120.0,388,Municipally Owned,2023
17619900,ADEL CITY OF,GA,residential,147.9,12584.0,451,Municipally Owned,2023
17619901,CUTHBERT NATURAL GAS SYSTEM CITY OF,GA,residential,167.3,14870.0,314,Municipally Owned,2023
17619903,NASHVILLE CITY OF,GA,residential,76.9,6018.0,345,Municipally Owned,2023
17621805,CLAXTON  CITY OF,GA,residential,219.8,11300.0,524,Municipally Owned,2023
17621806,VIENNA CITY OF,GA,residential,76.3,6812.0,375,Municipally Owned,2023
17621807,SHELLMAN CITY OF,GA,residential,77.4,4882.0,101,Municipally Owned,2023
17621808,DOERUN CITY OF,GA,residential,122.6,10820.0,172,Municipally Owned,2023
17621810,UNADILLA  CITY OF,GA,residential,499.7,16314.0,378,Municipally Owned,2023
17621928,BLAKELY CITY OF,GA,residential,172.6,14236.0,398,Municipally Owned,2023
17672320,TRI-COUNTY NATURAL GAS AUTHORITY,GA,residential,1079.0,68504.0,1876,Municipally Owned,2023
17676210,LIBERTY ENERGY DBA LIBERTY UTILITES,GA,residential,41598.6,1911916.0,52165,Unknown,2023
17615001,THE GAS COMPANY LLC,HI,residential,31712.1,597268.0,28917,Investor Owned,2023
17600033,MOULTON MUN GAS SYS,IA,residential,168.7,11950.0,178,Municipally Owned,2023
17600034,BEDFORD CITY NATURAL GAS,IA,residential,420.3,35951.0,537,Municipally Owned,2023
17600179,LENOX GAS SYSTEM,IA,residential,301.5,36365.0,485,Municipally Owned,2023
17600187,SABULA CITY OF,IA,residential,259.3,15993.0,252,Municipally Owned,2023
17600204,ALLERTON GAS CO,IA,residential,130.2,12050.0,167,Investor Owned,2023
17601247,BLOOMFIELD CITY OF,IA,residential,750.0,64579.0,994,Municipally Owned,2023
17602005,CASCADE MUN UTIL,IA,residential,664.5,55700.0,949,Municipally Owned,2023
17602042,LORIMOR MUNICIPAL GAS SYS,IA,residential,115.6,8919.0,152,Municipally Owned,2023
17602128,CEDAR FALLS UTIL,IA,residential,8980.0,823886.0,13568,Municipally Owned,2023
17602935,COON RAPIDS MUN UTIL,IA,residential,550.6,35250.0,558,Municipally Owned,2023
17602996,CORNING MUNICIPAL UTILITIES,IA,residential,326.8,40312.0,771,Municipally Owned,2023
17604067,WAUKEE MUNICIPAL GAS,IA,residential,13086.4,536395.0,9289,Municipally Owned,2023
17605098,GRAETTINGER TOWN OF,IA,residential,225.0,20875.0,357,Municipally Owned,2023
17605328,GUTHRIE CTR MUNICIPAL UTILITIES,IA,residential,416.7,46303.0,661,Municipally Owned,2023
17605491,HARLAN MUNICIPAL UTILITIES,IA,residential,871.0,126996.0,1951,Municipally Owned,2023
17605594,HAWARDEN MUNICIPAL UTILITIES,IA,residential,745.7,57284.0,885,Municipally Owned,2023
17608164,LAMONI MUN UTIL,IA,residential,444.0,43702.0,626,Municipally Owned,2023
17608856,MANILLA CITY OF,IA,residential,296.5,18235.0,313,Municipally Owned,2023
17608866,MANNING MUN NAT GAS,IA,residential,594.3,48880.0,804,Municipally Owned,2023
17609832,MORNING SUN MUNICIPAL NAT GAS SYS,IA,residential,276.8,21033.0,348,Municipally Owned,2023
17610551,OSAGE MUN GAS UTIL,IA,residential,1426.9,130785.0,1772,Municipally Owned,2023
17611440,REMSEN MUNICIPAL UTILITIES,IA,residential,522.9,45499.0,638,Municipally Owned,2023
17611852,SAC CITY MUNICIPAL GAS CO,IA,residential,702.0,59691.0,908,Municipally Owned,2023
17611942,SANBORN MUNICIPAL GAS UTILITY,IA,residential,449.0,34492.0,527,Municipally Owned,2023
17612458,SIOUX CENTER MUN GAS,IA,residential,1340.2,123080.0,2191,Municipally Owned,2023
17614680,WEST BEND MUN GAS,IA,residential,242.3,21620.0,316,Municipally Owned,2023
17614849,WHITTEMORE MUN GAS,IA,residential,211.8,12714.0,229,Municipally Owned,2023
17614986,WINFIELD MUNICIPAL GAS,IA,residential,294.7,23885.0,370,Municipally Owned,2023
17615081,WOODBINE MUNICIPAL NATURAL GAS,IA,residential,402.9,28432.0,573,Municipally Owned,2023
17618620,TIPTON CITY OF,IA,residential,1114.8,91694.0,1260,Municipally Owned,2023
17619011,EMMETSBURG MUNICIPAL UTILITIES,IA,residential,982.6,92127.0,1361,Municipally Owned,2023
17619034,PRESCOTT MUN NAT GAS CO,IA,residential,70.6,6182.0,92,Municipally Owned,2023
17619046,CLEARFIELD NAT GAS CO,IA,residential,72.0,6767.0,111,Municipally Owned,2023
17619047,LINEVILLE MUN NAT GAS SYSTEM,IA,residential,77.2,5847.0,86,Municipally Owned,2023
17619048,PRESTON CITY OF,IA,residential,196.4,30604.0,403,Municipally Owned,2023
17619049,ROLFE MUNICIPAL GAS,IA,residential,178.1,17299.0,218,Municipally Owned,2023
17619686,WELLMAN GAS SYSTEM,IA,residential,361.7,33526.0,568,Municipally Owned,2023
17619693,BROOKLYN MUNICIPAL UTILITIES,IA,residential,372.5,31358.0,538,Municipally Owned,2023
17619697,GILMORE CITY MUNICIPAL GAS SYSTEM,IA,residential,154.7,13935.0,225,Municipally Owned,2023
17619725,MONTEZUMA NATURAL GAS DEPT,IA,residential,333.5,41371.0,645,Municipally Owned,2023
17619726,CITY OF BRIGHTON,IA,residential,231.7,14570.0,250,Municipally Owned,2023
17619741,WAYLAND MUN GAS SYS,IA,residential,312.4,23865.0,408,Municipally Owned,2023
17621809,BLACK HILLS ENERGY,IA,residential,144915.1,9702465.0,145379,Investor Owned,2023
17650918,MIDAMERICAN ENERGY COMPANY,IA,residential,339297.4,34644094.0,560398,Investor Owned,2023
17673901,HARTLEY CITY OF,IA,residential,559.3,42338.0,633,Municipally Owned,2023
17673902,LAKE PARK,IA,residential,375.1,37489.0,620,Municipally Owned,2023
17673903,ORANGE CITY MUNICIPAL UTILITIES,IA,residential,1328.4,125664.0,1821,Municipally Owned,2023
17673904,ROCK RAPIDS,IA,residential,1652.6,140887.0,1230,Municipally Owned,2023
17674429,MAPLETON CITY OF,IA,residential,337.4,23833.0,426,Municipally Owned,2023
17674470,ALTON MUNICIPAL UTILITIES,IA,residential,404.8,27631.0,415,Municipally Owned,2023
17675801,LIBERTY ENERGY DBA LIBERTY UTILITIES,IA,residential,3827.6,233548.0,3515,Investor Owned,2023
17680493,TRAER MUNICIPAL UTILITIES,IA,residential,672.4,48880.0,683,Municipally Owned,2023
17695284,WALL LAKE CITY OF,IA,residential,201.6,16545.0,309,Municipally Owned,2023
17695290,FAIRBANK MUNICIPAL GAS,IA,residential,360.0,27570.0,442,Municipally Owned,2023
17695310,EVERLY MUNCIPAL UTILITY,IA,residential,211.6,17475.0,264,Municipally Owned,2023
17696331,INTERSTATE POWER AND LIGHT COMPANY,IA,residential,175954.8,12271807.0,201115,Investor Owned,2023
17606391,INTERMOUNTIAN GAS COMPANY,ID,residential,262927.8,28871897.0,378004,Investor Owned,2023
17611024,QUESTAR GAS COMPANY,ID,residential,2136.9,160237.0,2255,Investor Owned,2023
17614616,AVISTA UTILITIES,ID,residential,72153.9,5540316.0,85373,Investor Owned,2023
17600035,TOLDEDO VILLAGE OF,IL,residential,298.1,23109.0,439,Municipally Owned,2023
17600037,CITY OF GRAND TOWER,IL,residential,90.5,5442.0,162,Municipally Owned,2023
17600039,SHAWNEETOWN MUNICIPAL GAS,IL,residential,313.9,15172.0,325,Municipally Owned,2023
17600042,NEW BOSTON MUN GAS SYS,IL,residential,293.5,18368.0,318,Municipally Owned,2023
17600043,VILLAGE OF PLEASANT HILL,IL,residential,285.2,20034.0,389,Municipally Owned,2023
17600044,VILLAGE OF PAWNEE,IL,residential,1038.7,63162.0,992,Municipally Owned,2023
17600050,WINCHESTER CITY OF,IL,residential,434.8,38896.0,683,Municipally Owned,2023
17600161,ALEDO CITY OF,IL,residential,1150.5,104379.0,1482,Municipally Owned,2023
17600180,COBDEN MUN GAS SYS,IL,residential,253.2,14055.0,243,Municipally Owned,2023
17600181,RIVERTON VILLAGE OF,IL,residential,1135.5,82174.0,1440,Municipally Owned,2023
17600434,ANNA CITY OF,IL,residential,1064.4,82534.0,1411,Municipally Owned,2023
17601132,BETHANY VILLAGE OF,IL,residential,330.2,36534.0,562,Municipally Owned,2023
17601881,CAIRO PUB UTIL CO,IL,residential,1296.4,91452.0,1568,Municipally Owned,2023
17602225,CHESTER CITY OF,IL,residential,886.2,85005.0,1848,Municipally Owned,2023
17602377,CISNE VILLAGE OF,IL,residential,105.1,16229.0,282,Municipally Owned,2023
17602536,CLAY CITY VILLAGE OF,IL,residential,222.6,17949.0,335,Municipally Owned,2023
17602853,CONSUMERS GAS CO,IL,residential,2604.8,264503.0,4579,Investor Owned,2023
17603070,VILLAGE OF CROSSVILLE,IL,residential,141.3,14826.0,257,Municipally Owned,2023
17603511,DIVERNON VILLAGE OF,IL,residential,600.1,44667.0,736,Municipally Owned,2023
17603687,DUPO VILLAGE OF,IL,residential,693.9,62575.0,1114,Municipally Owned,2023
17603837,EDINBURG MUN GAS SYSTEM,IL,residential,358.7,27587.0,453,Municipally Owned,2023
17604104,FAIRFIELD CITY OF,IL,residential,1678.7,118524.0,2074,Municipally Owned,2023
17604283,FINDLAY VILLAGE OF,IL,residential,242.9,27659.0,463,Municipally Owned,2023
17604345,FLAT ROCK MUNICIPAL GAS,IL,residential,161.1,10706.0,174,Municipally Owned,2023
17604367,FLORA CITY OF,IL,residential,1257.9,110781.0,1957,Municipally Owned,2023
17605162,GRAYVILLE CITY OF,IL,residential,377.2,35828.0,587,Municipally Owned,2023
17605213,GREENUP VILLAGE OF,IL,residential,223.8,41568.0,714,Municipally Owned,2023
17606306,ILLINOIS GAS COMPANY,IL,residential,4951.2,515379.0,8087,Privately Owned,2023
17606651,JONESBORO CITY OF,IL,residential,402.1,24724.0,559,Municipally Owned,2023
17608635,LOUISVILLE VILLAGE OF,IL,residential,223.2,21594.0,371,Municipally Owned,2023
17609292,MCLEANSBORO CITY OF,IL,residential,706.3,71505.0,1317,Municipally Owned,2023
17609852,MORTON VILLAGE OF,IL,residential,3930.7,380389.0,5517,Municipally Owned,2023
17609870,MT CARMEL PUBLIC UTILITY CO,IL,residential,2742.7,173668.0,3023,Investor Owned,2023
17610023,NASHVILLE CITY OF,IL,residential,526.2,59794.0,1146,Municipally Owned,2023
17610260,NORRIS CITY VILLAGE OF,IL,residential,237.9,25302.0,500,Municipally Owned,2023
17610289,NORTH SHORE GAS COMPANY,IL,residential,156321.9,16993156.0,142506,Investor Owned,2023
17610322,NICOR GAS,IL,residential,1769349.0,181346192.0,1933447,Investor Owned,2023
17610960,PEOPLES GAS LIGHT AND COKE COMPANY,IL,residential,1058660.4,71031107.0,793626,Investor Owned,2023
17611237,PITTSFIELD CITY OF,IL,residential,1337.0,91417.0,1935,Municipally Owned,2023
17611344,RED BUD CITY OF,IL,residential,876.7,76854.0,1510,Municipally Owned,2023
17611702,ROODHOUSE CITY OF,IL,residential,453.3,41930.0,688,Municipally Owned,2023
17611907,SALEM CITY OF,IL,residential,1551.1,155540.0,2621,Municipally Owned,2023
17612667,ROCK ENERGY COOPERATIVE,IL,residential,6631.5,630702.0,8334,Cooperative,2023
17613058,VILLAGE OF STONINGTON,IL,residential,225.8,28741.0,395,Municipally Owned,2023
17613158,SULLIVAN CITY OF,IL,residential,1301.9,128978.0,2198,Municipally Owned,2023
17614301,VIENNA MUNICIPAL GAS SYSTEM,IL,residential,226.9,20533.0,410,Municipally Owned,2023
17614625,WATERLOO CITY OF,IL,residential,2116.6,195980.0,3965,Municipally Owned,2023
17614664,WAVERLY UTIL DEPT,IL,residential,427.2,28753.0,495,Municipally Owned,2023
17614669,WAYNE CITY VILLAGE OF,IL,residential,347.7,34317.0,444,Municipally Owned,2023
17614762,WESTVILLE GAS COMMISSION,IL,residential,1034.4,94770.0,1424,Municipally Owned,2023
17614799,WHITE HALL CITY OF,IL,residential,777.5,58671.0,882,Municipally Owned,2023
17616536,PINCKNEYVILLE CITY OF,IL,residential,610.5,69884.0,1264,Municipally Owned,2023
17617078,CASEY CITY OF,IL,residential,683.6,84262.0,1294,Municipally Owned,2023
17617079,ENFIELD MUNICIPAL GAS SYSTEM,IL,residential,113.2,11720.0,252,Municipally Owned,2023
17617083,EQUALITY MUNICIPAL GAS,IL,residential,106.6,9301.0,177,Municipally Owned,2023
17617084,FRANKLIN VILLAGE OF,IL,residential,147.0,14893.0,267,Municipally Owned,2023
17617085,GEFF VILLAGE OF,IL,residential,90.6,8048.0,163,Municipally Owned,2023
17617844,VILLAGE OF ROSSVILLE,IL,residential,322.6,36382.0,525,Municipally Owned,2023
17617879,MARSHALL CITY OF,IL,residential,1372.3,129745.0,1938,Municipally Owned,2023
17619672,MILFORD VILLAGE OF,IL,residential,537.8,49314.0,645,Municipally Owned,2023
17619673,MARTINSVILLE CITY OF,IL,residential,328.3,27022.0,496,Municipally Owned,2023
17619695,BUSHNELL CITY OF,IL,residential,804.2,83779.0,1333,Municipally Owned,2023
17619699,BELLE RIVE GAS SYSTEM,IL,residential,51.1,6832.0,121,Municipally Owned,2023
17619823,BLUFORD GAS,IL,residential,273.5,18428.0,427,Municipally Owned,2023
17619891,THEBES VILLAGE OF,IL,residential,39.0,2451.0,51,Municipally Owned,2023
17619904,DAHLGREN GAS SYSTEM,IL,residential,122.1,12185.0,220,Municipally Owned,2023
17619907,CITY OF AUBURN,IL,residential,1034.7,87780.0,1572,Municipally Owned,2023
17650922,MIDAMERICAN ENERGY COMPANY,IL,residential,43051.7,4307074.0,60335,Investor Owned,2023
17671862,AMEREN ILLINOIS,IL,residential,657144.6,45164261.0,742875,Investor Owned,2023
17674361,JO-CARROLL ENERGY,IL,residential,5929.3,352385.0,5269,Cooperative,2023
17675800,LIBERTY UTILITY MIDSTATES CO,IL,residential,16858.8,1109875.0,18965,Investor Owned,2023
17600174,INDIANA UTILITIES CORPORATION,IN,residential,2316.8,177329.0,3377,Investor Owned,2023
17600688,AURORA UTILITIES SYSTEM,IN,residential,1060.1,93004.0,1662,Municipally Owned,2023
17600909,BATESVILLE GAS UTILITY,IN,residential,1676.0,160336.0,2768,Municipally Owned,2023
17601371,BOONVILLE NAT GAS CORP,IN,residential,3274.6,248367.0,4647,Privately Owned,2023
17606226,HUNTINGBURG CITY OF,IN,residential,1253.7,161397.0,3500,Municipally Owned,2023
17606363,INDIANA GAS COMPANY INC,IN,residential,437231.7,38240042.0,590363,Investor Owned,2023
17606365,INDIANA NATURAL GAS CORP,IN,residential,4336.9,350366.0,6877,Investor Owned,2023
17606497,JASONVILLE CITY OF,IN,residential,599.9,45327.0,795,Municipally Owned,2023
17606498,JASPER CITY OF,IN,residential,1545.8,178917.0,3612,Municipally Owned,2023
17608201,LAPEL MUNICIPAL WATER AND GAS,IN,residential,428.4,48483.0,747,Municipally Owned,2023
17608260,SYCAMORE GAS CO,IN,residential,5368.7,302966.0,5939,Privately Owned,2023
17608389,LINTON CITY OF,IN,residential,2235.9,133491.0,2132,Municipally Owned,2023
17609763,MONTEZUMA MUNICIPAL GAS UTILITY,IN,residential,272.1,23319.0,378,Municipally Owned,2023
17610173,NEW HARMONY MUN GAS UTILITY,IN,residential,277.2,25032.0,336,Municipally Owned,2023
17610324,NORTHERN INDIANA PUBLIC SERVICE CO,IN,residential,610637.8,53147696.0,734846,Unknown,2023
17610444,OHIO VALLEY GAS CORP,IN,residential,22667.9,1634304.0,26161,Investor Owned,2023
17611598,ROACHDALE MUNICIPAL GAS UTILITY,IN,residential,285.9,18635.0,274,Municipally Owned,2023
17612718,SOUTHERN INDIANA GAS AND ELECTRIC,IN,residential,87130.9,5181807.0,103998,Investor Owned,2023
17616537,CITIZENS ENERGY GROUP,IN,residential,179392.3,17201314.0,259645,Municipally Owned,2023
17616538,PITTSBORO TOWN OF,IN,residential,1122.9,68236.0,1111,Municipally Owned,2023
17618032,OSGOOD MUN SYS,IN,residential,378.9,33401.0,668,Municipally Owned,2023
17618050,CHRISNEY MUNICIPAL GAS DEPT,IN,residential,143.3,8440.0,181,Municipally Owned,2023
17618052,FOUNTAINTOWN GAS CO,IN,residential,3114.3,265139.0,3583,Privately Owned,2023
17618055,SOUTH EASTERN INDIANA NAT GAS,IN,residential,1328.2,95084.0,1872,Privately Owned,2023
17619004,RENSSELAER GAS UTIL DEPT,IN,residential,2004.0,194215.0,2717,Municipally Owned,2023
17619019,POSEYVILLE MUN GAS CO,IN,residential,210.0,15922.0,359,Municipally Owned,2023
17619024,CITIZENS GAS OF WESTFIELD,IN,residential,5801.3,384511.0,6732,Privately Owned,2023
17619807,SWITZERLAND COUNTY NATURAL GAS CO,IN,residential,499.3,29418.0,590,Investor Owned,2023
17619892,BAINBRIDGE MUNICIPAL GAS UTILITY,IN,residential,190.1,14503.0,262,Municipally Owned,2023
17619913,COMMUNITY NATURAL GAS CO INC,IN,residential,5468.3,337517.0,7011,Investor Owned,2023
17671010,MIDWEST NATURAL GAS,IN,residential,8636.1,640279.0,13065,Investor Owned,2023
17673293,VALLEY RURAL UTILITY CO,IN,residential,137.6,38298.0,711,Cooperative,2023
17600032,ABBYVILLE CITY OF,KS,residential,26.8,2526.0,44,Municipally Owned,2023
17600177,PARTRIDGE CITY OF,KS,residential,80.9,4758.0,104,Municipally Owned,2023
17600192,UNIONTOWN CITY OF,KS,residential,82.0,5402.0,103,Municipally Owned,2023
17600235,ALMA CITY OF,KS,residential,324.0,27061.0,388,Municipally Owned,2023
17600246,ALTAMONT CITY OF,KS,residential,336.6,24639.0,437,Municipally Owned,2023
17600491,ARGONIA CITY OF,KS,residential,118.7,11202.0,238,Municipally Owned,2023
17601250,DENISON CITY OF,KS,residential,119.1,8820.0,135,Municipally Owned,2023
17601310,CITY OF HARDTNER,KS,residential,90.8,4567.0,86,Municipally Owned,2023
17601715,CITY OF BURLINGAME,KS,residential,319.5,24845.0,471,Municipally Owned,2023
17601742,BURRTON MUN GAS SYS,KS,residential,112.9,11055.0,231,Municipally Owned,2023
17602012,CASSODAY CITY OF,KS,residential,88.3,4224.0,102,Municipally Owned,2023
17602177,MIDWEST ENERGY INC,KS,residential,25112.3,2200005.0,33019,Cooperative,2023
17602327,CHANUTE CITY OF,KS,residential,2874.1,226746.0,3553,Municipally Owned,2023
17603004,PALMER CITY OF,KS,residential,45.4,4926.0,63,Municipally Owned,2023
17604796,GARNETT CITY OF,KS,residential,1126.1,88604.0,1356,Municipally Owned,2023
17605411,HALSTEAD MUN GAS DEPT,KS,residential,372.2,37596.0,692,Municipally Owned,2023
17605756,HESSTON CITY OF,KS,residential,699.9,56705.0,1089,Municipally Owned,2023
17606198,HUMBOLDT CITY OF,KS,residential,503.0,40952.0,686,Municipally Owned,2023
17606340,CITY OF IOLA,KS,residential,1473.0,133473.0,2033,Municipally Owned,2023
17606727,KANSAS GAS SERVICE COMPANY,KS,residential,588570.9,39176394.0,591928,Investor Owned,2023
17606756,KECHI CITY OF,KS,residential,617.6,38182.0,732,Municipally Owned,2023
17608627,LOUISBURG CITY OF,KS,residential,1054.5,83047.0,1413,Municipally Owned,2023
17609246,MCFARLAND CITY OF,KS,residential,114.1,6934.0,109,Municipally Owned,2023
17609294,MCLOUTH CITY OF,KS,residential,237.9,18543.0,329,Municipally Owned,2023
17609864,MOUNDRIDGE CITY OF,KS,residential,407.0,34745.0,723,Municipally Owned,2023
17610132,NEODESHA CITY OF,KS,residential,793.2,54742.0,925,Municipally Owned,2023
17610550,OSAGE CITY NATURAL GAS,KS,residential,1174.4,69492.0,1230,Municipally Owned,2023
17611326,READING CITY OF,KS,residential,33.5,2284.0,64,Municipally Owned,2023
17612219,SHARON CITY OF,KS,residential,81.6,5109.0,102,Municipally Owned,2023
17612818,SPEARVILLE CITY OF,KS,residential,202.3,18049.0,307,Municipally Owned,2023
17613349,SYLVIA TOWN OF,KS,residential,105.8,5383.0,95,Municipally Owned,2023
17614984,WINFIELD CITY OF,KS,residential,2087.2,268278.0,4561,Municipally Owned,2023
17617863,LYONS CITY OF,KS,residential,1132.5,67009.0,1377,Municipally Owned,2023
17617871,LA CYGNE GAS COMPANY,KS,residential,217.3,14648.0,293,Municipally Owned,2023
17619808,LEBO CITY OF,KS,residential,195.4,13563.0,264,Municipally Owned,2023
17619821,HOWARD CITY OF,KS,residential,316.3,15225.0,282,Municipally Owned,2023
17619866,CHENEY CITY OF,KS,residential,597.3,39792.0,719,Municipally Owned,2023
17619893,WALTON CITY OF,KS,residential,78.3,6185.0,94,Municipally Owned,2023
17620004,GARDEN PLAIN MUN GAS CO,KS,residential,195.9,19948.0,321,Municipally Owned,2023
17620005,CITY OF ISABEL,KS,residential,37.1,2694.0,43,Municipally Owned,2023
17620008,AMERICAN ENERGIES GAS SERVICES LLC,KS,residential,116.2,9991.0,149,Privately Owned,2023
17620024,ESKRIDGE GAS SYSTEM,KS,residential,297.4,24637.0,505,Municipally Owned,2023
17620036,JAMESTOWN MUN GAS SYS,KS,residential,102.2,10278.0,124,Municipally Owned,2023
17620079,WETMORE CITY OF,KS,residential,119.7,8995.0,138,Municipally Owned,2023
17620082,HARVEYVILLE CITY OF,KS,residential,88.1,4943.0,87,Municipally Owned,2023
17620089,AUBURN CITY OF,KS,residential,729.5,66403.0,1161,Municipally Owned,2023
17620092,LITTLE RIVER CITY OF,KS,residential,198.8,11219.0,207,Municipally Owned,2023
17620301,MULBERRY MUNICIPAL NATURAL GAS SYS,KS,residential,198.0,12296.0,211,Municipally Owned,2023
17621922,SAWYER CITY OF,KS,residential,54.8,3923.0,67,Municipally Owned,2023
17641129,ATMOS ENERGY CORPORATION,KS,residential,116667.2,9505534.0,130327,Investor Owned,2023
17674411,TEXAS KANSAS OKLAHOMA GAS LLC,KS,residential,2.0,608.0,2,Privately Owned,2023
17674416,MORLAND CITY OF,KS,residential,77.8,6931.0,94,Municipally Owned,2023
17675551,TEXAS KANSAS OKLAHOMA GAS LLC,KS,residential,41.4,2843.0,6,Privately Owned,2023
17681028,BLACK HILLS ENERGY,KS,residential,107452.9,6441462.0,104915,Investor Owned,2023
17695280,WINONA GAS,KS,residential,105.7,8933.0,100,Municipally Owned,2023
17600476,WHEELWRIGHT UTILITY COMMISSION,KY,residential,8.0,4420.0,217,Municipally Owned,2023
17600683,AUGUSTA CITY OF,KY,residential,262.7,31679.0,430,Municipally Owned,2023
17600858,BARDWELL NAT GAS,KY,residential,316.1,25178.0,535,Municipally Owned,2023
17601075,BENTON GAS SYSTEM,KY,residential,3106.8,293240.0,5841,Municipally Owned,2023
17601119,BARLOW MUN GAS CO,KY,residential,208.3,10466.0,229,Municipally Owned,2023
17601251,DRAKESBORO NAT GAS,KY,residential,642.3,38049.0,557,Municipally Owned,2023
17601986,CARROLLTON CITY OF,KY,residential,918.0,114290.0,1962,Municipally Owned,2023
17602098,CARLISLE CITY OF,KY,residential,499.7,26536.0,465,Municipally Owned,2023
17602535,CLAY CITY OF,KY,residential,255.7,23330.0,468,Municipally Owned,2023
17602577,CLINTON CITY OF,KY,residential,605.3,25041.0,495,Municipally Owned,2023
17602705,COLUMBIA GAS OF KENTUCKY INC,KY,residential,108935.4,6127491.0,112698,Investor Owned,2023
17603893,ELIZABETHTOWN CITY OF,KY,residential,2024.4,362484.0,6522,Municipally Owned,2023
17604259,FERGUSON CITY OF,KY,residential,126.9,6256.0,180,Municipally Owned,2023
17604633,FULTON NAT GAS SYS,KY,residential,452.4,35434.0,783,Municipally Owned,2023
17605621,HAZARD CITY OF,KY,residential,797.5,58649.0,1234,Municipally Owned,2023
17605681,HENDERSON MUNICIPAL GAS,KY,residential,4916.5,434072.0,8075,Municipally Owned,2023
17605766,HICKMAN CITY OF,KY,residential,301.9,27375.0,559,Municipally Owned,2023
17606832,NATURAL ENERGY UTIL CORP,KY,residential,908.2,104701.0,1399,Investor Owned,2023
17607086,LA CENTER CITY OF,KY,residential,272.6,15201.0,326,Municipally Owned,2023
17608331,LEITCHFIELD UTIL,KY,residential,881.2,74629.0,1839,Municipally Owned,2023
17608417,LEWISPORT CITY OF,KY,residential,838.4,60314.0,1263,Municipally Owned,2023
17608430,LIBERTY GAS CO,KY,residential,258.8,14650.0,322,Municipally Owned,2023
17608632,LOUISVILLE GAS AND ELECTRIC CO,KY,residential,264567.5,15636807.0,306640,Investor Owned,2023
17609805,MOREHEAD UTILITY PLANT BOARD,KY,residential,459.2,62433.0,1069,Municipally Owned,2023
17609822,MORGANFIELD CITY OF,KY,residential,764.0,72013.0,1354,Municipally Owned,2023
17609824,MORGANTOWN CITY OF,KY,residential,520.3,42686.0,1018,Municipally Owned,2023
17609958,MURRAY CITY OF,KY,residential,3336.5,343471.0,6410,Municipally Owned,2023
17610491,OLIVE HILL CITY OF,KY,residential,327.9,24981.0,546,Municipally Owned,2023
17610622,PAINTSVILLE GAS SYS,KY,residential,942.5,54089.0,1181,Municipally Owned,2023
17611373,PRESTONBURG CITY UTILITIES COMM,KY,residential,663.4,47848.0,865,Municipally Owned,2023
17611445,PROVIDENCE CITY OF,KY,residential,430.9,53661.0,890,Municipally Owned,2023
17611529,RICHMOND UTILITIES BOARD,KY,residential,1374.3,109620.0,3116,Municipally Owned,2023
17612068,SCOTTSVILLE GAS CO,KY,residential,711.6,60673.0,926,Municipally Owned,2023
17612647,SOMERSET GAS SVC,KY,residential,1137.5,108555.0,2776,Municipally Owned,2023
17613108,STURGIS NATURAL GAS,KY,residential,438.6,37536.0,629,Municipally Owned,2023
17613718,TOMPKINSVILLE CITY OF,KY,residential,557.7,37416.0,968,Municipally Owned,2023
17614007,DUKE ENERGY KENTUCKY,KY,residential,75307.9,5187460.0,96519,Investor Owned,2023
17614195,VALLEY GAS INC,KY,residential,176.3,21195.0,421,Privately Owned,2023
17614220,VANCEBURG ELECTRIC PLANT BOARD OF,KY,residential,197.3,16625.0,353,Municipally Owned,2023
17614728,ATMOS ENERGY CORPORATION,KY,residential,104862.6,8150378.0,160394,Investor Owned,2023
17614860,WICKLIFFE CITY OF,KY,residential,340.8,14871.0,335,Municipally Owned,2023
17616546,PIKEVILLE CITY OF,KY,residential,280.2,18945.0,649,Municipally Owned,2023
17619858,DELTA NATURAL GAS COMPANY,KY,residential,29339.8,1551140.0,34220,Investor Owned,2023
17619895,HARDIN GAS CO,KY,residential,755.5,48803.0,635,Municipally Owned,2023
17619899,CITY OF KUTTAWA,KY,residential,364.4,34680.0,736,Municipally Owned,2023
17621001,CITY OF COLUMBIA GAS DEPARTMENT,KY,residential,341.8,30579.0,703,Municipally Owned,2023
17621014,EDMONTON CITY OF,KY,residential,588.5,41950.0,981,Municipally Owned,2023
17621018,ARLINGTON CITY OF,KY,residential,320.4,12819.0,314,Municipally Owned,2023
17621024,KEVIL CITY OF,KY,residential,372.0,16865.0,432,Municipally Owned,2023
17621069,BROOKSVILLE CITY OF,KY,residential,421.1,30432.0,581,Municipally Owned,2023
17621079,LINDSEY AND ELLIOTT,KY,residential,16.2,1802.0,51,Privately Owned,2023
17621085,ORBIT GAS TRANSMISSION INC,KY,residential,29.8,4200.0,45,Privately Owned,2023
17621093,WESTERN LEWIS RECTORVILLE GAS DIST,KY,residential,244.2,34981.0,510,Other,2023
17621916,FLEMINGSBURG CITY OF,KY,residential,646.4,43692.0,892,Municipally Owned,2023
17621918,WEST LIBERTY GAS SYSTEM,KY,residential,135.9,9354.0,249,Municipally Owned,2023
17622763,GRAYSON UTILITY COMMISSION,KY,residential,290.6,23598.0,481,Municipally Owned,2023
17672621,BLUEGRASS GAS SALES INC,KY,residential,392.3,26092.0,690,Privately Owned,2023
17672622,BURKESVILLE GAS CO,KY,residential,99.0,6083.0,162,Privately Owned,2023
17672623,CITIPOWER LLC,KY,residential,265.7,9521.0,388,Investor Owned,2023
17672625,NAVITAS UTILITY CORP,KY,residential,349.1,22520.0,552,Privately Owned,2023
17672628,PARIS-HENRY COUNTY UTIL DISTRICT,KY,residential,81.5,6801.0,141,Other,2023
17672630,MILLENNIUM ENERGY INC,KY,residential,15.6,1408.0,32,Privately Owned,2023
17674481,WHITE PLAINS NATURAL GAS,KY,residential,109.1,6581.0,139,Municipally Owned,2023
17674482,MARTIN GAS INC,KY,residential,355.8,18637.0,398,Privately Owned,2023
17674483,GUTHRIE NATURAL GAS,KY,residential,68.7,4332.0,104,Municipally Owned,2023
17675702,KENTUCKY FRONTIER GAS LLC,KY,residential,2185.2,175934.0,4820,Privately Owned,2023
17677300,LAKE CUMBERLAND GAS AUTHORITY,KY,residential,145.8,8275.0,288,Municipally Owned,2023
17679313,SENTRA RESOURCES,KY,residential,105.8,3440.0,138,Privately Owned,2023
17600041,ABITA SPRINGS NATURAL GAS DEPT,LA,residential,396.0,25059.0,960,Investor Owned,2023
17600165,ALEXANDRIA CITY OF GAS DEPT,LA,residential,1747.6,474334.0,14615,Municipally Owned,2023
17600538,TOWN OF ARNAUDVILLE,LA,residential,205.8,10393.0,452,Municipally Owned,2023
17600782,BAKER CITY OF,LA,residential,1421.5,90802.0,3145,Municipally Owned,2023
17600802,BALDWIN TOWN OF,LA,residential,180.0,11826.0,433,Municipally Owned,2023
17600916,ST AMANT GAS CO INC,LA,residential,411.0,41983.0,1330,Privately Owned,2023
17601113,BERWICK TOWN OF,LA,residential,261.5,14725.0,801,Municipally Owned,2023
17601120,BASILE TOWN OF,LA,residential,96.6,4213.0,210,Municipally Owned,2023
17601446,TOWN OF BOYCE,LA,residential,171.7,7521.0,276,Municipally Owned,2023
17602086,CITY OF CARENCRO,LA,residential,388.2,18880.0,719,Municipally Owned,2023
17602360,CHATHAM NATURAL GAS DIVISION,LA,residential,36.6,2139.0,106,Municipally Owned,2023
17602548,CLAYTON TOWN OF,LA,residential,46.8,2037.0,89,Municipally Owned,2023
17602584,CLINTON TOWN OF,LA,residential,249.4,11001.0,382,Municipally Owned,2023
17602668,COLFAX GAS DEPT,LA,residential,224.2,13522.0,397,Municipally Owned,2023
17602701,COLUMBIA TOWN OF,LA,residential,40.4,3805.0,119,Municipally Owned,2023
17602997,NEWELLTON TOWN OF,LA,residential,108.4,9097.0,222,Municipally Owned,2023
17603355,DELCAMBRE TOWN OF,LA,residential,173.4,6690.0,300,Municipally Owned,2023
17603388,DENHAM SPRINGS CITY OF,LA,residential,2856.3,154081.0,6269,Municipally Owned,2023
17603569,DONALDSONVILLE CITY OF,LA,residential,788.1,39789.0,1762,Municipally Owned,2023
17604420,FOREST HILL VILLAGE OF,LA,residential,221.6,12689.0,435,Municipally Owned,2023
17604832,EAST BATON ROUGE PARISH GUD 1,LA,residential,2432.0,117772.0,3757,Municipally Owned,2023
17605052,CITY OF GONZALES,LA,residential,991.2,60695.0,2186,Municipally Owned,2023
17605111,GRAND COTEAU TOWN OF,LA,residential,185.0,14091.0,294,Municipally Owned,2023
17605119,GRAND ISLE TOWN OF,LA,residential,197.3,3227.0,663,Municipally Owned,2023
17605211,GREENSBURG TOWN OF,LA,residential,38.5,1640.0,114,Municipally Owned,2023
17605291,GUEYDAN TOWN OF,LA,residential,114.1,9473.0,479,Municipally Owned,2023
17605318,ENTERGY LOUISIANA LLC,LA,residential,47546.0,3158361.0,90857,Investor Owned,2023
17606286,IBERVILLE PARISH UTILITY DEPARTMENT,LA,residential,1483.1,109788.0,3825,Municipally Owned,2023
17606341,IOTA TOWN OF,LA,residential,67.9,5549.0,266,Municipally Owned,2023
17606455,JACKSON TOWN OF,LA,residential,396.4,5736.0,283,Municipally Owned,2023
17606516,JENA TOWN OF,LA,residential,294.8,18735.0,726,Municipally Owned,2023
17606652,JONESVILLE TOWN OF,LA,residential,292.6,20628.0,617,Municipally Owned,2023
17606729,KAPLAN CITY OF,LA,residential,565.8,32783.0,1427,Municipally Owned,2023
17607026,KROTZ SPRINGS CITY OF,LA,residential,141.2,26887.0,151,Municipally Owned,2023
17608370,LEONVILLE TOWN OF,LA,residential,79.2,6915.0,338,Municipally Owned,2023
17608517,LIVINGSTON TOWN OF,LA,residential,291.0,13027.0,633,Municipally Owned,2023
17608558,LOGANSPORT TOWN OF,LA,residential,83.4,6152.0,219,Municipally Owned,2023
17608795,MADISONVILLE TOWN OF,LA,residential,3600.6,231943.0,5896,Municipally Owned,2023
17608840,TOWN OF MAMOU,LA,residential,288.5,17082.0,761,Municipally Owned,2023
17608925,MARINGOUIN TOWN OF,LA,residential,78.8,26641.0,641,Municipally Owned,2023
17609346,MELVILLE TOWN OF,LA,residential,115.0,6572.0,224,Municipally Owned,2023
17609767,MONTGOMERY TOWN OF,LA,residential,135.6,7007.0,287,Municipally Owned,2023
17609775,MONTPELIER VILLAGE OF,LA,residential,48.9,2298.0,114,Municipally Owned,2023
17609803,MOREAUVILLE VILLAGE OF,LA,residential,601.5,29572.0,868,Municipally Owned,2023
17609812,MORGAN CITY CITY OF,LA,residential,1362.7,85198.0,3198,Municipally Owned,2023
17609825,MORGANZA VILLAGE OF,LA,residential,197.9,12297.0,401,Municipally Owned,2023
17610186,ENTERGY NEW ORLEANS INC,LA,residential,52567.8,2853587.0,102495,Unknown,2023
17610191,CITY OF NEW ROADS,LA,residential,749.7,54396.0,1807,Municipally Owned,2023
17610202,NEZPIQUE GAS SYSTEM INC,LA,residential,52.3,2394.0,155,Municipally Owned,2023
17610638,PALMETTO VILLAGE OF,LA,residential,92.8,2040.0,129,Municipally Owned,2023
17610780,PATTERSON CITY OF,LA,residential,467.3,21164.0,1279,Municipally Owned,2023
17611284,PORT ALLEN CITY OF,LA,residential,311.7,10949.0,1293,Municipally Owned,2023
17611285,PORT BARRE TOWN OF,LA,residential,95.7,7009.0,363,Municipally Owned,2023
17611444,PROVENCAL VILLAGE OF,LA,residential,69.9,2725.0,118,Municipally Owned,2023
17611878,TOWN OF ST FRANCISVILLE,LA,residential,299.0,18837.0,691,Municipally Owned,2023
17611884,ST JAMES PARISH UTILITIES,LA,residential,1025.5,68382.0,2947,Cooperative,2023
17612064,SCOTT CITY OF,LA,residential,146.3,10158.0,495,Municipally Owned,2023
17612355,SICILY ISLAND GAS CO,LA,residential,52.6,2837.0,91,Municipally Owned,2023
17612387,SIMMESPORT TOWN OF,LA,residential,139.3,8953.0,337,Municipally Owned,2023
17612520,TOWN OF SLAUGHTER,LA,residential,252.3,7996.0,374,Municipally Owned,2023
17612673,SOUTH COAST GAS CO,LA,residential,5267.2,354483.0,17788,Investor Owned,2023
17613242,SUNSET TOWN OF,LA,residential,331.1,11228.0,518,Municipally Owned,2023
17613583,THIBODAUX CITY OF,LA,residential,735.1,85181.0,3730,Municipally Owned,2023
17614090,CENTERPOINT ENERGY ENTEX,LA,residential,125269.6,8679440.0,230196,Investor Owned,2023
17614298,VIDALIA CITY OF,LA,residential,863.8,40394.0,1478,Municipally Owned,2023
17614311,CITY OF VILLE PLATTE,LA,residential,797.0,35516.0,1377,Municipally Owned,2023
17614473,WALKER TOWN OF,LA,residential,5876.6,283343.0,10974,Municipally Owned,2023
17614630,WATERPROOF TOWN OF,LA,residential,107.5,5398.0,146,Municipally Owned,2023
17614750,CITY OF WESTLAKE,LA,residential,1607.3,68546.0,3166,Municipally Owned,2023
17615238,CITY OF ZACHARY,LA,residential,3100.9,159806.0,5235,Municipally Owned,2023
17616552,PIERRE PART NAT GAS,LA,residential,312.7,26662.0,1341,Investor Owned,2023
17619680,GAS UTILITY DIST 1 OF E FELICIANA,LA,residential,112.2,4489.0,229,Municipally Owned,2023
17619683,FRANKLINTON TOWN OF,LA,residential,231.4,12787.0,623,Municipally Owned,2023
17619690,HARRISONBURG VILLAGE OF,LA,residential,439.4,14735.0,467,Municipally Owned,2023
17619703,TOWN OF WASHINGTON,LA,residential,231.9,8117.0,365,Municipally Owned,2023
17619707,POINTE COUPEE PARISH GUD2,LA,residential,1232.7,59314.0,2010,Municipally Owned,2023
17619708,HORNBECK TOWN OF,LA,residential,181.0,12748.0,713,Municipally Owned,2023
17619709,HOUMA MUNICIPAL GAS SYSTEM,LA,residential,4086.9,333863.0,13598,Municipally Owned,2023
17619721,EUNICE GAS DEPT,LA,residential,717.8,75043.0,3286,Municipally Owned,2023
17619747,KINDER TOWN OF,LA,residential,240.4,17300.0,662,Municipally Owned,2023
17622015,GAS UTIL DISTRICT 2,LA,residential,674.7,38402.0,1133,Municipally Owned,2023
17622023,LIVONIA GAS AND WATER,LA,residential,184.2,7730.0,335,Municipally Owned,2023
17622029,KENTWOOD TOWN OF,LA,residential,298.4,9636.0,317,Municipally Owned,2023
17622060,ST JOSEPH MUN NAT GAS,LA,residential,135.5,7244.0,218,Municipally Owned,2023
17622069,WHITE CASTLE MUN GAS,LA,residential,208.8,10560.0,393,Municipally Owned,2023
17622071,DEQUINCY GAS CO,LA,residential,505.0,31640.0,1192,Municipally Owned,2023
17622075,VERNON PARISH GUD 1,LA,residential,100.1,4049.0,165,Cooperative,2023
17622128,EVANGELINE GAS CO INC,LA,residential,1133.6,78035.0,2868,Investor Owned,2023
17622133,WASH PARISH GUD 1,LA,residential,10.3,1436.0,360,Other,2023
17622137,CITY OF PLAQUEMINE,LA,residential,887.4,80609.0,2498,Municipally Owned,2023
17622141,WEST BATON ROUGE PARISH NAT GAS,LA,residential,1793.9,187454.0,5731,Municipally Owned,2023
17622151,WOODWORTH TOWN OF,LA,residential,263.3,18146.0,616,Municipally Owned,2023
17671665,VILLAGE OF ELIZABETH GAS SYSTEM,LA,residential,72.8,4653.0,205,Municipally Owned,2023
17672060,ATMOS ENERGY CORPORATION,LA,residential,191308.9,10546392.0,341060,Investor Owned,2023
17673907,JPC ENERGY LLC,LA,residential,159.9,8765.0,410,Investor Owned,2023
17673951,MAGNOLIA NATURAL GAS LLC,LA,residential,81.4,4659.0,174,Privately Owned,2023
17675500,LIVINGSTON GAS & UTILITY CO,LA,residential,665.8,40084.0,1573,Municipally Owned,2023
17676110,LIVINGSTON PARISH GUD 1,LA,residential,603.7,20630.0,910,Other,2023
17677500,WEST FELICIANO PARISH GUD 1,LA,residential,243.7,27062.0,411,Municipally Owned,2023
17680528,CGUD OF GRANT PARISH,LA,residential,442.4,17490.0,816,Municipally Owned,2023
17696320,WASHINGTON PARISH GUD  2,LA,residential,291.1,4645.0,476,Municipally Owned,2023
17601093,BERKSHIRE GAS COMPANY THE,MA,residential,52301.6,2799572.0,35282,Investor Owned,2023
17601391,BOSTON GAS CO DBA NATIONAL GRID,MA,residential,1254691.0,58097262.0,870446,Investor Owned,2023
17604115,LIBERTY UTILITIES NENGC CORP,MA,residential,69775.1,3579534.0,56094,Investor Owned,2023
17604315,FITCHBURG GAS AND ELECTRIC COMPANY,MA,residential,25900.8,925210.0,14743,Investor Owned,2023
17605948,HOLYOKE CITY OF,MA,residential,11953.8,686227.0,10228,Municipally Owned,2023
17609453,MIDDLEBOROUGH GAS & ELECTRIC DEPT,MA,residential,6258.4,297417.0,5363,Municipally Owned,2023
17609923,WAKEFIELD MUN GAS LIGHT DEPT,MA,residential,9744.1,398536.0,6558,Municipally Owned,2023
17614749,WESTFIELD GAS AND ELECTRIC,MA,residential,14144.0,625561.0,9694,Municipally Owned,2023
17615111,NSTAR GAS COMPANY,MA,residential,384876.9,18446515.0,275754,Investor Owned,2023
17679611,CONSTELLATION LNG LLC,MA,residential,56988.0,780528.0,11,Unknown,2023
17680531,EVERSOURCE GAS CO OF MA,MA,residential,439039.7,21819908.0,302325,Investor Owned,2023
17600813,BGE,MD,residential,533732.9,27726861.0,560772,Investor Owned,2023
17616172,WASHINGTON GAS LIGHT COMPANY,MD,residential,402981.5,26857141.0,414216,Investor Owned,2023
17616232,COLUMBIA GAS OF MARYLAND,MD,residential,39384.4,2009333.0,29246,Investor Owned,2023
17617870,UGI CENTRAL PENN GAS INC,MD,residential,326.7,29429.0,471,Investor Owned,2023
17619896,EASTON UTILITIES COMMISSION,MD,residential,3606.5,207120.0,4221,Municipally Owned,2023
17650217,CHESAPEAKE UTILITIES CORPORATION,MD,residential,11180.6,487916.0,11901,Investor Owned,2023
17676361,SANDPIPER ENERGY,MD,residential,8023.7,240492.0,9900,Investor Owned,2023
17680320,ELKTON GAS COMPANY,MD,residential,3937.0,259094.0,6263,Investor Owned,2023
17617891,NORTHERN UTILITIES DBA UNITIL CORP,ME,residential,31733.3,1536745.0,25009,Investor Owned,2023
17676620,SUMMIT NATURAL GAS OF MAINE INC,ME,residential,4933.9,302154.0,4368,Investor Owned,2023
17695252,BANGOR GAS COMPANY LLC,ME,residential,11290.2,761413.0,6601,Privately Owned,2023
17698117,MAINE NATURAL GAS CORP,ME,residential,9012.0,382697.0,5739,Investor Owned,2023
17600915,NORTHERN STATES POWER COMPANY,MI,residential,4873.5,432564.0,5114,Investor Owned,2023
17602431,CITIZENS GAS FUEL CO,MI,residential,15674.2,1281951.0,16540,Investor Owned,2023
17609429,MICHIGAN GAS UTILITIES CO,MI,residential,113848.1,11153931.0,152191,Investor Owned,2023
17609432,DTE GAS COMPANY,MI,residential,1050614.1,96436216.0,1148660,Unknown,2023
17616600,UPPER MICHIGAN ENERGY RESOURCES CORP,MI,residential,2899.8,388710.0,4905,Investor Owned,2023
17617183,CONSUMERS ENERGY COMPANY,MI,residential,1721797.6,140435392.0,1683982,Investor Owned,2023
17680223,SEMCO ENERGY GAS COMPANY,MI,residential,218496.1,22327241.0,275632,Investor Owned,2023
17695322,PRESQUE ISLE E AND G COOP,MI,residential,10014.5,856058.0,12668,Cooperative,2023
17600492,ARGYLE CITY OF,MN,residential,222.2,17552.0,221,Municipally Owned,2023
17600697,AUSTIN UTILITIES,MN,residential,8227.8,763812.0,9580,Municipally Owned,2023
17602373,CENTENNIAL UTIL DBA CIRCLE PINES UTI,MN,residential,2392.9,213249.0,3162,Municipally Owned,2023
17603654,DULUTH CITY OF,MN,residential,25322.0,2799777.0,33118,Municipally Owned,2023
17605402,HALLOCK CITY OF,MN,residential,299.5,31091.0,376,Municipally Owned,2023
17605607,HAWLEY CITY OF,MN,residential,406.5,51023.0,668,Municipally Owned,2023
17606251,HUTCHINSON UTILITIES COMMISSION,MN,residential,3949.9,397209.0,5419,Municipally Owned,2023
17608124,LAKE PARK PUBLIC UTILITIES,MN,residential,262.1,20317.0,324,Municipally Owned,2023
17609925,OWATONNA PUB UTIL,MN,residential,7672.7,772224.0,9997,Municipally Owned,2023
17610197,NEW YORK MILLS MUN GAS SYS,MN,residential,379.0,39526.0,471,Municipally Owned,2023
17610336,NORTHERN STATES POWER COMPANY,MN,residential,364729.6,35470580.0,449623,Investor Owned,2023
17610948,PERHAM CITY OF,MN,residential,2096.0,237202.0,3454,Municipally Owned,2023
17611463,NEW ULM PUB UTIL COMM,MN,residential,3706.9,386828.0,5702,Municipally Owned,2023
17612976,STEPHEN CITY OF,MN,residential,228.2,17454.0,228,Municipally Owned,2023
17613952,TWO HARBORS CITY OF,MN,residential,885.3,146612.0,1659,Municipally Owned,2023
17614329,VIRGINIA PUBLIC UTILITIES,MN,residential,2912.1,284305.0,2730,Municipally Owned,2023
17617865,HIBBING PUBLIC UTILITIES,MN,residential,4839.8,411298.0,4749,Municipally Owned,2023
17617908,WARREN CITY OF,MN,residential,435.3,52150.0,590,Municipally Owned,2023
17618270,COMMUNITY UTIL CO,MN,residential,961.0,56360.0,729,Privately Owned,2023
17619749,GREAT PLAINS NATURAL GAS CO,MN,residential,18990.8,1462264.0,19338,Investor Owned,2023
17622739,CENTERPOINT ENERGY,MN,residential,858265.9,67154566.0,842147,Investor Owned,2023
17671150,EAGLE BENDCLARISSA GAS UTIL,MN,residential,311.1,41008.0,502,Municipally Owned,2023
17674420,ROUND LAKE CITY OF,MN,residential,130.6,11693.0,178,Municipally Owned,2023
17674428,HENNING CITY OF,MN,residential,344.8,35908.0,436,Municipally Owned,2023
17674465,GOODHUE CITY OF,MN,residential,507.7,38010.0,475,Municipally Owned,2023
17674466,FAIRFAX CITY OF,MN,residential,501.8,47679.0,699,Municipally Owned,2023
17676012,MINNESOTA ENERGY RESOURCES CORP,MN,residential,229088.1,17665317.0,223806,Investor Owned,2023
17678275,COMMUNITY COOPS OF LAKE PARK,MN,residential,1332.4,129357.0,1075,Cooperative,2023
17678321,UNITED NATURAL GAS LLC,MN,residential,456.6,24302.0,404,Cooperative,2023
17678420,DOOLEYS NATURAL GAS,MN,residential,1562.0,99895.0,1592,Privately Owned,2023
17678826,LAKE REGION ENERGY SERVICES,MN,residential,853.5,61925.0,1075,Privately Owned,2023
17679560,AGRINATURAL GAS LLC,MN,residential,581.9,48259.0,715,Privately Owned,2023
17680530,PAUL BUNYAN NATURAL GAS LLC,MN,residential,467.0,35090.0,628,Privately Owned,2023
17680880,CITY OF MORGAN,MN,residential,252.5,24147.0,301,Municipally Owned,2023
17695248,ARCHER DANIELS MIDLAND CO,MN,residential,7.5,1504.0,7,Privately Owned,2023
17695274,GREATER MINNESOTA GAS INC,MN,residential,8613.7,799894.0,9734,Privately Owned,2023
17695298,TYLER CITY OF,MN,residential,318.8,31144.0,590,Municipally Owned,2023
17695306,CLEARBROOK MUNICIPAL GAS CITY OF,MN,residential,83.0,11844.0,172,Municipally Owned,2023
17695312,COHASSET CITY OF,MN,residential,1044.3,114840.0,1354,Municipally Owned,2023
17695314,RANDALL CITY OF,MN,residential,164.0,18779.0,251,Municipally Owned,2023
17695328,BAGLEY PUBLIC UTILITIES,MN,residential,301.8,33137.0,496,Municipally Owned,2023
17696521,FOSSTON MUNICIPAL GAS CITY OF,MN,residential,417.6,37200.0,492,Municipally Owned,2023
17696808,N W NATURAL GAS OF MURRAY CTY,MN,residential,1126.3,91446.0,1369,Privately Owned,2023
17696809,NORTHWEST NATURAL GAS LLC,MN,residential,1650.9,137930.0,1845,Privately Owned,2023
17698924,NORTHWEST GAS OF CASS COUNTY,MN,residential,2001.0,170248.0,2210,Privately Owned,2023
17601100,BERNIE CITY OF,MO,residential,509.0,29870.0,684,Municipally Owned,2023
17601123,CITY OF CLARENCE,MO,residential,148.3,6420.0,123,Municipally Owned,2023
17601131,BETHANY CITY OF,MO,residential,941.1,78633.0,1332,Municipally Owned,2023
17602900,AMEREN MISSOURI,MO,residential,100354.6,5975668.0,122289,Investor Owned,2023
17605109,GRANBY CITY OF,MO,residential,479.7,32034.0,575,Municipally Owned,2023
17605127,CITY OF GRANT CITY MISSOURI,MO,residential,205.0,19008.0,245,Municipally Owned,2023
17608776,MACON MUNICIPAL UTILITIES,MO,residential,1211.0,108893.0,1969,Municipally Owned,2023
17610975,PERRYVILLE CITY OF,MO,residential,1342.9,116252.0,2724,Municipally Owned,2023
17611216,PLATTSBURG CITY OF,MO,residential,845.9,64655.0,991,Municipally Owned,2023
17612845,SPRINGFIELD CITY UTILS,MO,residential,61231.1,4681968.0,76144,Municipally Owned,2023
17612872,STANBERRY CITY OF,MO,residential,335.0,27181.0,433,Municipally Owned,2023
17616572,SPIRE MISSOURI INC,MO,residential,1296191.1,74581744.0,1128023,Investor Owned,2023
17617878,MONROE CITY GAS DEPT,MO,residential,706.2,69465.0,768,Municipally Owned,2023
17617881,PARIS CITY OF,MO,residential,403.5,26543.0,465,Municipally Owned,2023
17618624,CITY OF FULTON,MO,residential,2545.4,190681.0,3346,Municipally Owned,2023
17618625,MONTGOMERY CITY GAS CO,MO,residential,437.4,32319.0,699,Municipally Owned,2023
17619906,POTOSI CITY OF,MO,residential,454.9,33725.0,751,Municipally Owned,2023
17629014,MADISON CITY OF,MO,residential,146.0,8036.0,156,Municipally Owned,2023
17629016,ALBANY MUN GAS SYS,MO,residential,521.4,46998.0,689,Municipally Owned,2023
17629027,PERRY MUNICIPAL GAS SYSTEM,MO,residential,261.8,15500.0,289,Municipally Owned,2023
17629036,UNIONVILLE MUNICIPAL NATURAL GAS SYS,MO,residential,648.2,49676.0,724,Municipally Owned,2023
17629046,PRINCETON MUNICIPAL NATURAL GAS SYS,MO,residential,341.1,25517.0,424,Municipally Owned,2023
17629047,SHELBINA CITY OF,MO,residential,517.5,36748.0,595,Municipally Owned,2023
17629300,FROHNA CITY OF,MO,residential,173.4,13525.0,243,Municipally Owned,2023
17629301,BISMARCK CITY OF,MO,residential,157.5,14805.0,293,Municipally Owned,2023
17629303,HERMANN MUN GAS SYSTEM,MO,residential,659.6,36522.0,698,Municipally Owned,2023
17629304,BERGER NATURAL GAS,MO,residential,49.8,3517.0,65,Municipally Owned,2023
17629305,MIDDLETOWN MUN GAS SYSTEM,MO,residential,34.9,2772.0,52,Municipally Owned,2023
17629306,NEW FLORENCE MUNICIPAL GAS,MO,residential,96.1,8016.0,162,Municipally Owned,2023
17629307,NEW HAVEN CITY NATURAL GAS SYSTEM,MO,residential,333.6,24687.0,522,Municipally Owned,2023
17629309,MERCER MUNICIPAL NATURAL GAS SYSTEM,MO,residential,65.7,5079.0,84,Municipally Owned,2023
17629310,GREEN CITY MUNICIPAL NATURAL GAS SYS,MO,residential,154.7,12236.0,177,Municipally Owned,2023
17629311,LIBERAL MUNICIPAL NATURAL GAS SYSTEM,MO,residential,242.2,12768.0,230,Municipally Owned,2023
17629312,MILAN MUNICIPAL NATURAL GAS SYSTEM,MO,residential,503.6,44799.0,629,Municipally Owned,2023
17672421,EMPIRE DISTRICT GAS,MO,residential,36880.7,2136805.0,37559,Investor Owned,2023
17675802,LIBERTY ENERGY DBA LIBERTY UTILITIES,MO,residential,45786.2,2430200.0,45780,Investor Owned,2023
17676062,SUMMIT NATURAL GAS,MO,residential,18999.7,728382.0,16010,Investor Owned,2023
17681218,KENNETT BOARD OF PUBLIC WORKS,MO,residential,2182.1,143274.0,3979,Municipally Owned,2023
17695288,CITY OF CUBA NATURAL GAS,MO,residential,446.0,31314.0,794,Municipally Owned,2023
17695470,RICHLAND CITY OF,MO,residential,244.8,12067.0,259,Municipally Owned,2023
17695472,ST JAMES MUN UTIL,MO,residential,607.7,34036.0,846,Municipally Owned,2023
17695476,WHEATON CITY OF,MO,residential,103.6,8396.0,165,Municipally Owned,2023
17696304,WAYNESVILLE TOWN OF,MO,residential,386.6,16836.0,618,Municipally Owned,2023
17600175,BEAUMONT TOWN OF,MS,residential,52.1,1786.0,118,Municipally Owned,2023
17600182,DUCK HILL NATURAL GAS SYSTEM,MS,residential,192.4,20022.0,497,Municipally Owned,2023
17600200,MISSISSIPPI NATURAL INC,MS,residential,190.3,14129.0,267,Privately Owned,2023
17600588,ASHLAND TOWN OF,MS,residential,324.3,29424.0,647,Municipally Owned,2023
17600803,BALDWYN MUN GAS SYS,MS,residential,667.6,62658.0,1318,Municipally Owned,2023
17600908,BATESVILLE CITY OF,MS,residential,769.8,59727.0,1623,Municipally Owned,2023
17600937,BAY ST LOUIS CITY OF,MS,residential,340.1,15244.0,919,Municipally Owned,2023
17600938,BAY SPRINGS CITY OF,MS,residential,191.8,18634.0,480,Municipally Owned,2023
17601370,BOONEVILLE MUNICIPAL GAS,MS,residential,1957.2,171222.0,4114,Municipally Owned,2023
17601826,BYHALIA TOWN OF,MS,residential,613.3,50795.0,930,Municipally Owned,2023
17602056,CANTON MUNICIPAL UTILITIES CMU,MS,residential,1042.3,212994.0,3887,Municipally Owned,2023
17602193,CENTREVILLE TOWN OF,MS,residential,106.5,4984.0,206,Municipally Owned,2023
17602262,CHICKASAWHAY NAT GAS,MS,residential,1055.1,81646.0,2838,Municipally Owned,2023
17603000,CORINTH CITY OF GAS AND WATER,MS,residential,2571.6,279936.0,6710,Municipally Owned,2023
17604635,FULTON MUNICIPAL GAS SYS,MS,residential,615.3,58267.0,1974,Municipally Owned,2023
17605014,GLOSTER TOWN OF,MS,residential,73.7,4145.0,181,Municipally Owned,2023
17605931,HOLLY SPRINGS CITY OF,MS,residential,1524.5,106883.0,2412,Municipally Owned,2023
17606428,IUKA GAS SYS,MS,residential,897.1,52634.0,1323,Municipally Owned,2023
17608445,LIBERTY TOWN OF,MS,residential,115.7,5448.0,159,Municipally Owned,2023
17610490,OLIVE BRANCH CITY OF,MS,residential,8749.7,1128395.0,17465,Municipally Owned,2023
17611568,RIPLEY CITY OF,MS,residential,1945.7,186487.0,4568,Municipally Owned,2023
17612215,SHANNON TOWN OF,MS,residential,269.7,23450.0,693,Municipally Owned,2023
17614291,CITY OF VICKSBURG,MS,residential,2106.6,202044.0,4120,Municipally Owned,2023
17614498,WALNUT TOWN OF,MS,residential,670.5,43840.0,1070,Municipally Owned,2023
17614658,WAVELAND CITY OF,MS,residential,121.9,5555.0,372,Municipally Owned,2023
17614934,SPIRE ENERGY,MS,residential,8527.5,518852.0,15247,Investor Owned,2023
17615102,WOODVILLE TOWN OF,MS,residential,202.6,11294.0,424,Municipally Owned,2023
17616555,CENTERPOINT ENERGY ENTEX,MS,residential,76798.9,4637994.0,121443,Investor Owned,2023
17617909,PICAYUNE CITY OF,MS,residential,501.8,25481.0,1440,Municipally Owned,2023
17619687,ATMOS ENERGY CORPORATION,MS,residential,180587.5,10625448.0,227057,Investor Owned,2023
17619702,WALNUT GROVE TOWN OF,MS,residential,205.6,10895.0,318,Municipally Owned,2023
17619898,TISHOMINGO CITY OF,MS,residential,198.8,18308.0,468,Municipally Owned,2023
17621923,SENATOBIA CITY OF,MS,residential,623.4,52231.0,1372,Municipally Owned,2023
17622149,MRG MANAGEMENT LLC,MS,residential,806.3,51402.0,1522,Privately Owned,2023
17622723,PONTOTOC CITY OF,MS,residential,2707.7,280523.0,7940,Municipally Owned,2023
17628002,METCALFE NAT GAS SYS,MS,residential,209.2,9023.0,396,Municipally Owned,2023
17628025,NEW ALBANY MUN GAS SYSTEM,MS,residential,2944.1,226342.0,5768,Municipally Owned,2023
17628038,UTICA TOWN OF,MS,residential,85.5,5558.0,217,Municipally Owned,2023
17672221,OAKLAND YALOBUSHA NATURAL GAS DIST,MS,residential,145.5,6778.0,219,Municipally Owned,2023
17674474,KILMICHAEL NATURAL GAS,MS,residential,112.0,5726.0,193,Municipally Owned,2023
17674475,BELMONT NATURAL GAS TOWN OF,MS,residential,558.7,56685.0,1566,Municipally Owned,2023
17677151,SOUTHEAST LLC,MS,residential,190.4,11074.0,371,Investor Owned,2023
17695234,BURNSVILLE GAS CO,MS,residential,44.7,4372.0,150,Privately Owned,2023
17695296,NORTHEAST MS NATURAL GAS DISTRICT,MS,residential,1375.6,81957.0,2987,Municipally Owned,2023
17695302,CALEDONIA NATURAL GAS DIST,MS,residential,1499.6,60247.0,2077,Municipally Owned,2023
17695304,RIENZI MUNCIPAL GAS CITY OF,MS,residential,122.1,9562.0,370,Municipally Owned,2023
17603147,CUT BANK GAS CO,MT,residential,1110.4,93651.0,1272,Privately Owned,2023
17605164,ENERGY WEST MONTANA INC,MT,residential,17311.8,2016257.0,27042,Privately Owned,2023
17609755,NORTHWESTERN ENERGY,MT,residential,143381.3,13991557.0,183614,Investor Owned,2023
17611861,SACO MUNICIPAL GAS SVC,MT,residential,75.9,16270.0,129,Municipally Owned,2023
17612243,SHELBY GAS ASSOCIATION,MT,residential,838.3,87522.0,1142,Cooperative,2023
17627001,MONTANA DAKOTA UTILITIES CO,MT,residential,60794.4,5826547.0,78511,Investor Owned,2023
17674356,ENERGY WEST WEST YELLOWSTONE,MT,residential,707.1,22456.0,437,Privately Owned,2023
17601117,BESSEMER CITY OF,NC,residential,659.8,35824.0,885,Municipally Owned,2023
17605222,GREENVILLE UTILITIES COMMISSION,NC,residential,16089.8,772694.0,22424,Municipally Owned,2023
17606920,KINGS MOUNTAIN CITY OF,NC,residential,1672.7,121984.0,3553,Municipally Owned,2023
17608423,LEXINGTON CITY OF,NC,residential,5476.6,347033.0,8471,Municipally Owned,2023
17609733,MONROE CITY OF,NC,residential,8214.2,418325.0,11434,Municipally Owned,2023
17611460,PUBLIC SVC CO OF NORTH CAROLINA,NC,residential,425217.5,27035591.0,594744,Investor Owned,2023
17611666,ROCKY MOUNT CITY OF,NC,residential,13441.5,663556.0,15540,Municipally Owned,2023
17612244,SHELBY CITY OF,NC,residential,4450.1,304563.0,8390,Municipally Owned,2023
17614947,WILSON ENERGY,NC,residential,10717.7,511750.0,12549,Municipally Owned,2023
17694412,TOCCOA NATURAL GAS SYSTEM,NC,residential,239.9,20181.0,513,Municipally Owned,2023
17695260,FRONTIER NATURAL GAS,NC,residential,2242.6,141442.0,3029,Unknown,2023
17699051,PIEDMONT NATURAL GAS,NC,residential,608636.3,32925352.0,733312,Investor Owned,2023
17619015,NORTHERN STATES POWER COMPANY,ND,residential,39415.1,4105281.0,53792,Investor Owned,2023
17619909,GREAT PLAINS NATURAL GAS CO,ND,residential,1232.4,155402.0,1949,Investor Owned,2023
17627002,MONTANA DAKOTA UTILITIES CO,ND,residential,85011.2,8624890.0,98483,Investor Owned,2023
17650826,PORTAL MUN GAS,ND,residential,65.6,5445.0,50,Municipally Owned,2023
17680505,DAKOTA NATURAL GAS LLC,ND,residential,692.8,63708.0,968,Privately Owned,2023
17600238,ALMA NAT GAS CO CITY OF,NE,residential,347.0,25206.0,418,Municipally Owned,2023
17602153,CENTRAL CITY GAS DEPT,NE,residential,861.7,76413.0,1046,Municipally Owned,2023
17605578,HASTINGS CITY OF,NE,residential,5569.5,650789.0,9408,Municipally Owned,2023
17609407,METROPOLITAN UTILITIES DIST OF OMAHA,NE,residential,160338.4,16380126.0,211756,Municipally Owned,2023
17609408,FALLS CITY CITY OF,NE,residential,1881.3,102738.0,1921,Municipally Owned,2023
17610109,NEBRASKA CITY UTILITIES,NE,residential,2791.9,257997.0,3943,Municipally Owned,2023
17610354,NORTHWESTERN ENERGY,NE,residential,35538.5,2580947.0,38009,Investor Owned,2023
17610855,PENDER VILLAGE OF,NE,residential,312.4,29786.0,511,Municipally Owned,2023
17611267,PONCA PUBLIC UTILITIES,NE,residential,307.8,18059.0,298,Municipally Owned,2023
17613089,STROMSBURG CITY OF,NE,residential,406.8,26511.0,453,Municipally Owned,2023
17617233,SUPERIOR CITY OF,NE,residential,904.9,52477.0,865,Municipally Owned,2023
17619692,LYONS CITY OF,NE,residential,297.6,28435.0,387,Municipally Owned,2023
17631004,BLACK HILLS ENERGY,NE,residential,211105.3,11755471.0,191734,Investor Owned,2023
17650920,MIDAMERICAN ENERGY COMPANY,NE,residential,2144.1,247561.0,4022,Investor Owned,2023
17692115,WAHOO CITY OF,NE,residential,1198.7,92629.0,1472,Municipally Owned,2023
17695282,SCRIBNER MUNICIPAL GAS,NE,residential,345.3,23310.0,314,Municipally Owned,2023
17695300,WISNER CITY OF,NE,residential,435.3,29007.0,409,Municipally Owned,2023
17695316,FREMONT DEPT OF UTILITIES,NE,residential,7878.3,649478.0,9815,Municipally Owned,2023
17695324,STUART GAS CO,NE,residential,175.3,13054.0,232,Municipally Owned,2023
17600223,NORTHERN UTILITIES INC,NH,residential,41065.0,1674238.0,29782,Investor Owned,2023
17675803,LIBERTY UTILITIES DBA ENERGY NORTH,NH,residential,107020.3,5371384.0,86825,Investor Owned,2023
17610087,NEW JERSEY NATURAL GAS,NJ,residential,645329.6,40336171.0,524060,Investor Owned,2023
17611456,PUBLIC SERVICE ELECTRIC & GAS CO,NJ,residential,1491633.7,128470165.0,1700763,Investor Owned,2023
17612684,SOUTH JERSEY GAS COMPANY,NJ,residential,412936.2,21516511.0,377980,Privately Owned,2023
17672173,PIVOTAL UTIL HOLDINGS INC DBA ELIZAB,NJ,residential,239623.3,20786180.0,284821,Investor Owned,2023
17603381,DEMING GAS SYS,NM,residential,2896.8,206651.0,5294,Municipally Owned,2023
17608222,LAS CRUCES MUN GAS,NM,residential,21008.4,1659148.0,42044,Municipally Owned,2023
17608612,LORDSBURG CITY OF,NM,residential,448.6,52227.0,787,Municipally Owned,2023
17609888,MOUNTAINAIR TOWN OF,NM,residential,375.7,22687.0,374,Municipally Owned,2023
17610099,NAVAJO TRIBAL UTILITY AUTHORITY,NM,residential,2147.0,146815.0,3011,Cooperative,2023
17612625,SOCORRO CITY OF,NM,residential,2531.0,129192.0,2793,Municipally Owned,2023
17617851,RATON NATURAL GAS,NM,residential,2708.0,212738.0,2661,Privately Owned,2023
17617861,EMW GAS ASSN,NM,residential,5721.1,287868.0,5376,Municipally Owned,2023
17619688,CORONA VILLAGE OF,NM,residential,54.1,4888.0,70,Municipally Owned,2023
17619722,EASTERN NEW MEXICO NAT GAS,NM,residential,564.1,33243.0,827,Municipally Owned,2023
17635010,LAS VEGAS NAT GAS DEPT CITY OF,NM,residential,3803.4,277106.0,3880,Municipally Owned,2023
17635011,INCORPORATED COUNTY OF NEW MEXICO,NM,residential,7713.6,599486.0,7258,Municipally Owned,2023
17635019,ZIA NATURAL GAS,NM,residential,32283.5,1822840.0,36442,Privately Owned,2023
17635026,WAGON MOUND GAS SYS,NM,residential,31.4,3625.0,68,Municipally Owned,2023
17673850,NEW MEXICO GAS COMPANY,NM,residential,346417.2,31306477.0,504102,Investor Owned,2023
17612364,SIERRA PACIFIC POWER COMPANY,NV,residential,141717.7,11714737.0,165668,Privately Owned,2023
17616577,SOUTHWEST GAS CORPORATION,NV,residential,717188.0,38894809.0,785962,Investor Owned,2023
17600910,BATH ELECTRIC GAS AND WATER SYSTEMS,NY,residential,1412.3,136101.0,1879,Municipally Owned,2023
17601565,BROOKLYN UNION GAS DBA NATIONAL GRID,NY,residential,1551122.0,85211829.0,1151866,Investor Owned,2023
17602168,CENTRAL HUDSON GAS & ELECTRIC,NY,residential,118690.1,4862870.0,72450,Investor Owned,2023
17602810,CONSOLIDATED EDISON NEW YORK INC,NY,residential,1277561.4,47616285.0,882892,Investor Owned,2023
17602998,CORNING NAT GAS CORP,NY,residential,11915.3,1168004.0,13766,Privately Owned,2023
17604278,FILLMORE GAS CO,NY,residential,1013.8,115191.0,1196,Privately Owned,2023
17610199,NEW YORK STATE ELEC AND GAS CORP,NY,residential,249189.0,19294307.0,230815,Investor Owned,2023
17610204,NIAGARA MOHAWK DBA NATIONAL GRID,NY,residential,536425.4,44001726.0,561662,Investor Owned,2023
17610536,ORANGE & ROCKLAND UTILITIES INC,NY,residential,193161.2,11095427.0,116124,Investor Owned,2023
17610895,NATIONAL FUEL GAS DIST NY,NY,residential,474687.1,44513414.0,480041,Investor Owned,2023
17611453,RESERVE GAS COMPANY INC,NY,residential,620.1,65304.0,764,Investor Owned,2023
17611639,ROCHESTER GAS AND ELEC CORP,NY,residential,243852.4,22834073.0,288047,Investor Owned,2023
17611894,LIBERTY UTILITIES-ST LAWRENCE GAS,NY,residential,17542.7,1322988.0,14976,Investor Owned,2023
17614659,VALLEY ENERGY,NY,residential,1375.3,149746.0,1803,Investor Owned,2023
17617823,KEYSPAN ENERGY DBA NATIONAL GRID NY,NY,residential,862109.6,49756124.0,526967,Investor Owned,2023
17672370,N E A CROSS OF NEW YORK INC,NY,residential,655.6,56983.0,779,Privately Owned,2023
17674365,CHAUTAUQUA UTILITIES INC,NY,residential,180.8,26759.0,334,Privately Owned,2023
17600529,ARLINGTON NAT GAS CO,OH,residential,1472.3,114096.0,1663,Investor Owned,2023
17600530,EASTERN NATURAL GAS,OH,residential,3671.5,628679.0,6273,Privately Owned,2023
17602369,DUKE ENERGY OHIO,OH,residential,220908.6,13671700.0,223171,Investor Owned,2023
17605422,HAMILTON CITY OF,OH,residential,10162.4,1319117.0,21811,Municipally Owned,2023
17608173,LANCASTER MUNICIPAL GAS,OH,residential,10507.7,849241.0,14927,Municipally Owned,2023
17610051,NATIONAL GAS AND OIL COOPERATIVE,OH,residential,30680.5,2135985.0,34613,Cooperative,2023
17610436,OHIO CUMBERLAND GAS CO,OH,residential,1595.5,163394.0,2144,Privately Owned,2023
17612249,SHELDON GAS CO,OH,residential,1198.1,92257.0,1228,Privately Owned,2023
17614283,VILLAGE OF VERONA,OH,residential,53.5,13270.0,221,Municipally Owned,2023
17614637,WATERVILLE GAS AND OIL CO,OH,residential,5885.8,642320.0,7859,Privately Owned,2023
17616235,COLUMBIA GAS OF OHIO,OH,residential,107843.5,7742482.0,112423,Investor Owned,2023
17616580,PIKE NATURAL GAS CO,OH,residential,2075.6,383745.0,6732,Privately Owned,2023
17619820,SUBURBAN NATURAL GAS COMPANY,OH,residential,14872.2,1379143.0,18714,Privately Owned,2023
17639005,OHIO VALLEY GAS CORP,OH,residential,538.1,39571.0,595,Investor Owned,2023
17639015,GLENWOOD ENERGY OF OXFORD INC,OH,residential,3646.3,217593.0,4041,Privately Owned,2023
17639018,NGO DEVELOPMENT CORPORATION,OH,residential,3.4,481.0,5,Privately Owned,2023
17639033,FORAKER GAS CO  INC,OH,residential,372.1,33841.0,382,Privately Owned,2023
17639037,THE SWICKARD GAS CO,OH,residential,341.5,22407.0,360,Privately Owned,2023
17670317,EAST OHIO GAS COMP DOMINION EAST OH,OH,residential,82403.1,8191887.0,83550,Investor Owned,2023
17672174,PIEDMONT GAS COMPANY,OH,residential,1447.9,192396.0,2020,Privately Owned,2023
17673292,KNOX ENERGY COOPERATIVE ASSOCIATION,OH,residential,9449.9,1610853.0,18155,Cooperative,2023
17674368,MADISON ENERGY COOPERATIVE ASSOC INC,OH,residential,1029.6,170530.0,2532,Cooperative,2023
17675550,DESHLER MUNICIPAL UTILITIES,OH,residential,521.9,43751.0,594,Municipally Owned,2023
17678220,VILLAGE ENERGY COOP ASSOC INC,OH,residential,594.4,107241.0,1767,Cooperative,2023
17694131,VECTREN ENERGY DELIVERY OF OHIO,OH,residential,9543.2,771796.0,10921,Investor Owned,2023
17695242,NORTHEAST OHIO NATURAL GAS,OH,residential,26952.5,2460805.0,31312,Unknown,2023
17695262,KNG ENERGY INC,OH,residential,1181.7,121456.0,1787,Investor Owned,2023
17695294,MCCOMB NATURAL GAS,OH,residential,355.2,31687.0,482,Municipally Owned,2023
17695318,CONSUMERS GAS COOP,OH,residential,9726.8,729451.0,8329,Cooperative,2023
17695334,COMMUNITY ENERGY RESOURCES COOP,OH,residential,1070.5,73600.0,1337,Cooperative,2023
17600184,FORT COBB FUEL AUTHORITY,OK,residential,3903.5,150749.0,3191,Privately Owned,2023
17601176,BILLINGS PWA,OK,residential,101.0,8956.0,123,Municipally Owned,2023
17601721,BURLINGTON TOWN OF,OK,residential,131.7,10000.0,76,Municipally Owned,2023
17601989,JAY UTILITIES AUTHORITY,OK,residential,483.9,23149.0,885,Municipally Owned,2023
17602565,CITY OF CLEVELAND,OK,residential,868.6,43345.0,1033,Municipally Owned,2023
17603050,COVINGTON TOWN OF,OK,residential,142.0,9810.0,188,Municipally Owned,2023
17603599,TALOGA TOWN OF,OK,residential,72.8,7390.0,105,Municipally Owned,2023
17603632,DRUMRIGHT GAS AUTHORITY,OK,residential,685.4,40545.0,844,Municipally Owned,2023
17604103,FAIRFAX TOWN OF,OK,residential,264.2,29415.0,521,Municipally Owned,2023
17604547,FREEDOM MUNICIPAL TRUST AUTHORITY,OK,residential,94.5,6100.0,89,Municipally Owned,2023
17605331,GUYMON MUN GAS CO,OK,residential,3203.2,202924.0,3161,Municipally Owned,2023
17605477,HARDESTY TOWN OF,OK,residential,34.3,3523.0,80,Municipally Owned,2023
17605573,HASKELL PUBLIC WORKS AUTHORITY,OK,residential,417.6,26292.0,649,Municipally Owned,2023
17606629,JONES TOWN OF,OK,residential,434.9,32349.0,642,Municipally Owned,2023
17606866,KEYES UTILITY AUTHORITY,OK,residential,123.0,8978.0,145,Municipally Owned,2023
17608864,CITY OF MANNFORD,OK,residential,890.3,49844.0,1032,Municipally Owned,2023
17609926,PRYOR MUNICIPAL UTILITY BOARD,OK,residential,1906.8,175472.0,3373,Municipally Owned,2023
17610924,KIEFER PUBLIC WORKS AUTH,OK,residential,236.8,22931.0,480,Municipally Owned,2023
17611278,RAMONA PUBLIC WORKS AUTHORITY,OK,residential,299.3,20233.0,251,Municipally Owned,2023
17611572,RIPLEY PUBLIC WORKS AUTH,OK,residential,70.2,5499.0,100,Municipally Owned,2023
17612104,SEILING PUBLIC WORKS AUTHORITY,OK,residential,129.8,11940.0,263,Municipally Owned,2023
17614462,WAKITA UTILITIES AUTHORITY,OK,residential,103.8,5898.0,111,Municipally Owned,2023
17614941,WILLOW TOWN OF,OK,residential,35.8,3044.0,51,Municipally Owned,2023
17615169,YALE WATER & SEWER TRUST,OK,residential,373.8,19432.0,409,Municipally Owned,2023
17616581,GRANITE TOWN OF,OK,residential,295.4,17865.0,395,Municipally Owned,2023
17617034,ARKANSAS OKLAHOMA GAS CORPORATION,OK,residential,9737.8,433284.0,10473,Privately Owned,2023
17617342,OKLAHOMA NATURAL GAS CO,OK,residential,773525.6,51679355.0,840278,Investor Owned,2023
17619803,CORN TOWN OF,OK,residential,88.4,7135.0,136,Municipally Owned,2023
17619814,KAW CITY CITY OF,OK,residential,109.3,11579.0,254,Municipally Owned,2023
17619816,CHOUTEAU PUBLIC WORKS AUTHORITY,OK,residential,516.6,40775.0,777,Municipally Owned,2023
17619846,CASHION PUB WKS AUTH,OK,residential,109.3,11684.0,237,Municipally Owned,2023
17619860,GEARY UTILITY AUTHORITY,OK,residential,297.7,26126.0,364,Municipally Owned,2023
17620234,GROVE MUN SERVICES AUTHORITY,OK,residential,3163.0,285658.0,3557,Municipally Owned,2023
17620236,FAIRLAND GAS AUTHORITY,OK,residential,139.8,23149.0,346,Municipally Owned,2023
17620238,AFTON PUBLIC WORKS AUTHORITY,OK,residential,207.2,21014.0,237,Municipally Owned,2023
17630125,SUMMIT UTILITIES OKLAHOMA INC,OK,residential,73181.8,4499935.0,88394,Privately Owned,2023
17640030,WEST TEXAS GAS INC,OK,residential,2384.3,188087.0,3069,Investor Owned,2023
17640049,HULBERT PUB WKS AUTH,OK,residential,1111.0,54651.0,1566,Municipally Owned,2023
17640063,SPERRY UTILITY SERVICES AUTH,OK,residential,285.3,20874.0,424,Municipally Owned,2023
17640067,CHELSEA GAS AUTHORITY,OK,residential,1527.6,122532.0,2618,Municipally Owned,2023
17640069,MINCO GAS AUTH,OK,residential,351.3,25996.0,528,Municipally Owned,2023
17640070,NORTHEAST OK PUB FACILITIES AUTH,OK,residential,5303.7,517369.0,10764,Municipally Owned,2023
17640078,EAST CENTRAL OKLAHOMA GAS AUTH,OK,residential,292.6,15084.0,329,Municipally Owned,2023
17640086,TUTTLE PUBLIC WORKS AUTHORITY,OK,residential,1582.3,101332.0,1795,Municipally Owned,2023
17640087,VICI PUB WORK AUTH,OK,residential,137.6,7334.0,201,Municipally Owned,2023
17674417,HOOKER CITY OF,OK,residential,213.2,48433.0,704,Municipally Owned,2023
17674461,SLICK TOWN OF,OK,residential,42.9,1886.0,59,Municipally Owned,2023
17679361,ENABLE GATHERING AND PROCESSING,OK,residential,24.9,1692.0,1,Unknown,2023
17682196,GREENLIGHT GAS,OK,residential,61.0,3910.0,68,Privately Owned,2023
17695265,TEXAS OKLAHOMA GAS LLC,OK,residential,0.1,40.0,3,Privately Owned,2023
17601966,CASCADE NAT GAS CORP,OR,residential,65101.9,4688719.0,72354,Other,2023
17610351,NORTHWEST NATURAL GAS,OR,residential,586045.7,37137873.0,637301,Investor Owned,2023
17611125,AVISTA UTILITIES,OR,residential,87976.7,5034612.0,95306,Investor Owned,2023
17602300,CHAMBERSBURG BOROUGH OF,PA,residential,3259.2,326032.0,5685,Municipally Owned,2023
17603676,L AND J GAS CO,PA,residential,31.9,3290.0,52,Privately Owned,2023
17606697,KAIB AND KAIB,PA,residential,32.7,5914.0,46,Privately Owned,2023
17610278,NORTH EAST HEAT LT,PA,residential,2024.2,217603.0,2680,Unknown,2023
17610894,NATIONAL FUEL GAS DIST PA,PA,residential,180516.8,15966529.0,179612,Investor Owned,2023
17611080,PECO ENERGY COMPANY,PA,residential,430671.5,30459309.0,434889,Investor Owned,2023
17611082,PHILADELPHIA GAS WORKS,PA,residential,504995.2,27460172.0,455667,Municipally Owned,2023
17614088,UGI UTILITIES,PA,residential,669943.0,39303953.0,537990,Investor Owned,2023
17614188,C T ENTERPRISES - VALLEY ENTERPRISES,PA,residential,6904.3,536481.0,6449,Investor Owned,2023
17616236,COLUMBIA GAS OF PENNSYLVANIA,PA,residential,530834.6,24736323.0,358458,Investor Owned,2023
17617373,PIKE COUNTY LIGHT AND POWER,PA,residential,1783.0,94429.0,1276,Investor Owned,2023
17642601,CHARTIERS NATURAL GAS CO INC,PA,residential,212.1,14997.0,260,Investor Owned,2023
17672375,SAR GAS,PA,residential,123.3,8266.0,192,Privately Owned,2023
17673291,KNOX ENERGY COOP ASSOCIATION INC,PA,residential,2332.3,381837.0,4510,Cooperative,2023
17674367,KEYSTONE COOPERATIVE ASSOCIATION INC,PA,residential,623.7,98560.0,1202,Cooperative,2023
17676166,EQT GATHERING,PA,residential,23.7,1534.0,4,Unknown,2023
17678110,LEATHERSTOCKING GAS COMPANY LLC,PA,residential,570.1,26677.0,330,Privately Owned,2023
17696419,PEOPLES NATURAL GAS COMPANY,PA,residential,483592.1,43055551.0,563459,Investor Owned,2023
17681346,THE NARRAGANSETT ELECCO DBA RIENERGY,RI,residential,353818.0,17238850.0,249454,Investor Owned,2023
17601060,BENNETTSVILLE CITY OF,SC,residential,1037.7,97937.0,2458,Municipally Owned,2023
17602228,CHESTER CTY NAT GAS AUTH,SC,residential,4610.8,309376.0,6746,Municipally Owned,2023
17604460,FOUNTAIN INN NATURAL GAS,SC,residential,5933.8,510475.0,11406,Municipally Owned,2023
17605216,GREENWOOD COMM OF PUB WKS,SC,residential,8636.6,660608.0,16991,Municipally Owned,2023
17605224,GREER COMMISSION OF PUBLIC WORKS,SC,residential,12333.8,835500.0,27625,Municipally Owned,2023
17608246,LAURENS COMMISSION OF PUBLIC WORKS,SC,residential,4594.1,252832.0,6633,Municipally Owned,2023
17610157,CLINTON NEWBERRY NAT GAS AUTHORITY,SC,residential,7432.5,565926.0,12146,Municipally Owned,2023
17610535,ORANGEBURG DEPT OF PUB UTIL,SC,residential,4184.7,289070.0,7108,Municipally Owned,2023
17612669,DOMINION ENERGY SOUTH CAROLINA INC,SC,residential,293146.1,13269458.0,414756,Investor Owned,2023
17613992,UNION CITY OF,SC,residential,3681.5,262411.0,5739,Municipally Owned,2023
17614999,WINNSBORO TOWN OF,SC,residential,1440.6,72390.0,1835,Municipally Owned,2023
17615203,YORK CTY NATURAL GAS AUTHORITY,SC,residential,45869.0,3211280.0,70404,Municipally Owned,2023
17616578,PIEDMONT NATURAL GAS,SC,residential,94025.5,6854354.0,149403,Investor Owned,2023
17617868,FORT HILL NAT GAS AUTH,SC,residential,29042.1,1992164.0,45154,Other,2023
17617874,LANCASTER CTY NAT GAS AUTHORITY,SC,residential,17115.2,1348612.0,29460,Municipally Owned,2023
17645021,BAMBERG BD OF PUB WORKS,SC,residential,570.8,28755.0,1006,Municipally Owned,2023
17614635,WATERTOWN MUNICIPAL UTILITIES,SD,residential,5388.2,638327.0,9071,Municipally Owned,2023
17617833,NORTHWESTERN ENERGY,SD,residential,36638.0,3179427.0,42463,Investor Owned,2023
17627003,MONTANA DAKOTA UTILITIES CO,SD,residential,38504.0,3757486.0,58223,Investor Owned,2023
17650924,MIDAMERICAN ENERGY COMPANY,SD,residential,58756.0,5811064.0,98346,Investor Owned,2023
17695286,CROOKS MUNICIPAL GAS,SD,residential,601.3,48509.0,882,Municipally Owned,2023
17600178,HENNING TOWN OF,TN,residential,121.7,7049.0,196,Municipally Owned,2023
17600183,LORETTO CITY OF,TN,residential,371.3,29128.0,692,Municipally Owned,2023
17600619,ATHENS UTILITIES BOARD,TN,residential,2633.7,205589.0,5676,Municipally Owned,2023
17601034,BELLS GAS AND WATER,TN,residential,372.5,39038.0,611,Municipally Owned,2023
17601344,BOLIVAR CITY OF,TN,residential,1994.0,186146.0,4841,Municipally Owned,2023
17601605,BROWNSVILLE ENERGY AUTH,TN,residential,1780.8,212281.0,4491,Municipally Owned,2023
17602143,CENTERVILLE TOWN OF,TN,residential,1339.8,106457.0,2393,Municipally Owned,2023
17602364,CHATTANOOGA GAS CO,TN,residential,47616.6,3066653.0,60819,Unknown,2023
17602527,CLARKSVILLE GAS DEPT,TN,residential,10797.8,1272447.0,25369,Municipally Owned,2023
17602926,COOKEVILLE GAS DEPARTMENT,TN,residential,5280.4,339703.0,8490,Municipally Owned,2023
17603468,GREATER DICKSON GAS AUTHORITY,TN,residential,9353.2,761769.0,15558,Municipally Owned,2023
17603706,DYERSBURG GAS SYSTEM,TN,residential,2696.4,307970.0,6950,Municipally Owned,2023
17603898,ELK RIVER PUBLIC UTILITY DISTRICT,TN,residential,8374.3,695130.0,15422,Cooperative,2023
17603980,ENGLEWOOD UTILITIES,TN,residential,83.8,7183.0,222,Municipally Owned,2023
17604040,ETOWAH UTILITIES,TN,residential,614.0,54831.0,1994,Municipally Owned,2023
17604230,FAYETTEVILLE PUBLIC UTILITY GAS DEPT,TN,residential,3201.3,214988.0,5875,Municipally Owned,2023
17604296,MT PLEASANT GAS SYS,TN,residential,696.6,54268.0,1310,Municipally Owned,2023
17604769,GALLATIN NATURAL GAS SYSTEMS,TN,residential,7409.4,781795.0,13466,Municipally Owned,2023
17604940,GIBSON COUNTY UTILITY DISTRICT,TN,residential,6269.2,437251.0,9383,Municipally Owned,2023
17605407,HALLS MUNICIPAL GAS SYSTEM,TN,residential,478.5,53013.0,1214,Municipally Owned,2023
17605511,HARRIMAN UTILITY BOARD,TN,residential,1830.6,94453.0,2985,Municipally Owned,2023
17605690,HENDERSON CITY OF,TN,residential,1773.4,182321.0,4088,Municipally Owned,2023
17605893,HOHENWALD CITY OF,TN,residential,933.5,89696.0,2301,Municipally Owned,2023
17606199,HUMBOLDT UTILS,TN,residential,1636.6,150136.0,3034,Municipally Owned,2023
17606463,JACKSON ENERGY AUTHORITY,TN,residential,18549.5,1533277.0,27593,Municipally Owned,2023
17606507,JEFFERSON COCKE CO UTILITY DISTRICT,TN,residential,4372.2,277905.0,7333,Municipally Owned,2023
17606986,KNOXVILLE UTILITIES BOARD,TN,residential,68805.8,4740960.0,98848,Municipally Owned,2023
17608097,LAFAYETTE CITY OF,TN,residential,656.5,68250.0,1883,Municipally Owned,2023
17608121,LAKE COUNTY UTILITY DISTRICT,TN,residential,1280.7,77872.0,1989,Municipally Owned,2023
17608259,LAWRENCEBURG UTILITY SYSTEMS,TN,residential,2183.1,214293.0,5446,Municipally Owned,2023
17608292,LEBANON CITY OF,TN,residential,4531.0,424137.0,9745,Investor Owned,2023
17608342,LENOIR CITY UTIL BD,TN,residential,3428.5,232827.0,6010,Municipally Owned,2023
17608374,LINDEN TOWN OF,TN,residential,672.4,49130.0,1413,Municipally Owned,2023
17608416,LEWISBURG GAS DEPT,TN,residential,1458.7,83730.0,2282,Municipally Owned,2023
17608521,LIVINGSTON TOWN OF,TN,residential,602.9,49686.0,1228,Municipally Owned,2023
17608530,LOBELVILLE CITY OF,TN,residential,146.0,9135.0,230,Municipally Owned,2023
17608623,LOUDON UTIL GAS DEPT,TN,residential,2571.3,168416.0,4225,Municipally Owned,2023
17608794,MADISONVILLE CITY OF,TN,residential,638.9,37248.0,1147,Municipally Owned,2023
17608981,MARTIN CITY OF,TN,residential,1010.3,88286.0,1858,Municipally Owned,2023
17609349,MEMPHIS LIGHT GAS AND WATER,TN,residential,131447.3,16517633.0,285590,Municipally Owned,2023
17609451,MIDDLE TENNESSEE UTIL DIST,TN,residential,31687.6,2706749.0,61442,Municipally Owned,2023
17610027,PIEDMONT NATURAL GAS,TN,residential,158804.6,10116767.0,183123,Investor Owned,2023
17610082,NAT GAS UTIL DIST HAWKINS CTY,TN,residential,3791.6,286416.0,6912,Municipally Owned,2023
17610156,NEWBERN GAS DEPT,TN,residential,851.1,66663.0,1545,Municipally Owned,2023
17610386,OAK RIDGE UTIL DISTRICT,TN,residential,8130.8,569157.0,13278,Municipally Owned,2023
17610395,OBION TOWN OF,TN,residential,217.6,15716.0,330,Municipally Owned,2023
17610716,PARIS-HENRY COUNTY UTIL DISTRICT,TN,residential,3468.3,287374.0,6648,Other,2023
17610755,PARSONS CITY OF,TN,residential,1739.5,144168.0,3389,Municipally Owned,2023
17611302,PORTLAND CITY OF,TN,residential,2156.9,247545.0,4766,Municipally Owned,2023
17611336,POWELL CLINCH UTILITY DISTRICT,TN,residential,9563.3,619429.0,15135,Municipally Owned,2023
17611467,PULASKI NATURAL GAS DEPT,TN,residential,1127.1,131124.0,3260,Municipally Owned,2023
17611570,RIPLEY CITY OF,TN,residential,1333.9,205247.0,4607,Municipally Owned,2023
17611664,ROCKWOOD GAS SYSTEMS,TN,residential,1077.2,91910.0,2570,Municipally Owned,2023
17611930,SAVANNAH CITY OF,TN,residential,1851.9,199328.0,5188,Municipally Owned,2023
17612118,SELMER PUBLIC WORKS,TN,residential,726.2,56271.0,1582,Municipally Owned,2023
17612173,SEVIER CTY UTIL DIST,TN,residential,5672.2,395060.0,9970,Municipally Owned,2023
17612606,SMYRNA NAT GAS SYS,TN,residential,3994.0,490070.0,10475,Municipally Owned,2023
17612654,SOMERVILLE TOWN OF,TN,residential,4812.3,500339.0,7877,Municipally Owned,2023
17612678,SOUTH FULTON CITY OF,TN,residential,475.1,131787.0,737,Municipally Owned,2023
17612694,MARION NATURAL GAS SYSTEM,TN,residential,673.6,58847.0,1664,Municipally Owned,2023
17612848,SPRINGFIELD GAS SYS,TN,residential,3711.1,404450.0,7597,Municipally Owned,2023
17613333,SWEETWATER UTILITIES BOARD,TN,residential,563.5,50107.0,1261,Municipally Owned,2023
17613863,TROY TOWN OF,TN,residential,177.1,15713.0,381,Municipally Owned,2023
17614078,ATMOS ENERGY CORPORATION,TN,residential,83714.7,7347013.0,142150,Investor Owned,2023
17614676,WAYNESBORO CITY OF,TN,residential,480.4,21238.0,592,Municipally Owned,2023
17614711,WEST TENNESSEE PUBLIC UTILITY DIST,TN,residential,8100.5,617230.0,13353,Other,2023
17616588,CITIZENS GAS UTIL DISTRICT,TN,residential,5710.0,457138.0,10346,Other,2023
17616589,COVINGTON CITY OF,TN,residential,1342.4,141014.0,2594,Municipally Owned,2023
17616590,CROCKETT PUBLIC UTILITY DIST,TN,residential,869.6,56139.0,868,Municipally Owned,2023
17617835,DUNLAP NAT GAS SYS,TN,residential,903.0,60047.0,1919,Municipally Owned,2023
17617839,PIKEVILLE CITY OF,TN,residential,443.9,31842.0,811,Municipally Owned,2023
17617907,LEXINGTON GAS SYSTEM,TN,residential,1643.3,381709.0,8458,Municipally Owned,2023
17618180,JAMESTOWN GAS SYSTEM TENNESSEE,TN,residential,1317.1,115344.0,2598,Municipally Owned,2023
17619815,UNICOI COUNTY UTILITY DISTRICT,TN,residential,2245.7,163075.0,3539,Municipally Owned,2023
17619824,CITY OF COLLINWOOD,TN,residential,127.0,13592.0,359,Municipally Owned,2023
17647037,HUMPHREYS COUNTY UTILITIES DIST,TN,residential,3191.3,258989.0,5714,Municipally Owned,2023
17647043,MUNFORD CITY OF,TN,residential,3053.9,369624.0,7137,Municipally Owned,2023
17647045,FIRST UTILITY DISTRICT TIPTON,TN,residential,1577.2,129658.0,2883,Municipally Owned,2023
17647047,MASON NATURAL GAS,TN,residential,197.7,13153.0,523,Municipally Owned,2023
17647093,ADAMSVILLE CITY OF,TN,residential,982.6,55715.0,1414,Municipally Owned,2023
17647094,FRIENDSHIP GAS DEPT,TN,residential,156.5,7078.0,229,Municipally Owned,2023
17647095,MAURY CITY GAS DEPT,TN,residential,347.8,23301.0,595,Municipally Owned,2023
17647096,HARDEMAN FAYETTE UTIL DIST,TN,residential,4111.7,397572.0,5297,Municipally Owned,2023
17647102,HORTON HWY UTIL DIST,TN,residential,4779.4,309258.0,4685,Municipally Owned,2023
17647104,RIDGETOP NATURAL GAS,TN,residential,395.9,27163.0,564,Municipally Owned,2023
17672626,NAVITAS UTILITY CORP,TN,residential,243.3,12866.0,390,Privately Owned,2023
17673340,VOLUNTEER ENERGY COOP,TN,residential,17.0,950.0,28,Cooperative,2023
17674471,BEDFORD COUNTY UTILITY DISTRICT,TN,residential,451.6,26251.0,385,Municipally Owned,2023
17674484,CLIFTON GAS DEPT,TN,residential,150.7,8421.0,241,Municipally Owned,2023
17674485,ST JOSEPH CITY OF,TN,residential,201.0,10538.0,246,Municipally Owned,2023
17677550,MIDDLETON GAS DEPARTMENT CITY OF,TN,residential,135.1,12951.0,276,Municipally Owned,2023
17677765,RED BOILING SPRINGS CITY OF,TN,residential,170.5,10100.0,324,Municipally Owned,2023
17694411,POPLAR GROVE UTIL DIST,TN,residential,1960.4,213098.0,4277,Cooperative,2023
17694821,CLAIBORNE UTILITIES DISTRICT,TN,residential,402.8,25965.0,1022,Municipally Owned,2023
17695292,GALLAWAY CITY OF,TN,residential,106.4,5441.0,123,Municipally Owned,2023
17696318,COUNCE GAS CORP,TN,residential,31.2,3497.0,84,Privately Owned,2023
17600166,EASTON GAS SYS CITY OF,TX,residential,214.2,7472.0,250,Municipally Owned,2023
17600167,REKLAW NAT GAS SYS,TX,residential,597.2,36018.0,949,Municipally Owned,2023
17600254,ALTO CITY OF,TX,residential,381.1,18466.0,584,Municipally Owned,2023
17600475,ROCKPORT CITY OF,TX,residential,2088.9,65755.0,4131,Municipally Owned,2023
17600931,BAY CITY GAS CO,TX,residential,1783.5,81853.0,3680,Municipally Owned,2023
17601035,BELLVILLE CITY OF,TX,residential,348.8,31317.0,1184,Municipally Owned,2023
17601163,BIG LAKE CITY OF,TX,residential,394.2,20813.0,616,Municipally Owned,2023
17601308,GREY FOREST UTIL,TX,residential,16326.7,595958.0,17633,Municipally Owned,2023
17601489,BRAZORIA CITY OF,TX,residential,149.5,19617.0,746,Municipally Owned,2023
17601978,CARRIZO SPRINGS CITY OF,TX,residential,184.2,6896.0,537,Municipally Owned,2023
17602023,CASTROVILLE CITY OF,TX,residential,369.2,16768.0,829,Municipally Owned,2023
17602484,SAN ANTONIO PUB SVC BD,TX,residential,122465.1,9522450.0,364870,Municipally Owned,2023
17602703,COLUMBUS CITY OF,TX,residential,419.9,28775.0,1051,Municipally Owned,2023
17603003,CORPUS CHRISTI GAS DIV,TX,residential,9623.8,986015.0,54666,Municipally Owned,2023
17603657,DUMAS CITY OF,TX,residential,3204.1,281192.0,4452,Municipally Owned,2023
17603814,GOLDSMITH CITY OF,TX,residential,33.8,3605.0,81,Municipally Owned,2023
17603884,ELDORADO CITY OF,TX,residential,365.1,16658.0,447,Municipally Owned,2023
17604346,CITY OF WINONA,TX,residential,180.9,7635.0,540,Municipally Owned,2023
17605113,GRANDFALLS CITY OF,TX,residential,33.1,2593.0,73,Municipally Owned,2023
17605670,HEMPHILL CITY OF,TX,residential,88.8,5188.0,232,Municipally Owned,2023
17606229,HUNTINGTON CITY OF,TX,residential,247.2,9548.0,514,Municipally Owned,2023
17607010,KOUNTZE CITY OF,TX,residential,78.5,3502.0,195,Municipally Owned,2023
17608696,CHIRENO CITY OF,TX,residential,656.1,58204.0,1376,Municipally Owned,2023
17608723,LYTLE CITY OF,TX,residential,140.1,5614.0,310,Municipally Owned,2023
17609289,MCLEAN CITY OF,TX,residential,240.2,24270.0,378,Municipally Owned,2023
17609850,MORTON CITY OF,TX,residential,340.6,32379.0,580,Municipally Owned,2023
17610196,NEWTON CITY OF,TX,residential,193.8,10342.0,430,Municipally Owned,2023
17610818,PEARSALL CITY OF,TX,residential,133.0,17619.0,755,Municipally Owned,2023
17611197,PLAINS CITY OF,TX,residential,207.9,19115.0,403,Municipally Owned,2023
17611298,RANKIN CITY OF,TX,residential,129.9,12423.0,232,Municipally Owned,2023
17611567,STARR COUNTY GAS SYSTEM,TX,residential,113.0,9419.0,1148,Municipally Owned,2023
17613031,STINNETT CITY OF,TX,residential,320.7,24994.0,455,Municipally Owned,2023
17613038,STOCKDALE CITY OF,TX,residential,149.9,4728.0,228,Municipally Owned,2023
17613235,SUNRAY UTIL CITY OF,TX,residential,448.7,36043.0,632,Municipally Owned,2023
17613547,DEL RIO GAS CITY OF,TX,residential,1645.7,61140.0,4068,Municipally Owned,2023
17614826,WHITEFACE CITY OF,TX,residential,94.5,8555.0,178,Investor Owned,2023
17615103,WOODVILLE CITY OF,TX,residential,152.7,17553.0,543,Municipally Owned,2023
17616556,CENTERPOINT ENERGY ENTEX,TX,residential,1043822.9,60609928.0,1781089,Investor Owned,2023
17616592,PINELAND CITY OF,TX,residential,93.7,3854.0,113,Municipally Owned,2023
17616593,ROBSTOWN UTIL SYS,TX,residential,1245.6,57992.0,2657,Municipally Owned,2023
17617462,TEXAS GAS SERVICE,TX,residential,433433.3,21530581.0,660167,Investor Owned,2023
17617849,SWEENY CITY OF,TX,residential,295.7,19621.0,917,Municipally Owned,2023
17617880,FALFURRIAS UTIL CITY OF,TX,residential,274.0,6363.0,732,Municipally Owned,2023
17619671,HEMPSTEAD CITY OF,TX,residential,423.9,26509.0,1013,Municipally Owned,2023
17619676,SEALY CITY OF,TX,residential,635.6,35391.0,1531,Municipally Owned,2023
17619679,MARIETTA CITY OF,TX,residential,171.4,8088.0,262,Municipally Owned,2023
17619684,DENVER CITY GAS SYSTEM,TX,residential,392.5,49378.0,1072,Municipally Owned,2023
17619689,CITY OF ALPINE GAS DEPARTMENT,TX,residential,891.8,56605.0,1651,Municipally Owned,2023
17619714,IRAAN CITY OF,TX,residential,197.0,16848.0,342,Municipally Owned,2023
17619715,BRENHAM CITY OF,TX,residential,1268.4,103946.0,4392,Municipally Owned,2023
17619717,UVALDE GAS SYSTEM,TX,residential,382.7,42095.0,1813,Municipally Owned,2023
17619734,GARRISON CITY OF,TX,residential,146.7,6766.0,216,Municipally Owned,2023
17619859,CITY OF SUNDOWN,TX,residential,311.8,19091.0,380,Municipally Owned,2023
17619914,NEW SUMMERFIELD CITY OF,TX,residential,250.6,20949.0,655,Municipally Owned,2023
17621901,GARY NATURAL GAS SYSTEM,TX,residential,498.1,28935.0,980,Municipally Owned,2023
17622143,D & H GAS CO,TX,residential,23.0,1754.0,94,Investor Owned,2023
17622701,APPLEBY NATURAL GAS,TX,residential,241.7,25686.0,488,Municipally Owned,2023
17630127,SUMMIT UTILITIES ARKANSAS INC,TX,residential,6005.9,553638.0,12916,Privately Owned,2023
17648039,CUSHING CITY OF,TX,residential,141.4,6743.0,239,Municipally Owned,2023
17648043,DILLEY CITY OF,TX,residential,57.8,3541.0,240,Municipally Owned,2023
17648056,GEORGE WEST CITY OF,TX,residential,93.5,3427.0,257,Municipally Owned,2023
17648073,MARKHAM GAS CORP,TX,residential,130.0,4020.0,222,Privately Owned,2023
17648088,PERRYTON CITY OF,TX,residential,1580.1,202808.0,2895,Municipally Owned,2023
17648098,SABINAL CITY OF,TX,residential,79.0,3311.0,192,Municipally Owned,2023
17648135,BOERNE UTIL CITY OF,TX,residential,2107.1,111480.0,3558,Municipally Owned,2023
17648137,COTULLA CITY OF,TX,residential,120.4,4820.0,406,Municipally Owned,2023
17648138,DAISETTA CITY OF,TX,residential,41.6,1389.0,69,Municipally Owned,2023
17648151,NAVASOTA CITY OF,TX,residential,744.0,49415.0,1802,Municipally Owned,2023
17648159,CITY OF SPUR,TX,residential,144.8,24934.0,165,Municipally Owned,2023
17648163,WALLER CITY OF,TX,residential,342.8,15354.0,688,Municipally Owned,2023
17648195,CITY OF JOAQUIN,TX,residential,24.3,492.0,76,Municipally Owned,2023
17648202,TOMBALL CITY OF,TX,residential,1377.8,106501.0,3802,Municipally Owned,2023
17648206,BRACKETTVILLE CITY OF,TX,residential,99.4,7216.0,165,Municipally Owned,2023
17648207,CHESTER GAS SYS,TX,residential,158.0,5160.0,211,Municipally Owned,2023
17648210,CITY OF HUXLEY,TX,residential,477.1,33223.0,1005,Municipally Owned,2023
17648212,CITY OF RISING STAR,TX,residential,159.7,16198.0,160,Municipally Owned,2023
17648341,BOOKER CITY OF,TX,residential,274.5,32322.0,504,Municipally Owned,2023
17648453,GRUVER CITY OF,TX,residential,217.2,34057.0,498,Municipally Owned,2023
17648533,PLAINS GAS FARMERS COOP,TX,residential,4.3,1007.0,12,Cooperative,2023
17671662,ATMOS ENERGY CORPORATION,TX,residential,1642915.3,89042466.0,1956480,Investor Owned,2023
17672321,TEXAS KANSAS OKLAHOMA GAS,TX,residential,30.6,5513.0,63,Privately Owned,2023
17673180,WEST TEXAS GAS INC,TX,residential,13911.7,1014266.0,17923,Investor Owned,2023
17674419,ONALASKA WATER AND GAS SUPPLY,TX,residential,406.0,12459.0,790,Privately Owned,2023
17674563,LDC LLC,TX,residential,1553.1,64972.0,1676,Investor Owned,2023
17678276,CORIX UTILITIES INC,TX,residential,127.1,5963.0,207,Investor Owned,2023
17678323,ETC KATY PIPELINE LTD,TX,residential,44.1,4701.0,1,Unknown,2023
17680420,CITY OF MARFA,TX,residential,527.8,23089.0,754,Municipally Owned,2023
17680422,CITY OF CROSS PLAINS,TX,residential,60.2,4809.0,202,Municipally Owned,2023
17680423,CITY OF BRADY,TX,residential,705.2,50822.0,1548,Municipally Owned,2023
17680630,TEXAS REPUBLIC UTILITY LLC,TX,residential,718.7,17707.0,1083,Municipally Owned,2023
17682201,GREENLIGHT GAS LLC,TX,residential,2319.8,174767.0,3389,Privately Owned,2023
17682410,CITY OF STERLING CITY,TX,residential,114.0,5360.0,134,Municipally Owned,2023
17695338,SPLENDORA CITY OF,TX,residential,162.2,8980.0,401,Municipally Owned,2023
17695354,COSERV GAS LTD,TX,residential,105350.7,9343825.0,154453,Investor Owned,2023
17695364,EPCOR GAS TEXAS INC,TX,residential,6224.1,264548.0,5959,Privately Owned,2023
17695370,NATGAS  INC,TX,residential,393.9,34533.0,933,Privately Owned,2023
17695384,PORT ARANSAS CITY OF,TX,residential,627.4,41751.0,1667,Municipally Owned,2023
17695396,SIENERGY LP,TX,residential,10480.7,2408271.0,58768,Investor Owned,2023
17695402,T AND L GAS CO,TX,residential,143.2,6617.0,259,Privately Owned,2023
17695406,UNIVERSAL NATURAL GAS INC,TX,residential,20760.1,1098129.0,34303,Investor Owned,2023
17695456,ROCKIN M GAS LLC,TX,residential,792.9,37078.0,1585,Privately Owned,2023
17616302,QUESTAR GAS COMPANY,UT,residential,1102245.5,81933622.0,1077284,Investor Owned,2023
17674369,NEPHI CITY GAS,UT,residential,2266.0,196902.0,2498,Municipally Owned,2023
17674414,MONA CITY OF,UT,residential,672.0,50002.0,630,Municipally Owned,2023
17695460,BLANDING CITY,UT,residential,1624.8,103154.0,1170,Municipally Owned,2023
17602341,CHARLOTTESVILLE CITY OF,VA,residential,10833.6,869250.0,18148,Municipally Owned,2023
17603225,DANVILLE CITY OF,VA,residential,8772.7,706870.0,13182,Municipally Owned,2023
17610991,COLUMBIA GAS OF VIRGINIA,VA,residential,247728.7,12080596.0,245897,Investor Owned,2023
17611517,RICHMOND CITY OF DEPT OF PUB UTIL,VA,residential,85671.5,5644253.0,110844,Municipally Owned,2023
17611603,ROANOKE GAS COMPANY,VA,residential,46567.4,2969989.0,57356,Investor Owned,2023
17612791,SOUTHWESTERN VIRGINIA GAS CO,VA,residential,1919.4,169370.0,3294,Privately Owned,2023
17619023,ATMOS ENERGY CORPORATION,VA,residential,10506.6,996588.0,19110,Investor Owned,2023
17651010,VIRGINIA NAT GAS INC,VA,residential,273809.8,13142927.0,285645,Investor Owned,2023
17671254,WASHINGTON GAS LIGHT COMPANY,VA,residential,438537.8,28707666.0,468929,Investor Owned,2023
17673805,APPALACHIAN NATURAL GAS,VA,residential,830.3,73382.0,1423,Cooperative,2023
17618610,VERMONT GAS SYSTEMS INC,VT,residential,62524.3,3648922.0,49381,Investor Owned,2023
17602004,CASCADE NAT GAS CORP,WA,residential,184788.5,11509309.0,203233,Other,2023
17603907,ELLENSBURG CITY OF,WA,residential,4056.1,241354.0,4248,Municipally Owned,2023
17603995,ENUMCLAW CITY OF,WA,residential,3706.5,273588.0,4658,Municipally Owned,2023
17614608,PUGET SOUND ENERGY,WA,residential,911734.0,58763500.0,815454,Privately Owned,2023
17616582,NORTHWEST NATURAL GAS,WA,residential,80215.7,5201585.0,89310,Investor Owned,2023
17616595,AVISTA UTILITIES,WA,residential,165568.3,10843000.0,162705,Investor Owned,2023
17602462,CITY GAS CO,WI,residential,4354.7,424037.0,5012,Investor Owned,2023
17608791,MADISON GAS ELEC CO,WI,residential,137274.8,11136248.0,161262,Investor Owned,2023
17613293,SUPERIOR WATER LIGHT AND POWER CO,WI,residential,10493.4,917680.0,11604,Privately Owned,2023
17615025,WISCONSIN ELEC PWR CO,WI,residential,321123.3,32481735.0,466455,Investor Owned,2023
17615027,WISCONSIN POWER AND LIGHT COMPANY,WI,residential,140182.1,12104102.0,179902,Investor Owned,2023
17616567,NORTHERN STATES POWER COMPANY,WI,residential,79989.1,6468007.0,102751,Investor Owned,2023
17616597,WISCONSIN GAS COMPANY,WI,residential,468169.5,41764318.0,596054,Investor Owned,2023
17619691,MIDWEST NATURAL GAS INC,WI,residential,13555.7,1252362.0,17257,Privately Owned,2023
17655017,ST CROIX VALLEY NAT GAS INC,WI,residential,6240.5,655068.0,8876,Investor Owned,2023
17694615,WISCONSIN PUB SVC CORP,WI,residential,235803.3,22793842.0,310580,Investor Owned,2023
17695320,FLORENCE UTILITY COMMISSION,WI,residential,1162.2,100464.0,1527,Municipally Owned,2023
17600160,STANDARD GAS CO,WV,residential,163.3,23891.0,347,Privately Owned,2023
17601305,CARDINAL BLUEFIELD GAS CO,WV,residential,3049.3,199173.0,2900,Cooperative,2023
17602873,CONSUMERS GAS UTIL CO,WV,residential,5930.9,421188.0,7877,Investor Owned,2023
17604069,WELCH GAS CO OP,WV,residential,487.0,48775.0,592,Cooperative,2023
17608674,CARDINAL NATURAL GAS CO LUMBERPORT,WV,residential,3365.3,233146.0,3427,Unknown,2023
17612746,SOUTHERN PUBLIC SERVICE CO,WV,residential,3492.2,289813.0,5580,Investor Owned,2023
17614012,UNION OIL AND GAS INC,WV,residential,4596.2,319525.0,6200,Privately Owned,2023
17654003,HOPE GAS INC,WV,residential,118542.8,7414112.0,105045,Investor Owned,2023
17673240,MOUNTAINEER GAS CO,WV,residential,190094.5,12104228.0,194255,Investor Owned,2023
17676571,LIBERTY PL CO INC,WV,residential,0.7,65.0,1,Unknown,2023
17676573,PEOPLES GAS,WV,residential,7572.7,561105.0,11720,Investor Owned,2023
17695254,CANAAN VALLEY GAS COMPANY,WV,residential,947.4,51540.0,638,Privately Owned,2023
17602261,BLACK HILLS ENERGY,WY,residential,66480.9,4411134.0,60817,Investor Owned,2023
17604499,FRANNIE DEAVER UTILITIES,WY,residential,178.4,19557.0,212,Investor Owned,2023
17615153,WYOMING GAS CO,WY,residential,7518.3,479044.0,6014,Privately Owned,2023
17616303,QUESTAR GAS COMPANY,WY,residential,28176.8,2190366.0,25056,Investor Owned,2023
17627004,MONTANA DAKOTA UTILITIES CO,WY,residential,15117.5,1513465.0,17861,Investor Owned,2023
17674363,LOWER VALLEY ENERGY INC,WY,residential,5115.0,330092.0,3861,Cooperative,2023
17695458,PINEDALE NATURAL GAS INC,WY,residential,1919.7,134115.0,1603,Privately Owned,2023
17602003,BARROW UTILITIES ELECTRIC COOP INC,AK,residential,910.1,210023.0,1175,Cooperative,2024
17602017,ENSTAR NAT GAS,AK,residential,243592.8,20739931.0,140559,Investor Owned,2024
17622751,CONOCOPHILLIPS ALASKA  INC,AK,residential,165.0,133356.0,1,Unknown,2024
17695268,INTERIOR ALASKA NATURAL GAS UTILITY,AK,residential,5361.4,224453.0,1879,Municipally Owned,2024
17600048,FLORALA GAS DEPARTMENT,AL,residential,89.4,3796.0,213,Municipally Owned,2024
17600139,SPIRE ALABAMA,AL,residential,324159.1,16845240.0,401115,Investor Owned,2024
17600162,ALEXANDER CITY MUN GAS CO,AL,residential,1123.2,74656.0,2450,Municipally Owned,2024
17600618,ATHENS GAS DEPT CITY OF,AL,residential,5323.3,325626.0,12909,Municipally Owned,2024
17600671,WEST ESCAMBIA UTILITIES INC,AL,residential,238.6,12797.0,697,Municipally Owned,2024
17600932,NORTH BALDWIN UTILITIES,AL,residential,880.0,86732.0,2037,Municipally Owned,2024
17601027,DORA GAS BD,AL,residential,352.8,16605.0,587,Municipally Owned,2024
17601037,MARSHALL CTY GAS DIST,AL,residential,7826.6,659251.0,17366,Municipally Owned,2024
17601043,NORTH ALABAMA GAS DISTRICT,AL,residential,11147.4,771015.0,21922,Municipally Owned,2024
17601097,CARBON HILL UTIL BD CITY OF,AL,residential,196.3,14935.0,531,Municipally Owned,2024
17601098,CHILDERSBURG WTR SWR GAS,AL,residential,487.3,35092.0,1292,Municipally Owned,2024
17601104,GORDO WATER GAS SEWER BD,AL,residential,311.6,34893.0,547,Municipally Owned,2024
17601107,MOULTON GAS SYS,AL,residential,1554.1,112027.0,2079,Municipally Owned,2024
17601110,STEVENSON UTIL BD,AL,residential,223.5,15133.0,238,Municipally Owned,2024
17601114,WILTON TOWN OF,AL,residential,40.6,2535.0,97,Municipally Owned,2024
17601115,WILCOX COUNTY GAS DISTRICT,AL,residential,276.9,10328.0,469,Municipally Owned,2024
17601116,PICKENS COUNTY NATURAL GAS DISTRICT,AL,residential,628.9,42721.0,1288,Municipally Owned,2024
17601317,BOAZ CITY OF GAS BD,AL,residential,2180.5,117883.0,3243,Municipally Owned,2024
17602218,CHEROKEE TOWN OF,AL,residential,91.4,4382.0,184,Municipally Owned,2024
17602783,SOUTH ALABAMA GAS,AL,residential,2088.8,113513.0,3864,Municipally Owned,2024
17602985,CORDOVA WTR WKS AND GAS BD,AL,residential,106.8,5594.0,212,Municipally Owned,2024
17603112,CULLMAN JEFFERSON GAS,AL,residential,6396.8,439724.0,12158,Municipally Owned,2024
17603310,DECATUR UTIL GAS DEPT,AL,residential,5033.4,410542.0,11837,Municipally Owned,2024
17603332,DEKALB CHEROKEE COUNTIES,AL,residential,4580.7,261834.0,7530,Municipally Owned,2024
17603742,EAST CENTRAL ALABAMA GAS DISTRICT,AL,residential,1746.2,99883.0,2360,Municipally Owned,2024
17604228,FAYETTE GAS BOARD,AL,residential,1111.7,61065.0,1797,Municipally Owned,2024
17604371,FLORENCE NATURAL GAS DEPT CITY OF,AL,residential,7590.3,469102.0,13981,Municipally Owned,2024
17604400,RIVIERA UTILITIES,AL,residential,2943.8,101482.0,6743,Municipally Owned,2024
17604636,FULTONDALE GAS BOARD,AL,residential,5948.0,266569.0,7150,Municipally Owned,2024
17605161,GRAYSVILLE MUNICIPAL GAS SYSTEM,AL,residential,3840.8,200959.0,4209,Municipally Owned,2024
17605558,HARTSELLE UTILITIES,AL,residential,1527.2,104412.0,4136,Municipally Owned,2024
17606233,HUNTSVILLE UTILITIES NAT GAS DEPT,AL,residential,27183.4,1843776.0,58198,Municipally Owned,2024
17606464,JACKSONVILLE,AL,residential,613.2,41466.0,2126,Municipally Owned,2024
17608183,LANETT CITY OF,AL,residential,778.2,41217.0,849,Municipally Owned,2024
17608514,LIVINGSTON CITY OF,AL,residential,535.4,21091.0,401,Municipally Owned,2024
17608879,MAPLESVILLE UT BD,AL,residential,218.1,9671.0,393,Municipally Owned,2024
17609621,UTILITIES BOARD TOWN OF CITRONELLE,AL,residential,3264.6,130184.0,6294,Municipally Owned,2024
17609906,MULGA NAT GAS SYSTEM,AL,residential,819.4,33806.0,945,Municipally Owned,2024
17610347,NW ALABAMA GAS DIST AND FREEBIRD GAS,AL,residential,8031.2,445992.0,13704,Municipally Owned,2024
17610524,ONEONTA UTIL BD,AL,residential,1330.0,73858.0,2437,Municipally Owned,2024
17611343,RED BAY WATER AND GAS,AL,residential,421.3,33589.0,968,Municipally Owned,2024
17611601,ROANOKE UTILITY BOARD,AL,residential,396.7,30293.0,621,Municipally Owned,2024
17611618,ROBERTSDALE CITY OF,AL,residential,103.9,7588.0,213,Municipally Owned,2024
17611652,ROCKFORD TOWN OF,AL,residential,55.9,1997.0,67,Municipally Owned,2024
17611818,RUSSELLVILLE GAS BOARD,AL,residential,2681.6,145656.0,4580,Municipally Owned,2024
17612242,SHEFFIELD UTILITIES,AL,residential,1544.8,89166.0,3286,Municipally Owned,2024
17612759,SOUTHEAST ALABAMA GAS DISTRICT,AL,residential,15836.9,738056.0,28300,Municipally Owned,2024
17613346,SYLACAUGA UTILITIES BOARD,AL,residential,2172.0,172847.0,4644,Municipally Owned,2024
17613385,TALLASSEE CITY OF,AL,residential,413.3,16890.0,688,Municipally Owned,2024
17613879,UTILITIES BOARD OF TRUSSVILLE,AL,residential,14475.4,1017874.0,21624,Municipally Owned,2024
17613918,TUSCUMBIA CITY OF,AL,residential,1394.5,76877.0,2600,Municipally Owned,2024
17614389,WEDOWEE TOWN OF WTR SWR GAS BD,AL,residential,302.0,12684.0,438,Municipally Owned,2024
17614445,WADLEY CITY OF,AL,residential,52.1,3413.0,59,Municipally Owned,2024
17616527,PIEDMONT WATER GAS AND SEWER BOARD,AL,residential,693.0,36358.0,1181,Municipally Owned,2024
17617840,BROOKSIDE GAS SYSTEM,AL,residential,144.8,7779.0,177,Municipally Owned,2024
17617853,SPIRE GULF INC,AL,residential,54875.4,2182001.0,79040,Investor Owned,2024
17617860,DADEVILLE GAS BOARD,AL,residential,731.6,29850.0,626,Municipally Owned,2024
17617866,GENEVA CTY GAS DIST,AL,residential,386.8,17943.0,1017,Municipally Owned,2024
17618616,BRIDGEPORT UTIL BD,AL,residential,203.1,17668.0,567,Municipally Owned,2024
17618617,CALERA CITY OF,AL,residential,1145.6,72758.0,2392,Municipally Owned,2024
17619000,SCOTTSBORO WTR SEWER AND GAS BOARD,AL,residential,1838.6,111188.0,3313,Municipally Owned,2024
17619600,BREWTON CITY OF,AL,residential,700.8,36676.0,1517,Municipally Owned,2024
17619825,VINA TOWN OF NATURAL GAS,AL,residential,134.7,12843.0,319,Municipally Owned,2024
17621927,SUMITON TOWN OF,AL,residential,478.4,22717.0,707,Municipally Owned,2024
17672682,WHEELER BASIN NATURAL GAS CO,AL,residential,1759.4,95979.0,3511,Investor Owned,2024
17679660,UPPER SAND MOUNTAIN GAS DISTRICT,AL,residential,126.4,6358.0,212,Municipally Owned,2024
17690211,CLARKE MOBILE COUNTIES GAS DISTRICT,AL,residential,3439.2,135190.0,6173,Municipally Owned,2024
17604438,ARKANSAS OKLAHOMA GAS CORPORATION,AR,residential,33320.1,1901707.0,39998,Other,2024
17605005,AUGUSTA LT WTR GAS,AR,residential,331.8,39273.0,659,Municipally Owned,2024
17605017,LOGAN TWP GAS USERS ASSN,AR,residential,32.8,3698.0,57,Cooperative,2024
17605625,HAZEN GAS CO,AR,residential,224.8,17317.0,347,Municipally Owned,2024
17610276,NORTH CROSSETT UTILITIES GAS & WATER,AR,residential,274.4,14734.0,497,Municipally Owned,2024
17619002,HARRISBURG WTR GAS DIV,AR,residential,637.7,55700.0,1145,Municipally Owned,2024
17630119,SUMMIT UTILITIES ARKANSAS INC,AR,residential,241914.6,16562391.0,358198,Privately Owned,2024
17671155,BLACK HILLS ENERGY,AR,residential,166804.8,8970832.0,167826,Investor Owned,2024
17601070,BENSON CITY OF,AZ,residential,996.9,51284.0,1762,Municipally Owned,2024
17609381,MESA CITY OF,AZ,residential,37680.0,1686816.0,74584,Municipally Owned,2024
17611865,SAFFORD CITY OF,AZ,residential,1690.3,114548.0,3376,Municipally Owned,2024
17614895,WILLCOX CITY OF,AZ,residential,464.7,27803.0,1127,Municipally Owned,2024
17616576,SOUTHWEST GAS CORPORATION,AZ,residential,716366.5,30923097.0,1153968,Investor Owned,2024
17619834,NAVAJO TRIBAL UTILITY AUTHORITY,AZ,residential,1915.9,199724.0,4208,Cooperative,2024
17698926,UNS GAS INC,AZ,residential,86313.0,8305362.0,156557,Investor Owned,2024
17602603,COALINGA CITY OF,CA,residential,2132.3,147866.0,4058,Municipally Owned,2024
17608584,LONG BEACH CITY OF,CA,residential,69923.6,4287943.0,145058,Municipally Owned,2024
17610617,PACIFIC GAS,CA,residential,3524731.2,146841947.0,4027090,Investor Owned,2024
17610644,PALO ALTO CITY OF,CA,residential,26044.3,1051029.0,21450,Municipally Owned,2024
17611927,SAN DIEGO GAS AND ELECTRIC COMPANY,CA,residential,533415.7,26716944.0,884783,Unknown,2024
17621931,SOUTHERN CALIFORNIA GAS COMPANY,CA,residential,3357061.4,213345265.0,5749612,Investor Owned,2024
17671810,SOUTHWEST GAS CORPORATION,CA,residential,181987.1,9653288.0,196373,Investor Owned,2024
17672371,PITTSBURG POWER CO DBA ISLAND ENERGY,CA,residential,276.9,12749.0,380,Municipally Owned,2024
17672372,ALPINE NATURAL GAS INC,CA,residential,1062.3,62981.0,1704,Municipally Owned,2024
17674357,WEST COAST GAS CO INC,CA,residential,1081.4,46492.0,1271,Privately Owned,2024
17674364,CITY OF VERNON,CA,residential,13.6,802.0,6,Municipally Owned,2024
17674415,CITY OF SUSANVILLE,CA,residential,2539.0,109405.0,2946,Municipally Owned,2024
17600821,BLACK HILLS ENERGY,CO,residential,205929.4,16643048.0,196836,Investor Owned,2024
17602141,CENTER MUNICIPAL GAS SYSTEM,CO,residential,523.4,49521.0,643,Municipally Owned,2024
17602695,COLORADO SPRINGS UTILITIES,CO,residential,90671.5,12338220.0,201300,Municipally Owned,2024
17604435,FORT MORGAN CITY OF,CO,residential,1404.4,236236.0,4177,Municipally Owned,2024
17605178,ATMOS ENERGY CORPORATION,CO,residential,77925.5,7637857.0,118722,Investor Owned,2024
17608031,AGUILAR TOWN OF,CO,residential,118.6,15147.0,258,Municipally Owned,2024
17611295,RANGELY TOWN OF,CO,residential,637.4,46434.0,844,Municipally Owned,2024
17611459,PUB SERVICE CO OF COLORADO,CO,residential,949498.9,89868746.0,1386600,Investor Owned,2024
17613832,TRINIDAD CITY OF,CO,residential,2436.1,344700.0,3715,Municipally Owned,2024
17619818,IGNACIO TOWN OF,CO,residential,212.5,21809.0,376,Municipally Owned,2024
17695270,COLORADO NATURAL GAS INC,CO,residential,33196.0,1623836.0,24509,Investor Owned,2024
17602792,YANKEE GAS SVC CO,CT,residential,283062.0,14995449.0,224462,Unknown,2024
17610359,NORWICH PUBLIC UTILITIES,CT,residential,9310.6,546567.0,8739,Municipally Owned,2024
17619018,CONNECTICUT NAT GAS CORP,CT,residential,247392.4,15757533.0,172942,Investor Owned,2024
17619865,SOUTHERN CONNECTICUT GAS COMPANY,CT,residential,237809.3,14902525.0,190318,Investor Owned,2024
17614606,WASHINGTON GAS LIGHT COMPANY,DC,residential,122722.7,7443472.0,136894,Investor Owned,2024
17603352,DELMARVA POWER AND LIGHT CO,DE,residential,105306.7,7617818.0,131392,Investor Owned,2024
17624003,CHESAPEAKE UTILITIES CORPORATION,DE,residential,58104.1,3440679.0,72051,Investor Owned,2024
17601257,BLOUNTSTOWN CITY OF,FL,residential,103.9,6991.0,498,Municipally Owned,2024
17602272,CHIPLEY CITY OF,FL,residential,109.4,4824.0,418,Municipally Owned,2024
17602362,CHATTAHOOCHEE CITY OF,FL,residential,102.4,5954.0,336,Municipally Owned,2024
17602458,FLORIDA CITY GAS,FL,residential,58124.0,1656650.0,115015,Investor Owned,2024
17602553,CLEARWATER GAS SYS,FL,residential,13594.8,551515.0,29265,Municipally Owned,2024
17603324,DEFUNIAK SPRINGS CITY OF,FL,residential,271.1,8872.0,604,Municipally Owned,2024
17604384,FLORIDA PUBLIC UTILITIES,FL,residential,28402.4,1814378.0,71245,Investor Owned,2024
17604436,FORT PIERCE UTIITIES AUTHORITY,FL,residential,1546.4,42229.0,3590,Municipally Owned,2024
17605591,HAVANA TOWN OF,FL,residential,154.0,7271.0,350,Municipally Owned,2024
17606500,TOWN OF JAY,FL,residential,59.4,3960.0,198,Municipally Owned,2024
17608119,LAKE CITY CITY OF,FL,residential,645.4,34257.0,1915,Municipally Owned,2024
17608315,LEESBURG CITY OF,FL,residential,7298.4,251143.0,17798,Municipally Owned,2024
17608787,MADISON CITY OF,FL,residential,204.5,15300.0,663,Municipally Owned,2024
17608921,MARIANNA CITY OF,FL,residential,267.0,15824.0,977,Municipally Owned,2024
17609557,MILTON CITY OF,FL,residential,1108.7,85070.0,4418,Municipally Owned,2024
17610469,OKALOOSA GAS DISTRICT,FL,residential,33616.4,1589283.0,50583,Municipally Owned,2024
17610624,PALATKA GAS AUTHORITY,FL,residential,1360.4,53912.0,3556,Municipally Owned,2024
17610913,PENSACOLA ENERGY,FL,residential,22106.6,869181.0,44209,Municipally Owned,2024
17610928,PEOPLES GAS SYS,FL,residential,264491.0,9400663.0,458798,Investor Owned,2024
17610964,PERRY CITY OF,FL,residential,346.6,20125.0,1216,Municipally Owned,2024
17611576,QUINCY CITY OF,FL,residential,490.9,36533.0,1730,Municipally Owned,2024
17612024,LAKE APOPKA NATURAL GAS DISTRICT,FL,residential,7679.0,602698.0,28198,Municipally Owned,2024
17612051,SUNRISE CITY OF,FL,residential,2022.3,129467.0,9378,Municipally Owned,2024
17612052,WILLISTON CITY OF,FL,residential,137.4,8268.0,541,Municipally Owned,2024
17612053,JASPER CITY OF,FL,residential,70.4,4190.0,199,Municipally Owned,2024
17612933,STARKE CITY OF,FL,residential,193.3,8839.0,526,Municipally Owned,2024
17613382,TALLAHASSEE MUNICIPAL GAS SYSTEM,FL,residential,14305.9,711392.0,33816,Municipally Owned,2024
17616533,CRESCENT CITY NAT GAS,FL,residential,214.5,14351.0,1212,Municipally Owned,2024
17616534,GAINESVILLE REGIONAL UTILITIES,FL,residential,14543.8,725812.0,34744,Municipally Owned,2024
17617884,ST JOE NAT GAS CO,FL,residential,1680.7,46103.0,2989,Investor Owned,2024
17619003,GULF BREEZE CITY OF,FL,residential,2143.7,91076.0,4996,Municipally Owned,2024
17674970,JACKSONVILLE BEACH CITY OF,FL,residential,135.2,8526.0,259,Municipally Owned,2024
17600046,COLQUITT GAS SYS CITY OF,GA,residential,42.2,2771.0,62,Municipally Owned,2024
17600047,CAIRO NAT GAS SYS,GA,residential,493.3,28316.0,1378,Municipally Owned,2024
17600048,WARNER ROBINS CITY OF,GA,residential,4111.2,199913.0,7709,Municipally Owned,2024
17600081,ADAIRSVILLE NAT GAS SYS,GA,residential,678.1,57238.0,1479,Municipally Owned,2024
17600369,AMERICUS CITY OF,GA,residential,772.4,55478.0,1951,Municipally Owned,2024
17600689,AUSTELL NAT GAS SYS,GA,residential,40759.1,3393892.0,59030,Municipally Owned,2024
17600775,BAINBRIDGE CITY OF,GA,residential,126.2,9496.0,540,Municipally Owned,2024
17601441,BOWMAN CITY OF,GA,residential,126.9,7162.0,204,Municipally Owned,2024
17601665,BUFORD CITY OF,GA,residential,44420.1,2665063.0,43272,Municipally Owned,2024
17601934,CAMILLA CITY OF,GA,residential,284.9,18134.0,650,Municipally Owned,2024
17601994,CARTERSVILLE GAS SYSTEM,GA,residential,7622.5,459817.0,9675,Municipally Owned,2024
17602625,COCHRAN CITY OF,GA,residential,319.2,17404.0,665,Municipally Owned,2024
17602745,COMMERCE CITY OF,GA,residential,1040.6,69815.0,1885,Municipally Owned,2024
17602982,CORDELE NATURAL GAS SYSTEM CITY OF,GA,residential,416.8,16049.0,654,Municipally Owned,2024
17603049,COVINGTON NAT GAS SYS,GA,residential,5192.3,388763.0,7934,Municipally Owned,2024
17603202,DALTON UTILITIES,GA,residential,2288.3,203493.0,5345,Municipally Owned,2024
17603282,DAWSON CITY OF,GA,residential,170.1,13189.0,598,Municipally Owned,2024
17603637,DUBLIN CITY OF,GA,residential,1214.4,55999.0,2119,Municipally Owned,2024
17603789,EATONTON CITY OF,GA,residential,658.2,47637.0,1456,Municipally Owned,2024
17603878,ELBERTON UTILITIES  NAT GAS DIV,GA,residential,1723.7,136796.0,3375,Municipally Owned,2024
17605562,HARTWELL CITY OF,GA,residential,970.8,62895.0,1724,Municipally Owned,2024
17605604,HAWKINSVILLE NATURAL GAS SYSTEM CITY,GA,residential,363.3,17871.0,636,Municipally Owned,2024
17608101,LAFAYETTE CITY OF,GA,residential,990.9,62092.0,1558,Municipally Owned,2024
17608114,LAGRANGE CITY OF,GA,residential,5739.9,263784.0,7425,Municipally Owned,2024
17608261,LAWRENCEVILLE CITY OF,GA,residential,44191.7,3104052.0,49046,Municipally Owned,2024
17608633,LOUISVILLE CITY OF,GA,residential,264.1,17359.0,557,Municipally Owned,2024
17608788,MADISON CITY OF,GA,residential,863.8,74275.0,1686,Municipally Owned,2024
17609519,MILLEN CITY OF,GA,residential,471.2,37549.0,391,Municipally Owned,2024
17609769,MONTICELLO CITY OF,GA,residential,594.8,35046.0,906,Municipally Owned,2024
17609776,MONROE UTILITIES CITY OF,GA,residential,2145.7,159157.0,3859,Municipally Owned,2024
17609869,MOULTRIE CITY OF,GA,residential,409.9,25658.0,1170,Municipally Owned,2024
17610410,OCILLA CITY OF,GA,residential,186.2,12838.0,388,Municipally Owned,2024
17610847,PELHAM CITY OF,GA,residential,109.0,8650.0,252,Municipally Owned,2024
17610966,PERRY CITY OF,GA,residential,746.2,47190.0,1955,Municipally Owned,2024
17611524,RICHLAND CITY OF,GA,residential,86.0,4775.0,112,Municipally Owned,2024
17611766,ROYSTON GAS DEPT CITY OF,GA,residential,850.4,48017.0,1275,Municipally Owned,2024
17612622,SOCIAL CIRCLE CITY OF,GA,residential,810.2,71242.0,1320,Municipally Owned,2024
17612806,SPARTA CITY OF,GA,residential,191.6,13136.0,399,Municipally Owned,2024
17613028,FITZGERALD CITY OF,GA,residential,359.5,28993.0,1671,Municipally Owned,2024
17613029,FORT VALLEY UTILITY COMMISSION,GA,residential,1595.1,98919.0,2397,Municipally Owned,2024
17613082,QUITMAN CITY OF,GA,residential,182.8,12425.0,463,Municipally Owned,2024
17613083,EDISON CITY OF,GA,residential,53.0,5281.0,114,Municipally Owned,2024
17613085,FORT GAINES CITY OF,GA,residential,23.4,1327.0,81,Municipally Owned,2024
17613086,GRANTVILLE CITY OF,GA,residential,381.6,24099.0,663,Municipally Owned,2024
17613092,DONALSONVILLE CITY OF,GA,residential,149.5,12082.0,132,Municipally Owned,2024
17613093,ANDERSONVILLE CITY OF,GA,residential,20.6,1171.0,55,Municipally Owned,2024
17613094,HOGANSVILLE CITY OF,GA,residential,414.9,25729.0,798,Municipally Owned,2024
17613095,ASHBURN NAT GAS SYS,GA,residential,193.7,8394.0,403,Municipally Owned,2024
17613154,SUGAR HILL CITY OF,GA,residential,7626.7,708691.0,11932,Municipally Owned,2024
17613384,TALLAPOOSA CITY OF,GA,residential,403.4,35575.0,884,Municipally Owned,2024
17613604,THOMASVILLE UTILITIES,GA,residential,1144.0,67896.0,2615,Municipally Owned,2024
17613620,THOMSON CITY OF,GA,residential,1404.2,70618.0,2206,Municipally Owned,2024
17613694,TIFTON NATURAL GAS SYSTEM,GA,residential,610.5,36740.0,1461,Municipally Owned,2024
17613702,TOCCOA NATURAL GAS SYSTEM,GA,residential,2956.8,170811.0,4832,Municipally Owned,2024
17613837,TRION TOWN OF,GA,residential,656.2,46076.0,1198,Municipally Owned,2024
17614359,WAYNESBORO CITY OF,GA,residential,528.0,37738.0,910,Municipally Owned,2024
17614621,ALBANY WTR GAS LT COMM,GA,residential,4310.7,269407.0,14583,Municipally Owned,2024
17614704,WEST POINT CITY OF,GA,residential,549.8,36212.0,884,Municipally Owned,2024
17614975,WINDER CITY OF,GA,residential,4749.3,326400.0,7019,Municipally Owned,2024
17615121,WRENS CITY OF,GA,residential,266.8,15520.0,567,Municipally Owned,2024
17617848,SYLVESTER CITY OF,GA,residential,279.8,15285.0,600,Municipally Owned,2024
17617857,SUMMERVILLE NAT GAS SYS,GA,residential,2556.7,150377.0,3966,Municipally Owned,2024
17617859,DOUGLAS GAS SYS,GA,residential,261.1,12012.0,730,Municipally Owned,2024
17618615,STATESBORO CITY OF,GA,residential,685.6,48743.0,1752,Municipally Owned,2024
17618619,SYLVANIA CITY OF,GA,residential,200.7,12481.0,385,Municipally Owned,2024
17619900,ADEL CITY OF,GA,residential,162.0,10890.0,441,Municipally Owned,2024
17619901,CUTHBERT NATURAL GAS SYSTEM CITY OF,GA,residential,119.2,11236.0,295,Municipally Owned,2024
17619903,NASHVILLE CITY OF,GA,residential,102.1,8024.0,345,Municipally Owned,2024
17621805,CLAXTON  CITY OF,GA,residential,245.8,12602.0,509,Municipally Owned,2024
17621806,VIENNA CITY OF,GA,residential,120.6,6432.0,375,Municipally Owned,2024
17621807,SHELLMAN CITY OF,GA,residential,41.1,2770.0,98,Municipally Owned,2024
17621808,DOERUN CITY OF,GA,residential,164.3,11043.0,169,Municipally Owned,2024
17621810,UNADILLA  CITY OF,GA,residential,191.6,16480.0,310,Municipally Owned,2024
17621928,BLAKELY CITY OF,GA,residential,143.0,11028.0,378,Municipally Owned,2024
17672320,TRI-COUNTY NATURAL GAS AUTHORITY,GA,residential,1046.3,66178.0,1741,Municipally Owned,2024
17676210,LIBERTY ENERGY DBA LIBERTY UTILITES,GA,residential,37679.6,2026793.0,51442,Investor Owned,2024
17615001,THE GAS COMPANY LLC,HI,residential,30110.9,616067.0,28624,Investor Owned,2024
17600033,MOULTON MUN GAS SYS,IA,residential,112.1,9706.0,178,Municipally Owned,2024
17600034,BEDFORD CITY NATURAL GAS,IA,residential,403.3,33791.0,539,Municipally Owned,2024
17600179,LENOX GAS SYSTEM,IA,residential,283.3,32646.0,496,Municipally Owned,2024
17600187,SABULA CITY OF,IA,residential,230.6,15112.0,250,Municipally Owned,2024
17600204,ALLERTON GAS CO,IA,residential,98.4,10631.0,166,Investor Owned,2024
17601247,BLOOMFIELD CITY OF,IA,residential,691.4,55219.0,995,Municipally Owned,2024
17602005,CASCADE MUN UTIL,IA,residential,586.1,50810.0,954,Municipally Owned,2024
17602042,LORIMOR MUNICIPAL GAS SYS,IA,residential,37.0,3204.0,132,Municipally Owned,2024
17602128,CEDAR FALLS UTIL,IA,residential,8375.3,737021.0,13624,Municipally Owned,2024
17602935,COON RAPIDS MUN UTIL,IA,residential,506.7,33183.0,561,Municipally Owned,2024
17602996,CORNING MUNICIPAL UTILITIES,IA,residential,364.4,37779.0,772,Municipally Owned,2024
17604067,WAUKEE MUNICIPAL GAS,IA,residential,6893.5,514272.0,9752,Municipally Owned,2024
17605098,GRAETTINGER TOWN OF,IA,residential,174.9,19090.0,359,Municipally Owned,2024
17605328,GUTHRIE CTR MUNICIPAL UTILITIES,IA,residential,374.5,39386.0,664,Municipally Owned,2024
17605491,HARLAN MUNICIPAL UTILITIES,IA,residential,925.7,106585.0,1944,Municipally Owned,2024
17605594,HAWARDEN MUNICIPAL UTILITIES,IA,residential,659.1,50104.0,885,Municipally Owned,2024
17608164,LAMONI MUN UTIL,IA,residential,362.9,37357.0,627,Municipally Owned,2024
17608856,MANILLA CITY OF,IA,residential,268.0,16760.0,313,Municipally Owned,2024
17608866,MANNING MUN NAT GAS,IA,residential,540.9,44925.0,787,Municipally Owned,2024
17609832,MORNING SUN MUNICIPAL NAT GAS SYS,IA,residential,261.5,18939.0,315,Municipally Owned,2024
17610551,OSAGE MUN GAS UTIL,IA,residential,997.8,127213.0,1779,Municipally Owned,2024
17611440,REMSEN MUNICIPAL UTILITIES,IA,residential,447.2,38335.0,639,Municipally Owned,2024
17611852,SAC CITY MUNICIPAL GAS CO,IA,residential,565.6,49122.0,872,Municipally Owned,2024
17611942,SANBORN MUNICIPAL GAS UTILITY,IA,residential,388.3,30322.0,528,Municipally Owned,2024
17612458,SIOUX CENTER MUN GAS,IA,residential,1032.6,112290.0,2220,Municipally Owned,2024
17614680,WEST BEND MUN GAS,IA,residential,222.7,20610.0,315,Municipally Owned,2024
17614849,WHITTEMORE MUN GAS,IA,residential,180.9,12553.0,229,Municipally Owned,2024
17614986,WINFIELD MUNICIPAL GAS,IA,residential,283.9,20453.0,370,Municipally Owned,2024
17615081,WOODBINE MUNICIPAL NATURAL GAS,IA,residential,399.2,28240.0,558,Municipally Owned,2024
17618620,TIPTON CITY OF,IA,residential,942.4,78767.0,1276,Municipally Owned,2024
17619011,EMMETSBURG MUNICIPAL UTILITIES,IA,residential,930.7,84386.0,1361,Municipally Owned,2024
17619034,PRESCOTT MUN NAT GAS CO,IA,residential,67.6,5791.0,90,Municipally Owned,2024
17619046,CLEARFIELD NAT GAS CO,IA,residential,65.3,5600.0,110,Municipally Owned,2024
17619047,LINEVILLE MUN NAT GAS SYSTEM,IA,residential,64.2,5207.0,87,Municipally Owned,2024
17619048,PRESTON CITY OF,IA,residential,236.2,23152.0,423,Municipally Owned,2024
17619049,ROLFE MUNICIPAL GAS,IA,residential,167.1,16741.0,216,Municipally Owned,2024
17619686,WELLMAN GAS SYSTEM,IA,residential,347.1,31160.0,569,Municipally Owned,2024
17619693,BROOKLYN MUNICIPAL UTILITIES,IA,residential,372.5,31385.0,533,Municipally Owned,2024
17619697,GILMORE CITY MUNICIPAL GAS SYSTEM,IA,residential,137.8,12546.0,220,Municipally Owned,2024
17619725,MONTEZUMA NATURAL GAS DEPT,IA,residential,283.4,39630.0,646,Municipally Owned,2024
17619726,CITY OF BRIGHTON,IA,residential,218.8,13680.0,250,Municipally Owned,2024
17619741,WAYLAND MUN GAS SYS,IA,residential,287.2,22778.0,410,Municipally Owned,2024
17621809,BLACK HILLS ENERGY,IA,residential,92614.8,8538867.0,145958,Investor Owned,2024
17650918,MIDAMERICAN ENERGY COMPANY,IA,residential,296799.2,32289981.0,563895,Investor Owned,2024
17673901,HARTLEY CITY OF,IA,residential,542.1,44391.0,636,Municipally Owned,2024
17673902,LAKE PARK,IA,residential,361.4,35153.0,628,Municipally Owned,2024
17673903,ORANGE CITY MUNICIPAL UTILITIES,IA,residential,1176.9,107415.0,1823,Municipally Owned,2024
17673904,ROCK RAPIDS,IA,residential,1514.1,132867.0,1237,Municipally Owned,2024
17674429,MAPLETON CITY OF,IA,residential,308.3,22195.0,429,Municipally Owned,2024
17674470,ALTON MUNICIPAL UTILITIES,IA,residential,325.9,25210.0,421,Municipally Owned,2024
17675801,LIBERTY ENERGY DBA LIBERTY UTILITIES,IA,residential,2591.7,242411.0,3597,Investor Owned,2024
17680493,TRAER MUNICIPAL UTILITIES,IA,residential,672.4,48880.0,683,Municipally Owned,2024
17695284,WALL LAKE CITY OF,IA,residential,172.2,15206.0,316,Municipally Owned,2024
17695290,FAIRBANK MUNICIPAL GAS,IA,residential,332.7,27378.0,444,Municipally Owned,2024
17695310,EVERLY MUNCIPAL UTILITY,IA,residential,188.2,16209.0,263,Municipally Owned,2024
17696331,INTERSTATE POWER AND LIGHT COMPANY,IA,residential,147964.9,11556889.0,201449,Unknown,2024
17606391,INTERMOUNTIAN GAS COMPANY,ID,residential,211171.0,27497180.0,387392,Investor Owned,2024
17611024,QUESTAR GAS COMPANY,ID,residential,1932.3,148285.0,2309,Investor Owned,2024
17614616,AVISTA UTILITIES,ID,residential,69219.9,5520391.0,85817,Investor Owned,2024
17600035,TOLDEDO VILLAGE OF,IL,residential,293.4,22340.0,433,Municipally Owned,2024
17600037,CITY OF GRAND TOWER,IL,residential,77.6,5122.0,153,Municipally Owned,2024
17600039,SHAWNEETOWN MUNICIPAL GAS,IL,residential,284.0,15559.0,318,Municipally Owned,2024
17600042,NEW BOSTON MUN GAS SYS,IL,residential,196.6,16122.0,318,Municipally Owned,2024
17600043,VILLAGE OF PLEASANT HILL,IL,residential,266.1,18498.0,389,Municipally Owned,2024
17600044,VILLAGE OF PAWNEE,IL,residential,744.5,58490.0,992,Municipally Owned,2024
17600050,WINCHESTER CITY OF,IL,residential,346.2,38815.0,677,Municipally Owned,2024
17600161,ALEDO CITY OF,IL,residential,1094.3,98073.0,1478,Municipally Owned,2024
17600180,COBDEN MUN GAS SYS,IL,residential,237.2,12748.0,244,Municipally Owned,2024
17600181,RIVERTON VILLAGE OF,IL,residential,839.2,76412.0,1440,Municipally Owned,2024
17600434,ANNA CITY OF,IL,residential,1153.1,96234.0,1405,Municipally Owned,2024
17601132,BETHANY VILLAGE OF,IL,residential,356.5,36666.0,562,Municipally Owned,2024
17601881,CAIRO PUB UTIL CO,IL,residential,1216.5,86130.0,1548,Municipally Owned,2024
17602225,CHESTER CITY OF,IL,residential,857.3,80986.0,1850,Municipally Owned,2024
17602377,CISNE VILLAGE OF,IL,residential,152.3,16538.0,283,Municipally Owned,2024
17602536,CLAY CITY VILLAGE OF,IL,residential,182.6,15785.0,329,Municipally Owned,2024
17602853,CONSUMERS GAS CO,IL,residential,2405.6,267237.0,4555,Investor Owned,2024
17603070,VILLAGE OF CROSSVILLE,IL,residential,139.5,14236.0,254,Municipally Owned,2024
17603511,DIVERNON VILLAGE OF,IL,residential,463.5,43801.0,737,Municipally Owned,2024
17603687,DUPO VILLAGE OF,IL,residential,608.3,57207.0,1100,Municipally Owned,2024
17603837,EDINBURG MUN GAS SYSTEM,IL,residential,298.1,24534.0,452,Municipally Owned,2024
17604104,FAIRFIELD CITY OF,IL,residential,1407.0,108522.0,2074,Municipally Owned,2024
17604283,FINDLAY VILLAGE OF,IL,residential,236.7,28839.0,467,Municipally Owned,2024
17604345,FLAT ROCK MUNICIPAL GAS,IL,residential,182.3,10358.0,185,Municipally Owned,2024
17604367,FLORA CITY OF,IL,residential,1161.7,102847.0,1953,Municipally Owned,2024
17605162,GRAYVILLE CITY OF,IL,residential,294.1,36364.0,663,Municipally Owned,2024
17605213,GREENUP VILLAGE OF,IL,residential,220.7,41319.0,714,Municipally Owned,2024
17606306,ILLINOIS GAS COMPANY,IL,residential,4869.9,493105.0,8056,Privately Owned,2024
17606651,JONESBORO CITY OF,IL,residential,368.0,21810.0,555,Municipally Owned,2024
17608635,LOUISVILLE VILLAGE OF,IL,residential,175.0,18102.0,371,Municipally Owned,2024
17609292,MCLEANSBORO CITY OF,IL,residential,679.7,68546.0,1317,Municipally Owned,2024
17609852,MORTON VILLAGE OF,IL,residential,3007.7,371898.0,5517,Municipally Owned,2024
17609870,MT CARMEL PUBLIC UTILITY CO,IL,residential,2455.3,163395.0,3012,Investor Owned,2024
17610023,NASHVILLE CITY OF,IL,residential,480.6,56084.0,1145,Municipally Owned,2024
17610260,NORRIS CITY VILLAGE OF,IL,residential,246.5,25522.0,496,Municipally Owned,2024
17610289,NORTH SHORE GAS COMPANY,IL,residential,144201.5,15400403.0,143234,Investor Owned,2024
17610322,NICOR GAS,IL,residential,1552166.1,174775083.0,1953233,Investor Owned,2024
17610960,PEOPLES GAS LIGHT AND COKE COMPANY,IL,residential,973878.6,64577553.0,800340,Investor Owned,2024
17611237,PITTSFIELD CITY OF,IL,residential,1185.2,89570.0,1935,Municipally Owned,2024
17611344,RED BUD CITY OF,IL,residential,779.6,81260.0,1508,Municipally Owned,2024
17611702,ROODHOUSE CITY OF,IL,residential,502.5,40928.0,682,Municipally Owned,2024
17611907,SALEM CITY OF,IL,residential,1400.8,139475.0,2604,Municipally Owned,2024
17612667,ROCK ENERGY COOPERATIVE,IL,residential,6378.0,597801.0,8349,Cooperative,2024
17613058,VILLAGE OF STONINGTON,IL,residential,242.2,22926.0,395,Municipally Owned,2024
17613158,SULLIVAN CITY OF,IL,residential,1274.5,123728.0,2200,Municipally Owned,2024
17614301,VIENNA MUNICIPAL GAS SYSTEM,IL,residential,203.4,18963.0,407,Municipally Owned,2024
17614625,WATERLOO CITY OF,IL,residential,2228.5,195149.0,3994,Municipally Owned,2024
17614664,WAVERLY UTIL DEPT,IL,residential,399.0,29182.0,495,Municipally Owned,2024
17614669,WAYNE CITY VILLAGE OF,IL,residential,319.6,32789.0,444,Municipally Owned,2024
17614762,WESTVILLE GAS COMMISSION,IL,residential,1802.5,87476.0,1418,Municipally Owned,2024
17614799,WHITE HALL CITY OF,IL,residential,587.0,58156.0,882,Municipally Owned,2024
17616536,PINCKNEYVILLE CITY OF,IL,residential,625.9,68991.0,1264,Municipally Owned,2024
17617078,CASEY CITY OF,IL,residential,678.3,78970.0,1330,Municipally Owned,2024
17617079,ENFIELD MUNICIPAL GAS SYSTEM,IL,residential,141.4,11608.0,247,Municipally Owned,2024
17617083,EQUALITY MUNICIPAL GAS,IL,residential,156.9,9459.0,176,Municipally Owned,2024
17617084,FRANKLIN VILLAGE OF,IL,residential,150.3,15573.0,259,Municipally Owned,2024
17617085,GEFF VILLAGE OF,IL,residential,94.7,8023.0,163,Municipally Owned,2024
17617844,VILLAGE OF ROSSVILLE,IL,residential,297.4,34463.0,520,Municipally Owned,2024
17617879,MARSHALL CITY OF,IL,residential,1238.3,119224.0,1937,Municipally Owned,2024
17619672,MILFORD VILLAGE OF,IL,residential,369.6,45298.0,645,Municipally Owned,2024
17619673,MARTINSVILLE CITY OF,IL,residential,256.6,23386.0,467,Municipally Owned,2024
17619695,BUSHNELL CITY OF,IL,residential,832.7,79009.0,1324,Municipally Owned,2024
17619699,BELLE RIVE GAS SYSTEM,IL,residential,34.3,5692.0,121,Municipally Owned,2024
17619823,BLUFORD GAS,IL,residential,268.2,17688.0,432,Municipally Owned,2024
17619891,THEBES VILLAGE OF,IL,residential,36.2,2070.0,48,Municipally Owned,2024
17619904,DAHLGREN GAS SYSTEM,IL,residential,112.0,11176.0,218,Municipally Owned,2024
17619907,CITY OF AUBURN,IL,residential,501.0,86959.0,1572,Municipally Owned,2024
17650922,MIDAMERICAN ENERGY COMPANY,IL,residential,33734.2,4097122.0,60302,Investor Owned,2024
17671862,AMEREN ILLINOIS,IL,residential,661180.5,44312974.0,742574,Investor Owned,2024
17674361,JO-CARROLL ENERGY,IL,residential,5390.2,316781.0,5247,Cooperative,2024
17675800,LIBERTY UTILITY MIDSTATES CO,IL,residential,14907.1,1144058.0,19244,Investor Owned,2024
17600174,INDIANA UTILITIES CORPORATION,IN,residential,2392.4,185897.0,3403,Investor Owned,2024
17600688,AURORA UTILITIES SYSTEM,IN,residential,911.1,93938.0,1678,Municipally Owned,2024
17600909,BATESVILLE GAS UTILITY,IN,residential,1210.6,148608.0,2798,Municipally Owned,2024
17601371,BOONVILLE NAT GAS CORP,IN,residential,3059.4,235683.0,4677,Privately Owned,2024
17606226,HUNTINGBURG CITY OF,IN,residential,1094.0,162787.0,3519,Municipally Owned,2024
17606363,INDIANA GAS COMPANY INC,IN,residential,415273.1,37831896.0,599239,Investor Owned,2024
17606365,INDIANA NATURAL GAS CORP,IN,residential,4260.0,360721.0,6930,Investor Owned,2024
17606497,JASONVILLE CITY OF,IN,residential,634.6,38793.0,773,Municipally Owned,2024
17606498,JASPER CITY OF,IN,residential,1555.4,169407.0,3619,Municipally Owned,2024
17608201,LAPEL MUNICIPAL WATER AND GAS,IN,residential,387.9,42341.0,753,Municipally Owned,2024
17608260,SYCAMORE GAS CO,IN,residential,4972.6,311025.0,6039,Privately Owned,2024
17608389,LINTON CITY OF,IN,residential,2071.2,121956.0,2122,Municipally Owned,2024
17609763,MONTEZUMA MUNICIPAL GAS UTILITY,IN,residential,262.6,20241.0,378,Municipally Owned,2024
17610173,NEW HARMONY MUN GAS UTILITY,IN,residential,294.4,22382.0,336,Municipally Owned,2024
17610324,NORTHERN INDIANA PUBLIC SERVICE CO,IN,residential,516760.6,64170893.0,743922,Unknown,2024
17610444,OHIO VALLEY GAS CORP,IN,residential,20085.6,1557459.0,26344,Investor Owned,2024
17611598,ROACHDALE MUNICIPAL GAS UTILITY,IN,residential,225.6,20311.0,271,Municipally Owned,2024
17612718,SOUTHERN INDIANA GAS AND ELECTRIC,IN,residential,75456.4,5504372.0,104633,Investor Owned,2024
17616537,CITIZENS ENERGY GROUP,IN,residential,154885.9,16494666.0,260991,Municipally Owned,2024
17616538,PITTSBORO TOWN OF,IN,residential,991.7,65845.0,1157,Municipally Owned,2024
17618032,OSGOOD MUN SYS,IN,residential,359.5,30813.0,674,Municipally Owned,2024
17618050,CHRISNEY MUNICIPAL GAS DEPT,IN,residential,133.5,8329.0,179,Municipally Owned,2024
17618052,FOUNTAINTOWN GAS CO,IN,residential,2775.9,255456.0,3626,Privately Owned,2024
17618055,SOUTH EASTERN INDIANA NAT GAS,IN,residential,1153.9,97545.0,1904,Privately Owned,2024
17619004,RENSSELAER GAS UTIL DEPT,IN,residential,1739.8,181626.0,2630,Municipally Owned,2024
17619019,POSEYVILLE MUN GAS CO,IN,residential,176.1,16134.0,357,Municipally Owned,2024
17619024,CITIZENS GAS OF WESTFIELD,IN,residential,5319.3,406330.0,7339,Privately Owned,2024
17619807,SWITZERLAND COUNTY NATURAL GAS CO,IN,residential,358.5,28122.0,592,Investor Owned,2024
17619892,BAINBRIDGE MUNICIPAL GAS UTILITY,IN,residential,170.6,14367.0,265,Municipally Owned,2024
17619913,COMMUNITY NATURAL GAS CO INC,IN,residential,4508.6,352732.0,7040,Privately Owned,2024
17671010,MIDWEST NATURAL GAS,IN,residential,8106.1,648047.0,13127,Investor Owned,2024
17673293,VALLEY RURAL UTILITY CO,IN,residential,115.8,38312.0,749,Cooperative,2024
17600032,ABBYVILLE CITY OF,KS,residential,24.9,2173.0,42,Municipally Owned,2024
17600177,PARTRIDGE CITY OF,KS,residential,68.2,4236.0,100,Municipally Owned,2024
17600192,UNIONTOWN CITY OF,KS,residential,77.4,5009.0,103,Municipally Owned,2024
17600235,ALMA CITY OF,KS,residential,264.8,24091.0,398,Municipally Owned,2024
17600246,ALTAMONT CITY OF,KS,residential,265.7,21834.0,437,Municipally Owned,2024
17600491,ARGONIA CITY OF,KS,residential,94.8,10366.0,234,Municipally Owned,2024
17601250,DENISON CITY OF,KS,residential,109.3,8099.0,137,Municipally Owned,2024
17601310,CITY OF HARDTNER,KS,residential,67.9,4273.0,86,Municipally Owned,2024
17601715,CITY OF BURLINGAME,KS,residential,258.0,22376.0,455,Municipally Owned,2024
17601742,BURRTON MUN GAS SYS,KS,residential,100.1,10008.0,233,Municipally Owned,2024
17602012,CASSODAY CITY OF,KS,residential,83.4,3856.0,101,Municipally Owned,2024
17602177,MIDWEST ENERGY INC,KS,residential,21316.7,2030520.0,33087,Cooperative,2024
17602327,CHANUTE CITY OF,KS,residential,2094.7,198766.0,3535,Municipally Owned,2024
17603004,PALMER CITY OF,KS,residential,37.2,3734.0,65,Municipally Owned,2024
17604796,GARNETT CITY OF,KS,residential,1019.7,77962.0,1348,Municipally Owned,2024
17605411,HALSTEAD MUN GAS DEPT,KS,residential,337.5,34953.0,692,Municipally Owned,2024
17605756,HESSTON CITY OF,KS,residential,593.0,51587.0,1094,Municipally Owned,2024
17606198,HUMBOLDT CITY OF,KS,residential,434.1,37040.0,687,Municipally Owned,2024
17606340,CITY OF IOLA,KS,residential,1261.6,123463.0,2018,Municipally Owned,2024
17606727,KANSAS GAS SERVICE COMPANY,KS,residential,476564.3,35486387.0,594436,Investor Owned,2024
17606756,KECHI CITY OF,KS,residential,554.3,33803.0,729,Municipally Owned,2024
17608627,LOUISBURG CITY OF,KS,residential,1002.9,74810.0,1414,Municipally Owned,2024
17609246,MCFARLAND CITY OF,KS,residential,80.1,5092.0,113,Municipally Owned,2024
17609294,MCLOUTH CITY OF,KS,residential,178.5,16629.0,325,Municipally Owned,2024
17609864,MOUNDRIDGE CITY OF,KS,residential,391.5,33060.0,730,Municipally Owned,2024
17610132,NEODESHA CITY OF,KS,residential,603.4,49384.0,908,Municipally Owned,2024
17610550,OSAGE CITY NATURAL GAS,KS,residential,962.8,62312.0,1229,Municipally Owned,2024
17611326,READING CITY OF,KS,residential,30.0,2141.0,61,Municipally Owned,2024
17612219,SHARON CITY OF,KS,residential,66.4,4799.0,102,Municipally Owned,2024
17612818,SPEARVILLE CITY OF,KS,residential,154.1,16539.0,309,Municipally Owned,2024
17614984,WINFIELD CITY OF,KS,residential,2150.8,240851.0,4512,Municipally Owned,2024
17617863,LYONS CITY OF,KS,residential,1093.5,70499.0,1378,Municipally Owned,2024
17617871,LA CYGNE GAS COMPANY,KS,residential,157.4,13165.0,290,Municipally Owned,2024
17619808,LEBO CITY OF,KS,residential,216.4,15083.0,280,Municipally Owned,2024
17619821,HOWARD CITY OF,KS,residential,257.7,13971.0,271,Municipally Owned,2024
17619866,CHENEY CITY OF,KS,residential,512.0,36297.0,723,Municipally Owned,2024
17619893,WALTON CITY OF,KS,residential,65.3,6578.0,94,Municipally Owned,2024
17620004,GARDEN PLAIN MUN GAS CO,KS,residential,197.7,17180.0,339,Municipally Owned,2024
17620005,CITY OF ISABEL,KS,residential,31.5,2356.0,42,Municipally Owned,2024
17620008,AMERICAN ENERGIES GAS SERVICES LLC,KS,residential,62.1,6316.0,148,Privately Owned,2024
17620024,ESKRIDGE GAS SYSTEM,KS,residential,287.6,23993.0,500,Municipally Owned,2024
17620036,JAMESTOWN MUN GAS SYS,KS,residential,101.9,9534.0,141,Municipally Owned,2024
17620079,WETMORE CITY OF,KS,residential,79.4,8164.0,138,Municipally Owned,2024
17620082,HARVEYVILLE CITY OF,KS,residential,73.7,5167.0,87,Municipally Owned,2024
17620089,AUBURN CITY OF,KS,residential,686.4,59229.0,1031,Municipally Owned,2024
17620092,LITTLE RIVER CITY OF,KS,residential,181.6,10573.0,205,Municipally Owned,2024
17620301,MULBERRY MUNICIPAL NATURAL GAS SYS,KS,residential,174.9,11402.0,208,Municipally Owned,2024
17621922,SAWYER CITY OF,KS,residential,41.3,3396.0,65,Municipally Owned,2024
17641129,ATMOS ENERGY CORPORATION,KS,residential,108023.0,8925261.0,131085,Investor Owned,2024
17674411,TEXAS KANSAS OKLAHOMA GAS LLC,KS,residential,2.5,585.0,2,Privately Owned,2024
17674416,MORLAND CITY OF,KS,residential,67.1,5584.0,95,Municipally Owned,2024
17675551,TEXAS KANSAS OKLAHOMA GAS LLC,KS,residential,36.0,2736.0,10,Privately Owned,2024
17681028,BLACK HILLS ENERGY,KS,residential,82493.9,5782266.0,105744,Investor Owned,2024
17695280,WINONA GAS,KS,residential,92.8,7720.0,98,Municipally Owned,2024
17600476,WHEELWRIGHT UTILITY COMMISSION,KY,residential,10.1,7494.0,176,Municipally Owned,2024
17600683,AUGUSTA CITY OF,KY,residential,247.7,26839.0,405,Municipally Owned,2024
17600858,BARDWELL NAT GAS,KY,residential,318.1,24697.0,533,Municipally Owned,2024
17601075,BENTON GAS SYSTEM,KY,residential,2983.0,260151.0,5567,Municipally Owned,2024
17601119,BARLOW MUN GAS CO,KY,residential,213.2,11520.0,231,Municipally Owned,2024
17601251,DRAKESBORO NAT GAS,KY,residential,599.2,32348.0,548,Municipally Owned,2024
17601986,CARROLLTON CITY OF,KY,residential,853.1,109798.0,1970,Municipally Owned,2024
17602098,CARLISLE CITY OF,KY,residential,435.0,23094.0,461,Municipally Owned,2024
17602535,CLAY CITY OF,KY,residential,341.9,38251.0,468,Municipally Owned,2024
17602577,CLINTON CITY OF,KY,residential,418.7,24868.0,515,Municipally Owned,2024
17602705,COLUMBIA GAS OF KENTUCKY INC,KY,residential,93387.5,6305259.0,113714,Investor Owned,2024
17603893,ELIZABETHTOWN CITY OF,KY,residential,1589.7,352791.0,6497,Municipally Owned,2024
17604259,FERGUSON CITY OF,KY,residential,127.5,6627.0,179,Municipally Owned,2024
17604633,FULTON NAT GAS SYS,KY,residential,449.5,35131.0,785,Municipally Owned,2024
17605621,HAZARD CITY OF,KY,residential,782.3,54280.0,1239,Municipally Owned,2024
17605681,HENDERSON MUNICIPAL GAS,KY,residential,4886.5,437223.0,8078,Municipally Owned,2024
17605766,HICKMAN CITY OF,KY,residential,230.8,25589.0,555,Municipally Owned,2024
17606832,NATURAL ENERGY UTIL CORP,KY,residential,727.5,112814.0,1453,Investor Owned,2024
17607086,LA CENTER CITY OF,KY,residential,288.1,16333.0,328,Municipally Owned,2024
17608331,LEITCHFIELD UTIL,KY,residential,874.9,74478.0,1887,Municipally Owned,2024
17608417,LEWISPORT CITY OF,KY,residential,871.7,62759.0,1235,Municipally Owned,2024
17608430,LIBERTY GAS CO,KY,residential,258.9,14501.0,321,Municipally Owned,2024
17608632,LOUISVILLE GAS AND ELECTRIC CO,KY,residential,232492.1,16017804.0,307643,Investor Owned,2024
17609805,MOREHEAD UTILITY PLANT BOARD,KY,residential,399.3,57844.0,1050,Municipally Owned,2024
17609822,MORGANFIELD CITY OF,KY,residential,686.9,74195.0,1364,Municipally Owned,2024
17609824,MORGANTOWN CITY OF,KY,residential,554.0,42386.0,1103,Municipally Owned,2024
17609958,MURRAY CITY OF,KY,residential,3377.3,326494.0,6460,Municipally Owned,2024
17610491,OLIVE HILL CITY OF,KY,residential,295.4,23393.0,597,Municipally Owned,2024
17610622,PAINTSVILLE GAS SYS,KY,residential,982.0,55736.0,1190,Municipally Owned,2024
17611373,PRESTONBURG CITY UTILITIES COMM,KY,residential,672.4,48169.0,865,Municipally Owned,2024
17611445,PROVIDENCE CITY OF,KY,residential,400.4,52295.0,883,Municipally Owned,2024
17611529,RICHMOND UTILITIES BOARD,KY,residential,1372.4,114320.0,3160,Municipally Owned,2024
17612068,SCOTTSVILLE GAS CO,KY,residential,688.5,54237.0,967,Municipally Owned,2024
17612647,SOMERSET GAS SVC,KY,residential,1146.2,106872.0,2774,Municipally Owned,2024
17613108,STURGIS NATURAL GAS,KY,residential,396.3,45368.0,689,Municipally Owned,2024
17613718,TOMPKINSVILLE CITY OF,KY,residential,617.9,40906.0,1029,Municipally Owned,2024
17614007,DUKE ENERGY KENTUCKY,KY,residential,81241.3,5166565.0,98104,Investor Owned,2024
17614195,VALLEY GAS INC,KY,residential,188.7,22174.0,421,Privately Owned,2024
17614220,VANCEBURG ELECTRIC PLANT BOARD OF,KY,residential,197.6,16497.0,357,Municipally Owned,2024
17614728,ATMOS ENERGY CORPORATION,KY,residential,86477.4,8406047.0,160910,Investor Owned,2024
17614860,WICKLIFFE CITY OF,KY,residential,265.2,16217.0,345,Municipally Owned,2024
17616546,PIKEVILLE CITY OF,KY,residential,277.4,26933.0,639,Municipally Owned,2024
17619895,HARDIN GAS CO,KY,residential,666.9,48892.0,637,Municipally Owned,2024
17619899,CITY OF KUTTAWA,KY,residential,331.5,33906.0,724,Municipally Owned,2024
17621001,CITY OF COLUMBIA GAS DEPARTMENT,KY,residential,418.8,34968.0,711,Municipally Owned,2024
17621014,EDMONTON CITY OF,KY,residential,567.6,39485.0,979,Municipally Owned,2024
17621018,ARLINGTON CITY OF,KY,residential,214.8,12828.0,326,Municipally Owned,2024
17621024,KEVIL CITY OF,KY,residential,376.1,17021.0,433,Municipally Owned,2024
17621069,BROOKSVILLE CITY OF,KY,residential,351.2,29134.0,584,Municipally Owned,2024
17621079,LINDSEY AND ELLIOTT,KY,residential,17.1,1856.0,51,Privately Owned,2024
17621085,ORBIT GAS TRANSMISSION INC,KY,residential,19.5,3361.0,41,Privately Owned,2024
17621093,WESTERN LEWIS RECTORVILLE GAS DIST,KY,residential,306.3,31211.0,506,Other,2024
17621916,FLEMINGSBURG CITY OF,KY,residential,468.8,38864.0,827,Municipally Owned,2024
17621918,WEST LIBERTY GAS SYSTEM,KY,residential,132.4,9524.0,245,Municipally Owned,2024
17622763,GRAYSON UTILITY COMMISSION,KY,residential,241.3,17901.0,482,Municipally Owned,2024
17672621,BLUEGRASS GAS SALES INC,KY,residential,412.2,28347.0,693,Privately Owned,2024
17672622,BURKESVILLE GAS CO,KY,residential,94.2,6374.0,156,Privately Owned,2024
17672623,CITIPOWER LLC,KY,residential,253.3,10425.0,389,Investor Owned,2024
17672625,NAVITAS UTILITY CORP,KY,residential,381.3,23532.0,593,Privately Owned,2024
17672628,PARIS-HENRY COUNTY UTIL DISTRICT,KY,residential,65.6,6577.0,138,Other,2024
17672630,MILLENNIUM ENERGY INC,KY,residential,10.2,1251.0,30,Privately Owned,2024
17674481,WHITE PLAINS NATURAL GAS,KY,residential,126.5,6323.0,145,Municipally Owned,2024
17674482,MARTIN GAS INC,KY,residential,323.1,17420.0,389,Privately Owned,2024
17674483,GUTHRIE NATURAL GAS,KY,residential,78.7,4833.0,105,Municipally Owned,2024
17675702,KENTUCKY FRONTIER GAS LLC,KY,residential,1409.9,158355.0,3478,Privately Owned,2024
17676572,DELTA NATURAL GAS CO INC,KY,residential,27947.0,1700011.0,34358,Investor Owned,2024
17677300,LAKE CUMBERLAND GAS AUTHORITY,KY,residential,159.0,9065.0,301,Municipally Owned,2024
17679313,SENTRA RESOURCES,KY,residential,101.5,3816.0,138,Privately Owned,2024
17600041,ABITA SPRINGS NATURAL GAS DEPT,LA,residential,836.9,60787.0,1878,Investor Owned,2024
17600165,ALEXANDRIA CITY OF GAS DEPT,LA,residential,1883.7,539456.0,14088,Municipally Owned,2024
17600538,TOWN OF ARNAUDVILLE,LA,residential,225.0,12084.0,597,Municipally Owned,2024
17600782,BAKER CITY OF,LA,residential,1120.9,98547.0,3196,Municipally Owned,2024
17600802,BALDWIN TOWN OF,LA,residential,180.9,11544.0,421,Municipally Owned,2024
17600916,ST AMANT GAS CO INC,LA,residential,367.1,47107.0,1358,Privately Owned,2024
17601113,BERWICK TOWN OF,LA,residential,267.2,15190.0,798,Municipally Owned,2024
17601120,BASILE TOWN OF,LA,residential,99.5,3018.0,201,Municipally Owned,2024
17601446,TOWN OF BOYCE,LA,residential,175.9,9003.0,268,Municipally Owned,2024
17602086,CITY OF CARENCRO,LA,residential,400.8,18774.0,713,Municipally Owned,2024
17602360,CHATHAM NATURAL GAS DIVISION,LA,residential,40.0,2399.0,104,Municipally Owned,2024
17602548,CLAYTON TOWN OF,LA,residential,44.4,1855.0,97,Municipally Owned,2024
17602584,CLINTON TOWN OF,LA,residential,261.4,11467.0,373,Municipally Owned,2024
17602668,COLFAX GAS DEPT,LA,residential,152.3,8138.0,372,Municipally Owned,2024
17602701,COLUMBIA TOWN OF,LA,residential,42.1,4121.0,119,Municipally Owned,2024
17602997,NEWELLTON TOWN OF,LA,residential,115.1,6549.0,201,Municipally Owned,2024
17603355,DELCAMBRE TOWN OF,LA,residential,182.8,9720.0,304,Municipally Owned,2024
17603388,DENHAM SPRINGS CITY OF,LA,residential,3224.3,183211.0,6269,Municipally Owned,2024
17603569,DONALDSONVILLE CITY OF,LA,residential,862.3,46756.0,1757,Municipally Owned,2024
17604420,FOREST HILL VILLAGE OF,LA,residential,202.6,11273.0,429,Municipally Owned,2024
17604832,EAST BATON ROUGE PARISH GUD 1,LA,residential,2357.9,128270.0,3780,Municipally Owned,2024
17605052,CITY OF GONZALES,LA,residential,924.6,58602.0,2204,Municipally Owned,2024
17605111,GRAND COTEAU TOWN OF,LA,residential,133.5,12512.0,294,Municipally Owned,2024
17605119,GRAND ISLE TOWN OF,LA,residential,186.3,2955.0,664,Municipally Owned,2024
17605211,GREENSBURG TOWN OF,LA,residential,48.1,1876.0,123,Municipally Owned,2024
17605291,GUEYDAN TOWN OF,LA,residential,84.9,9971.0,455,Municipally Owned,2024
17605318,ENTERGY LOUISIANA LLC,LA,residential,49079.1,3420778.0,91427,Unknown,2024
17606286,IBERVILLE PARISH UTILITY DEPARTMENT,LA,residential,1541.2,125379.0,3820,Municipally Owned,2024
17606341,IOTA TOWN OF,LA,residential,74.5,5699.0,267,Municipally Owned,2024
17606455,JACKSON TOWN OF,LA,residential,329.9,5787.0,322,Municipally Owned,2024
17606516,JENA TOWN OF,LA,residential,274.2,18604.0,724,Municipally Owned,2024
17606652,JONESVILLE TOWN OF,LA,residential,357.6,19957.0,620,Municipally Owned,2024
17606729,KAPLAN CITY OF,LA,residential,512.3,33458.0,1403,Municipally Owned,2024
17607026,KROTZ SPRINGS CITY OF,LA,residential,115.0,21183.0,147,Municipally Owned,2024
17608370,LEONVILLE TOWN OF,LA,residential,72.1,6786.0,336,Municipally Owned,2024
17608517,LIVINGSTON TOWN OF,LA,residential,285.6,15244.0,633,Municipally Owned,2024
17608558,LOGANSPORT TOWN OF,LA,residential,77.2,6317.0,213,Municipally Owned,2024
17608795,MADISONVILLE TOWN OF,LA,residential,7580.3,272045.0,6083,Municipally Owned,2024
17608840,TOWN OF MAMOU,LA,residential,307.6,17398.0,762,Municipally Owned,2024
17608925,MARINGOUIN TOWN OF,LA,residential,58.7,21163.0,643,Municipally Owned,2024
17609346,MELVILLE TOWN OF,LA,residential,63.4,3744.0,219,Municipally Owned,2024
17609767,MONTGOMERY TOWN OF,LA,residential,140.8,7497.0,289,Municipally Owned,2024
17609775,MONTPELIER VILLAGE OF,LA,residential,60.0,2573.0,114,Municipally Owned,2024
17609803,MOREAUVILLE VILLAGE OF,LA,residential,645.9,24309.0,882,Municipally Owned,2024
17609812,MORGAN CITY CITY OF,LA,residential,1308.2,88167.0,3173,Municipally Owned,2024
17609825,MORGANZA VILLAGE OF,LA,residential,155.9,11588.0,412,Municipally Owned,2024
17610186,ENTERGY NEW ORLEANS INC,LA,residential,56349.5,3190404.0,102600,Investor Owned,2024
17610191,CITY OF NEW ROADS,LA,residential,678.1,56740.0,1781,Municipally Owned,2024
17610202,NEZPIQUE GAS SYSTEM INC,LA,residential,49.7,1970.0,151,Municipally Owned,2024
17610638,PALMETTO VILLAGE OF,LA,residential,73.5,1900.0,127,Municipally Owned,2024
17610780,PATTERSON CITY OF,LA,residential,492.3,23859.0,1248,Municipally Owned,2024
17611284,PORT ALLEN CITY OF,LA,residential,382.7,15011.0,1447,Municipally Owned,2024
17611285,PORT BARRE TOWN OF,LA,residential,100.2,6935.0,355,Municipally Owned,2024
17611444,PROVENCAL VILLAGE OF,LA,residential,66.0,2619.0,126,Municipally Owned,2024
17611878,TOWN OF ST FRANCISVILLE,LA,residential,401.8,22246.0,705,Municipally Owned,2024
17611884,ST JAMES PARISH UTILITIES,LA,residential,1057.3,79348.0,2677,Cooperative,2024
17612064,SCOTT CITY OF,LA,residential,177.4,10051.0,503,Municipally Owned,2024
17612355,SICILY ISLAND GAS CO,LA,residential,52.0,2957.0,89,Municipally Owned,2024
17612387,SIMMESPORT TOWN OF,LA,residential,172.0,10510.0,336,Municipally Owned,2024
17612520,TOWN OF SLAUGHTER,LA,residential,274.6,8431.0,375,Municipally Owned,2024
17612673,SOUTH COAST GAS CO,LA,residential,5996.7,407197.0,17888,Investor Owned,2024
17613242,SUNSET TOWN OF,LA,residential,313.4,12973.0,504,Municipally Owned,2024
17613583,THIBODAUX CITY OF,LA,residential,746.0,91688.0,3752,Municipally Owned,2024
17614090,CENTERPOINT ENERGY ENTEX,LA,residential,132037.4,8857234.0,230692,Investor Owned,2024
17614298,VIDALIA CITY OF,LA,residential,833.3,45401.0,1481,Municipally Owned,2024
17614311,CITY OF VILLE PLATTE,LA,residential,798.2,33892.0,1412,Municipally Owned,2024
17614473,WALKER TOWN OF,LA,residential,5364.9,268075.0,10502,Municipally Owned,2024
17614630,WATERPROOF TOWN OF,LA,residential,109.8,3348.0,146,Municipally Owned,2024
17614750,CITY OF WESTLAKE,LA,residential,1629.8,71574.0,3212,Municipally Owned,2024
17615238,CITY OF ZACHARY,LA,residential,2353.3,203692.0,5159,Municipally Owned,2024
17616552,PIERRE PART NAT GAS,LA,residential,370.2,29580.0,1352,Investor Owned,2024
17619680,GAS UTILITY DIST 1 OF E FELICIANA,LA,residential,165.3,5847.0,241,Municipally Owned,2024
17619683,FRANKLINTON TOWN OF,LA,residential,229.9,14450.0,612,Municipally Owned,2024
17619690,HARRISONBURG VILLAGE OF,LA,residential,423.6,17065.0,554,Municipally Owned,2024
17619703,TOWN OF WASHINGTON,LA,residential,208.2,7645.0,360,Municipally Owned,2024
17619707,POINTE COUPEE PARISH GUD2,LA,residential,1161.1,62288.0,2006,Municipally Owned,2024
17619708,HORNBECK TOWN OF,LA,residential,223.4,14093.0,711,Municipally Owned,2024
17619709,HOUMA MUNICIPAL GAS SYSTEM,LA,residential,3092.4,389836.0,13658,Municipally Owned,2024
17619721,EUNICE GAS DEPT,LA,residential,717.1,77133.0,3337,Municipally Owned,2024
17619747,KINDER TOWN OF,LA,residential,218.5,17625.0,662,Municipally Owned,2024
17622015,GAS UTIL DISTRICT 2,LA,residential,728.3,39559.0,1151,Municipally Owned,2024
17622023,LIVONIA GAS AND WATER,LA,residential,167.5,7824.0,335,Municipally Owned,2024
17622029,KENTWOOD TOWN OF,LA,residential,329.1,8319.0,312,Municipally Owned,2024
17622060,ST JOSEPH MUN NAT GAS,LA,residential,125.0,6437.0,212,Municipally Owned,2024
17622069,WHITE CASTLE MUN GAS,LA,residential,219.1,10873.0,385,Municipally Owned,2024
17622071,DEQUINCY GAS CO,LA,residential,463.1,32289.0,1196,Municipally Owned,2024
17622075,VERNON PARISH GUD 1,LA,residential,96.1,4045.0,165,Cooperative,2024
17622128,EVANGELINE GAS CO INC,LA,residential,947.9,78459.0,2847,Municipally Owned,2024
17622133,WASH PARISH GUD 1,LA,residential,10.2,1234.0,346,Municipally Owned,2024
17622135,JENNINGS GAS INC,LA,residential,0.1,30.0,2,Privately Owned,2024
17622137,CITY OF PLAQUEMINE,LA,residential,909.7,109110.0,2493,Municipally Owned,2024
17622141,WEST BATON ROUGE PARISH NAT GAS,LA,residential,1762.3,191206.0,5775,Municipally Owned,2024
17622151,WOODWORTH TOWN OF,LA,residential,355.3,19293.0,627,Municipally Owned,2024
17671665,VILLAGE OF ELIZABETH GAS SYSTEM,LA,residential,89.3,6154.0,206,Municipally Owned,2024
17672060,ATMOS ENERGY CORPORATION,LA,residential,216096.4,11574400.0,342557,Investor Owned,2024
17673907,JPC ENERGY LLC,LA,residential,156.4,9363.0,415,Investor Owned,2024
17673951,MAGNOLIA NATURAL GAS LLC,LA,residential,78.0,4807.0,174,Privately Owned,2024
17675500,LIVINGSTON GAS & UTILITY CO,LA,residential,579.4,43084.0,1608,Municipally Owned,2024
17676110,LIVINGSTON PARISH GUD 1,LA,residential,572.6,20616.0,918,Other,2024
17677500,WEST FELICIANO PARISH GUD 1,LA,residential,237.5,12633.0,423,Municipally Owned,2024
17680528,CGUD OF GRANT PARISH,LA,residential,318.3,17432.0,801,Municipally Owned,2024
17696320,WASHINGTON PARISH GUD  2,LA,residential,411.1,5585.0,476,Municipally Owned,2024
17601093,BERKSHIRE GAS COMPANY THE,MA,residential,48396.1,2693062.0,35249,Investor Owned,2024
17601391,BOSTON GAS CO DBA NATIONAL GRID,MA,residential,1345497.2,58604255.0,871143,Investor Owned,2024
17604115,LIBERTY UTILITIES NENGC CORP,MA,residential,58341.5,3659329.0,56123,Investor Owned,2024
17604315,FITCHBURG GAS AND ELECTRIC COMPANY,MA,residential,25773.0,904425.0,14769,Unknown,2024
17605948,HOLYOKE CITY OF,MA,residential,11091.5,678769.0,10199,Municipally Owned,2024
17609453,MIDDLEBOROUGH GAS & ELECTRIC DEPT,MA,residential,6502.0,321780.0,5366,Municipally Owned,2024
17609923,WAKEFIELD MUN GAS LIGHT DEPT,MA,residential,8207.3,407918.0,6603,Municipally Owned,2024
17614749,WESTFIELD GAS AND ELECTRIC,MA,residential,12718.2,611291.0,9722,Municipally Owned,2024
17615111,NSTAR GAS COMPANY,MA,residential,402581.3,19217139.0,277994,Investor Owned,2024
17679611,CONSTELLATION LNG LLC,MA,residential,75030.6,1058591.0,9,Unknown,2024
17680531,EVERSOURCE GAS CO OF MA,MA,residential,436812.9,22860562.0,302860,Investor Owned,2024
17600813,BGE,MD,residential,564554.0,29924907.0,585681,Investor Owned,2024
17616172,WASHINGTON GAS LIGHT COMPANY,MD,residential,348608.1,27119750.0,421761,Investor Owned,2024
17616232,COLUMBIA GAS OF MARYLAND,MD,residential,34923.7,1943476.0,30251,Investor Owned,2024
17617870,UGI CENTRAL PENN GAS INC,MD,residential,243.6,33726.0,470,Investor Owned,2024
17619896,EASTON UTILITIES COMMISSION,MD,residential,3075.2,205681.0,4222,Municipally Owned,2024
17650217,CHESAPEAKE UTILITIES CORPORATION,MD,residential,9583.0,496956.0,12193,Investor Owned,2024
17676361,SANDPIPER ENERGY,MD,residential,7669.5,240197.0,10136,Investor Owned,2024
17680320,ELKTON GAS COMPANY,MD,residential,3382.0,245595.0,6223,Investor Owned,2024
17617891,NORTHERN UTILITIES DBA UNITIL CORP,ME,residential,30061.6,1502470.0,25526,Unknown,2024
17676620,SUMMIT NATURAL GAS OF MAINE INC,ME,residential,7772.4,332625.0,4682,Investor Owned,2024
17695252,BANGOR GAS COMPANY LLC,ME,residential,8606.0,752724.0,7042,Privately Owned,2024
17698117,MAINE NATURAL GAS CORP,ME,residential,9633.7,371959.0,5739,Investor Owned,2024
17600915,NORTHERN STATES POWER COMPANY,MI,residential,4421.0,400728.0,5131,Investor Owned,2024
17602431,CITIZENS GAS FUEL CO,MI,residential,11062.9,1176580.0,16539,Investor Owned,2024
17609429,MICHIGAN GAS UTILITIES CO,MI,residential,98507.3,10943477.0,153830,Investor Owned,2024
17609432,DTE GAS COMPANY,MI,residential,1047828.3,93841564.0,1163445,Unknown,2024
17616600,UPPER MICHIGAN ENERGY RESOURCES CORP,MI,residential,2092.1,373608.0,4917,Investor Owned,2024
17617183,CONSUMERS ENERGY COMPANY,MI,residential,1470123.3,134079972.0,1690261,Investor Owned,2024
17680223,SEMCO ENERGY GAS COMPANY,MI,residential,188449.4,21713509.0,279172,Investor Owned,2024
17695322,PRESQUE ISLE E AND G COOP,MI,residential,10663.9,821887.0,12835,Cooperative,2024
17600492,ARGYLE CITY OF,MN,residential,209.2,16980.0,222,Municipally Owned,2024
17600697,AUSTIN UTILITIES,MN,residential,6552.6,651215.0,9601,Municipally Owned,2024
17602373,CENTENNIAL UTIL DBA CIRCLE PINES UTI,MN,residential,2115.9,201184.0,3162,Municipally Owned,2024
17603654,DULUTH CITY OF,MN,residential,19019.5,2396659.0,33525,Municipally Owned,2024
17605402,HALLOCK CITY OF,MN,residential,274.9,27453.0,405,Municipally Owned,2024
17605607,HAWLEY CITY OF,MN,residential,414.8,42246.0,672,Municipally Owned,2024
17606251,HUTCHINSON UTILITIES COMMISSION,MN,residential,3526.9,367176.0,5463,Municipally Owned,2024
17608124,LAKE PARK PUBLIC UTILITIES,MN,residential,250.3,19228.0,324,Municipally Owned,2024
17609925,OWATONNA PUB UTIL,MN,residential,7688.6,680200.0,10032,Municipally Owned,2024
17610197,NEW YORK MILLS MUN GAS SYS,MN,residential,404.6,40847.0,475,Municipally Owned,2024
17610336,NORTHERN STATES POWER COMPANY,MN,residential,338717.5,32525283.0,454012,Investor Owned,2024
17610948,PERHAM CITY OF,MN,residential,1884.6,232967.0,3364,Municipally Owned,2024
17611463,NEW ULM PUB UTIL COMM,MN,residential,3229.5,345306.0,5721,Municipally Owned,2024
17613952,TWO HARBORS CITY OF,MN,residential,1085.5,136395.0,1661,Municipally Owned,2024
17614329,VIRGINIA PUBLIC UTILITIES,MN,residential,2622.7,254283.0,2756,Municipally Owned,2024
17617865,HIBBING PUBLIC UTILITIES,MN,residential,3367.3,370223.0,4779,Municipally Owned,2024
17617908,WARREN CITY OF,MN,residential,404.3,47360.0,591,Municipally Owned,2024
17618270,COMMUNITY UTIL CO,MN,residential,746.4,50936.0,728,Privately Owned,2024
17619749,GREAT PLAINS NATURAL GAS CO,MN,residential,12341.1,1231149.0,19433,Investor Owned,2024
17622739,CENTERPOINT ENERGY,MN,residential,692794.6,61805541.0,853173,Investor Owned,2024
17671150,EAGLE BENDCLARISSA GAS UTIL,MN,residential,273.2,68841.0,511,Municipally Owned,2024
17674420,ROUND LAKE CITY OF,MN,residential,108.6,9978.0,178,Municipally Owned,2024
17674428,HENNING CITY OF,MN,residential,301.3,26386.0,436,Municipally Owned,2024
17674465,GOODHUE CITY OF,MN,residential,364.1,27831.0,459,Municipally Owned,2024
17674466,FAIRFAX CITY OF,MN,residential,426.4,42116.0,717,Municipally Owned,2024
17676012,MINNESOTA ENERGY RESOURCES CORP,MN,residential,147903.6,15630546.0,226646,Investor Owned,2024
17678275,COMMUNITY COOPS OF LAKE PARK,MN,residential,1242.8,95602.0,1113,Cooperative,2024
17678321,UNITED NATURAL GAS LLC,MN,residential,317.7,22518.0,417,Cooperative,2024
17678420,DOOLEYS NATURAL GAS,MN,residential,1339.4,91689.0,1595,Privately Owned,2024
17678826,LAKE REGION ENERGY SERVICES,MN,residential,891.7,61573.0,1094,Privately Owned,2024
17679560,AGRINATURAL GAS LLC,MN,residential,468.8,43325.0,717,Privately Owned,2024
17680530,PAUL BUNYAN NATURAL GAS LLC,MN,residential,465.1,38082.0,662,Privately Owned,2024
17680880,CITY OF MORGAN,MN,residential,243.1,22336.0,310,Municipally Owned,2024
17695248,ARCHER DANIELS MIDLAND CO,MN,residential,4.3,899.0,7,Privately Owned,2024
17695274,GREATER MINNESOTA GAS INC,MN,residential,8161.4,709705.0,9925,Privately Owned,2024
17695298,TYLER CITY OF,MN,residential,279.2,39010.0,433,Municipally Owned,2024
17695306,CLEARBROOK MUNICIPAL GAS CITY OF,MN,residential,87.8,11771.0,178,Municipally Owned,2024
17695312,COHASSET CITY OF,MN,residential,1013.3,111895.0,1408,Municipally Owned,2024
17695314,RANDALL CITY OF,MN,residential,160.5,18218.0,251,Municipally Owned,2024
17695328,BAGLEY PUBLIC UTILITIES,MN,residential,300.6,32806.0,504,Municipally Owned,2024
17696521,FOSSTON MUNICIPAL GAS CITY OF,MN,residential,384.5,35390.0,495,Municipally Owned,2024
17696808,N W NATURAL GAS OF MURRAY CTY,MN,residential,935.8,81313.0,1373,Privately Owned,2024
17696809,NORTHWEST NATURAL GAS LLC,MN,residential,1243.1,116321.0,1850,Privately Owned,2024
17698924,NORTHWEST GAS OF CASS COUNTY,MN,residential,2020.7,171594.0,2219,Privately Owned,2024
17601100,BERNIE CITY OF,MO,residential,605.4,37039.0,686,Municipally Owned,2024
17601123,CITY OF CLARENCE,MO,residential,107.0,5513.0,118,Municipally Owned,2024
17601131,BETHANY CITY OF,MO,residential,838.1,68578.0,1335,Municipally Owned,2024
17602900,AMEREN MISSOURI,MO,residential,89698.4,6085721.0,123051,Investor Owned,2024
17605109,GRANBY CITY OF,MO,residential,430.7,27781.0,569,Municipally Owned,2024
17605127,CITY OF GRANT CITY MISSOURI,MO,residential,146.3,15049.0,239,Municipally Owned,2024
17608776,MACON MUNICIPAL UTILITIES,MO,residential,903.9,98867.0,1974,Municipally Owned,2024
17610975,PERRYVILLE CITY OF,MO,residential,1354.4,115368.0,2724,Municipally Owned,2024
17611216,PLATTSBURG CITY OF,MO,residential,1184.4,57792.0,986,Municipally Owned,2024
17612845,SPRINGFIELD CITY UTILS,MO,residential,46356.0,4395736.0,76496,Municipally Owned,2024
17612872,STANBERRY CITY OF,MO,residential,279.6,24712.0,431,Municipally Owned,2024
17616572,SPIRE MISSOURI INC,MO,residential,1212626.7,68137551.0,1135056,Investor Owned,2024
17617878,MONROE CITY GAS DEPT,MO,residential,525.5,48684.0,930,Municipally Owned,2024
17617881,PARIS CITY OF,MO,residential,300.3,26506.0,466,Municipally Owned,2024
17618624,CITY OF FULTON,MO,residential,3119.1,240479.0,3349,Municipally Owned,2024
17618625,MONTGOMERY CITY GAS CO,MO,residential,395.0,32246.0,696,Municipally Owned,2024
17619906,POTOSI CITY OF,MO,residential,436.0,30694.0,751,Municipally Owned,2024
17629014,MADISON CITY OF,MO,residential,113.3,6841.0,155,Municipally Owned,2024
17629016,ALBANY MUN GAS SYS,MO,residential,399.9,40856.0,684,Municipally Owned,2024
17629027,PERRY MUNICIPAL GAS SYSTEM,MO,residential,208.7,14192.0,289,Municipally Owned,2024
17629036,UNIONVILLE MUNICIPAL NATURAL GAS SYS,MO,residential,526.6,43879.0,721,Municipally Owned,2024
17629046,PRINCETON MUNICIPAL NATURAL GAS SYS,MO,residential,280.0,20883.0,419,Municipally Owned,2024
17629047,SHELBINA CITY OF,MO,residential,507.6,35770.0,651,Municipally Owned,2024
17629300,FROHNA CITY OF,MO,residential,164.4,14090.0,244,Municipally Owned,2024
17629301,BISMARCK CITY OF,MO,residential,173.3,12668.0,297,Municipally Owned,2024
17629303,HERMANN MUN GAS SYSTEM,MO,residential,580.2,32800.0,696,Municipally Owned,2024
17629304,BERGER NATURAL GAS,MO,residential,55.4,3824.0,65,Municipally Owned,2024
17629305,MIDDLETOWN MUN GAS SYSTEM,MO,residential,29.3,2430.0,50,Municipally Owned,2024
17629306,NEW FLORENCE MUNICIPAL GAS,MO,residential,67.5,6064.0,162,Municipally Owned,2024
17629307,NEW HAVEN CITY NATURAL GAS SYSTEM,MO,residential,289.3,23860.0,520,Municipally Owned,2024
17629309,MERCER MUNICIPAL NATURAL GAS SYSTEM,MO,residential,57.8,4215.0,81,Municipally Owned,2024
17629310,GREEN CITY MUNICIPAL NATURAL GAS SYS,MO,residential,128.4,10382.0,178,Municipally Owned,2024
17629311,LIBERAL MUNICIPAL NATURAL GAS SYSTEM,MO,residential,217.7,11216.0,226,Municipally Owned,2024
17629312,MILAN MUNICIPAL NATURAL GAS SYSTEM,MO,residential,431.9,38443.0,633,Municipally Owned,2024
17672421,EMPIRE DISTRICT GAS,MO,residential,25568.2,1942140.0,37998,Investor Owned,2024
17675802,LIBERTY ENERGY DBA LIBERTY UTILITIES,MO,residential,31642.0,2738415.0,46032,Investor Owned,2024
17676062,SUMMIT NATURAL GAS,MO,residential,14647.7,642764.0,15828,Investor Owned,2024
17681218,KENNETT BOARD OF PUBLIC WORKS,MO,residential,2086.9,137961.0,3128,Municipally Owned,2024
17695288,CITY OF CUBA NATURAL GAS,MO,residential,341.1,49578.0,789,Municipally Owned,2024
17695470,RICHLAND CITY OF,MO,residential,230.5,11654.0,259,Municipally Owned,2024
17695472,ST JAMES MUN UTIL,MO,residential,630.0,32888.0,846,Municipally Owned,2024
17695476,WHEATON CITY OF,MO,residential,105.0,7088.0,167,Municipally Owned,2024
17696304,WAYNESVILLE TOWN OF,MO,residential,381.8,15115.0,795,Municipally Owned,2024
17600175,BEAUMONT TOWN OF,MS,residential,57.8,2475.0,116,Municipally Owned,2024
17600182,DUCK HILL NATURAL GAS SYSTEM,MS,residential,252.0,26004.0,496,Municipally Owned,2024
17600588,ASHLAND TOWN OF,MS,residential,300.2,29425.0,651,Municipally Owned,2024
17600803,BALDWYN MUN GAS SYS,MS,residential,584.0,62819.0,1320,Municipally Owned,2024
17600908,BATESVILLE CITY OF,MS,residential,670.6,51547.0,1640,Municipally Owned,2024
17600937,BAY ST LOUIS CITY OF,MS,residential,364.4,16500.0,983,Municipally Owned,2024
17600938,BAY SPRINGS CITY OF,MS,residential,168.3,23218.0,473,Municipally Owned,2024
17601370,BOONEVILLE MUNICIPAL GAS,MS,residential,2479.9,164544.0,4569,Municipally Owned,2024
17601826,BYHALIA TOWN OF,MS,residential,513.6,49612.0,940,Municipally Owned,2024
17602056,CANTON MUNICIPAL UTILITIES CMU,MS,residential,1039.0,190395.0,3925,Municipally Owned,2024
17602193,CENTREVILLE TOWN OF,MS,residential,114.0,7727.0,207,Municipally Owned,2024
17602262,CHICKASAWHAY NAT GAS,MS,residential,1044.4,97217.0,2895,Municipally Owned,2024
17603000,CORINTH CITY OF GAS AND WATER,MS,residential,2488.1,276282.0,6728,Municipally Owned,2024
17604635,FULTON MUNICIPAL GAS SYS,MS,residential,621.0,66939.0,2024,Municipally Owned,2024
17605014,GLOSTER TOWN OF,MS,residential,64.7,3416.0,163,Municipally Owned,2024
17606428,IUKA GAS SYS,MS,residential,821.2,55903.0,1334,Municipally Owned,2024
17608445,LIBERTY TOWN OF,MS,residential,160.3,7679.0,158,Municipally Owned,2024
17611568,RIPLEY CITY OF,MS,residential,1744.4,182435.0,4597,Municipally Owned,2024
17612215,SHANNON TOWN OF,MS,residential,351.3,29009.0,695,Municipally Owned,2024
17614291,CITY OF VICKSBURG,MS,residential,2080.6,197867.0,4059,Municipally Owned,2024
17614658,WAVELAND CITY OF,MS,residential,124.8,5460.0,387,Municipally Owned,2024
17614934,SPIRE ENERGY,MS,residential,8730.1,590944.0,15268,Investor Owned,2024
17615102,WOODVILLE TOWN OF,MS,residential,165.9,13411.0,411,Municipally Owned,2024
17616555,CENTERPOINT ENERGY ENTEX,MS,residential,70489.7,5042185.0,122363,Investor Owned,2024
17617909,PICAYUNE CITY OF,MS,residential,511.1,28428.0,1450,Municipally Owned,2024
17619687,ATMOS ENERGY CORPORATION,MS,residential,192289.3,11374857.0,227542,Investor Owned,2024
17619702,WALNUT GROVE TOWN OF,MS,residential,251.5,14099.0,324,Municipally Owned,2024
17619898,TISHOMINGO CITY OF,MS,residential,200.0,20959.0,467,Municipally Owned,2024
17621923,SENATOBIA CITY OF,MS,residential,698.9,61486.0,1383,Municipally Owned,2024
17622149,MRG MANAGEMENT LLC,MS,residential,989.1,40008.0,993,Municipally Owned,2024
17622723,PONTOTOC CITY OF,MS,residential,2613.3,304206.0,8027,Municipally Owned,2024
17628002,METCALFE NAT GAS SYS,MS,residential,388.4,8394.0,389,Municipally Owned,2024
17628038,UTICA TOWN OF,MS,residential,79.8,4967.0,215,Municipally Owned,2024
17672221,OAKLAND YALOBUSHA NATURAL GAS DIST,MS,residential,142.3,6091.0,215,Municipally Owned,2024
17674474,KILMICHAEL NATURAL GAS,MS,residential,128.1,7920.0,191,Municipally Owned,2024
17674475,BELMONT NATURAL GAS TOWN OF,MS,residential,487.8,61181.0,1576,Municipally Owned,2024
17677151,SOUTHEAST LLC,MS,residential,176.3,11399.0,361,Investor Owned,2024
17695234,BURNSVILLE GAS CO,MS,residential,43.7,4147.0,142,Privately Owned,2024
17695296,NORTHEAST MS NATURAL GAS DISTRICT,MS,residential,1585.6,96933.0,2982,Municipally Owned,2024
17695302,CALEDONIA NATURAL GAS DIST,MS,residential,1592.1,64395.0,2114,Municipally Owned,2024
17695304,RIENZI MUNCIPAL GAS CITY OF,MS,residential,158.3,12177.0,280,Municipally Owned,2024
17603147,CUT BANK GAS CO,MT,residential,829.5,102269.0,1267,Privately Owned,2024
17605164,ENERGY WEST MONTANA INC,MT,residential,13112.7,1969750.0,27210,Privately Owned,2024
17609755,NORTHWESTERN ENERGY,MT,residential,112547.5,13385390.0,185625,Investor Owned,2024
17611861,SACO MUNICIPAL GAS SVC,MT,residential,75.6,15361.0,133,Municipally Owned,2024
17612243,SHELBY GAS ASSOCIATION,MT,residential,1006.8,93757.0,1141,Cooperative,2024
17627001,MONTANA DAKOTA UTILITIES CO,MT,residential,44438.1,5416979.0,79126,Investor Owned,2024
17674356,ENERGY WEST WEST YELLOWSTONE,MT,residential,568.8,21207.0,437,Privately Owned,2024
17601117,BESSEMER CITY OF,NC,residential,667.4,38332.0,844,Municipally Owned,2024
17605222,GREENVILLE UTILITIES COMMISSION,NC,residential,14949.9,792632.0,22601,Municipally Owned,2024
17606920,KINGS MOUNTAIN CITY OF,NC,residential,1687.4,131205.0,3532,Municipally Owned,2024
17608423,LEXINGTON CITY OF,NC,residential,5710.8,349939.0,8706,Municipally Owned,2024
17609733,MONROE CITY OF,NC,residential,7399.4,483048.0,11982,Municipally Owned,2024
17611460,PUBLIC SVC CO OF NORTH CAROLINA,NC,residential,418962.6,29166403.0,608121,Investor Owned,2024
17611666,ROCKY MOUNT CITY OF,NC,residential,12713.0,650540.0,15414,Municipally Owned,2024
17612244,SHELBY CITY OF,NC,residential,4074.3,310124.0,8428,Municipally Owned,2024
17614947,WILSON ENERGY,NC,residential,10214.2,518120.0,12554,Municipally Owned,2024
17694412,TOCCOA NATURAL GAS SYSTEM,NC,residential,235.2,21275.0,520,Municipally Owned,2024
17695260,FRONTIER NATURAL GAS,NC,residential,1850.2,153039.0,3260,Unknown,2024
17699051,PIEDMONT NATURAL GAS,NC,residential,650883.6,36162353.0,748391,Investor Owned,2024
17619015,NORTHERN STATES POWER COMPANY,ND,residential,32732.6,3687405.0,54579,Investor Owned,2024
17619909,GREAT PLAINS NATURAL GAS CO,ND,residential,762.6,109383.0,1942,Investor Owned,2024
17627002,MONTANA DAKOTA UTILITIES CO,ND,residential,70266.3,7755324.0,100813,Investor Owned,2024
17650826,PORTAL MUN GAS,ND,residential,39.4,5887.0,50,Municipally Owned,2024
17680505,DAKOTA NATURAL GAS LLC,ND,residential,697.7,66053.0,1227,Privately Owned,2024
17600238,ALMA NAT GAS CO CITY OF,NE,residential,320.4,22199.0,422,Municipally Owned,2024
17602153,CENTRAL CITY GAS DEPT,NE,residential,659.5,68409.0,1044,Municipally Owned,2024
17605578,HASTINGS CITY OF,NE,residential,3889.0,572990.0,9438,Municipally Owned,2024
17609407,METROPOLITAN UTILITIES DIST OF OMAHA,NE,residential,114636.4,14618665.0,226545,Municipally Owned,2024
17610109,NEBRASKA CITY UTILITIES,NE,residential,2054.4,226271.0,3953,Municipally Owned,2024
17610354,NORTHWESTERN ENERGY,NE,residential,21205.3,2293803.0,38137,Investor Owned,2024
17610855,PENDER VILLAGE OF,NE,residential,296.7,28375.0,462,Municipally Owned,2024
17611267,PONCA PUBLIC UTILITIES,NE,residential,252.9,16927.0,295,Municipally Owned,2024
17613089,STROMSBURG CITY OF,NE,residential,392.5,23673.0,446,Municipally Owned,2024
17617233,SUPERIOR CITY OF,NE,residential,867.4,48165.0,868,Municipally Owned,2024
17619692,LYONS CITY OF,NE,residential,295.5,26638.0,388,Municipally Owned,2024
17631004,BLACK HILLS ENERGY,NE,residential,158151.0,10461070.0,193423,Investor Owned,2024
17650920,MIDAMERICAN ENERGY COMPANY,NE,residential,1783.8,189598.0,4037,Investor Owned,2024
17692115,WAHOO CITY OF,NE,residential,1035.8,81783.0,1491,Municipally Owned,2024
17695282,SCRIBNER MUNICIPAL GAS,NE,residential,350.1,19094.0,317,Municipally Owned,2024
17695300,WISNER CITY OF,NE,residential,334.8,23338.0,404,Municipally Owned,2024
17695316,FREMONT DEPT OF UTILITIES,NE,residential,4595.6,554106.0,9872,Municipally Owned,2024
17695324,STUART GAS CO,NE,residential,175.3,13054.0,236,Municipally Owned,2024
17600223,NORTHERN UTILITIES INC,NH,residential,36571.3,1661947.0,30067,Investor Owned,2024
17675803,LIBERTY UTILITIES DBA ENERGY NORTH,NH,residential,92928.0,5248062.0,86625,Investor Owned,2024
17610087,NEW JERSEY NATURAL GAS,NJ,residential,719333.2,42464558.0,531216,Investor Owned,2024
17611456,PUBLIC SERVICE ELECTRIC & GAS CO,NJ,residential,1408913.1,128014341.0,1570234,Investor Owned,2024
17612684,SOUTH JERSEY GAS COMPANY,NJ,residential,435902.9,23404044.0,383028,Privately Owned,2024
17672173,PIVOTAL UTIL HOLDINGS INC DBA ELIZAB,NJ,residential,280688.7,21415322.0,288249,Investor Owned,2024
17603381,DEMING GAS SYS,NM,residential,1406.2,184953.0,5688,Municipally Owned,2024
17608222,LAS CRUCES MUN GAS,NM,residential,14845.0,1558821.0,42646,Municipally Owned,2024
17608612,LORDSBURG CITY OF,NM,residential,255.1,27200.0,743,Municipally Owned,2024
17610099,NAVAJO TRIBAL UTILITY AUTHORITY,NM,residential,1295.4,133918.0,2994,Cooperative,2024
17612625,SOCORRO CITY OF,NM,residential,1842.4,121671.0,2793,Municipally Owned,2024
17617851,RATON NATURAL GAS,NM,residential,2301.0,200453.0,2659,Privately Owned,2024
17617861,EMW GAS ASSN,NM,residential,4117.8,325583.0,5422,Municipally Owned,2024
17619688,CORONA VILLAGE OF,NM,residential,46.8,4432.0,67,Municipally Owned,2024
17619722,EASTERN NEW MEXICO NAT GAS,NM,residential,466.4,33062.0,813,Municipally Owned,2024
17635010,LAS VEGAS NAT GAS DEPT CITY OF,NM,residential,2416.7,266068.0,4783,Municipally Owned,2024
17635011,INCORPORATED COUNTY OF NEW MEXICO,NM,residential,5285.1,530514.0,7049,Municipally Owned,2024
17635019,ZIA NATURAL GAS,NM,residential,22212.0,1737091.0,36250,Privately Owned,2024
17635026,WAGON MOUND GAS SYS,NM,residential,30.7,3572.0,72,Municipally Owned,2024
17673850,NEW MEXICO GAS COMPANY,NM,residential,267612.4,30676080.0,507333,Investor Owned,2024
17612364,SIERRA PACIFIC POWER COMPANY,NV,residential,119893.3,10158038.0,168313,Privately Owned,2024
17616577,SOUTHWEST GAS CORPORATION,NV,residential,703509.1,33907719.0,798397,Investor Owned,2024
17600910,BATH ELECTRIC GAS AND WATER SYSTEMS,NY,residential,1088.5,128800.0,1878,Municipally Owned,2024
17601565,BROOKLYN UNION GAS DBA NATIONAL GRID,NY,residential,1596278.3,84613638.0,1161270,Investor Owned,2024
17602168,CENTRAL HUDSON GAS & ELECTRIC,NY,residential,109494.0,4808075.0,73174,Investor Owned,2024
17602810,CONSOLIDATED EDISON NEW YORK INC,NY,residential,1175479.8,47082152.0,882216,Investor Owned,2024
17602998,CORNING NAT GAS CORP,NY,residential,11997.4,1095679.0,13825,Privately Owned,2024
17604278,FILLMORE GAS CO,NY,residential,951.5,111539.0,1197,Privately Owned,2024
17610199,NEW YORK STATE ELEC AND GAS CORP,NY,residential,218946.5,18356371.0,230502,Privately Owned,2024
17610204,NIAGARA MOHAWK DBA NATIONAL GRID,NY,residential,480256.5,42026632.0,566677,Investor Owned,2024
17610536,ORANGE & ROCKLAND UTILITIES INC,NY,residential,165946.6,10445790.0,127601,Investor Owned,2024
17610895,NATIONAL FUEL GAS DIST NY,NY,residential,364246.8,41480827.0,483915,Investor Owned,2024
17611453,RESERVE GAS COMPANY INC,NY,residential,565.8,61329.0,773,Investor Owned,2024
17611639,ROCHESTER GAS AND ELEC CORP,NY,residential,240316.8,22315586.0,290811,Privately Owned,2024
17611894,LIBERTY UTILITIES-ST LAWRENCE GAS,NY,residential,16813.8,1321623.0,15266,Investor Owned,2024
17614659,VALLEY ENERGY,NY,residential,1469.3,149928.0,1810,Investor Owned,2024
17617823,KEYSPAN ENERGY DBA NATIONAL GRID NY,NY,residential,860151.2,48944479.0,529100,Investor Owned,2024
17672370,N E A CROSS OF NEW YORK INC,NY,residential,613.0,67524.0,795,Privately Owned,2024
17674365,CHAUTAUQUA UTILITIES INC,NY,residential,175.7,24786.0,360,Privately Owned,2024
17600529,ARLINGTON NAT GAS CO,OH,residential,1405.3,111978.0,1668,Investor Owned,2024
17600530,EASTERN NATURAL GAS,OH,residential,2332.6,615408.0,6303,Privately Owned,2024
17602369,DUKE ENERGY OHIO,OH,residential,179678.4,10552465.0,186657,Investor Owned,2024
17605422,HAMILTON CITY OF,OH,residential,10786.6,1236363.0,21914,Municipally Owned,2024
17608173,LANCASTER MUNICIPAL GAS,OH,residential,8462.6,796275.0,14930,Municipally Owned,2024
17610051,NATIONAL GAS AND OIL COOPERATIVE,OH,residential,29940.1,2015592.0,35206,Cooperative,2024
17610436,OHIO CUMBERLAND GAS CO,OH,residential,1269.4,170708.0,2185,Privately Owned,2024
17612249,SHELDON GAS CO,OH,residential,1109.2,87314.0,1234,Privately Owned,2024
17614283,VILLAGE OF VERONA,OH,residential,38.0,11177.0,228,Municipally Owned,2024
17614637,WATERVILLE GAS AND OIL CO,OH,residential,5660.9,640346.0,8022,Privately Owned,2024
17616235,COLUMBIA GAS OF OHIO,OH,residential,111173.2,7553112.0,115117,Investor Owned,2024
17616580,PIKE NATURAL GAS CO,OH,residential,1304.5,383317.0,6827,Privately Owned,2024
17619820,SUBURBAN NATURAL GAS COMPANY,OH,residential,16008.5,1280107.0,19225,Privately Owned,2024
17639005,OHIO VALLEY GAS CORP,OH,residential,480.1,37832.0,608,Investor Owned,2024
17639015,GLENWOOD ENERGY OF OXFORD INC,OH,residential,3317.0,213739.0,4052,Privately Owned,2024
17639018,NGO DEVELOPMENT CORPORATION,OH,residential,3.2,387.0,4,Privately Owned,2024
17639033,FORAKER GAS CO  INC,OH,residential,313.3,33169.0,388,Privately Owned,2024
17639037,THE SWICKARD GAS CO,OH,residential,289.5,21849.0,358,Privately Owned,2024
17670317,EAST OHIO GAS COMP DOMINION EAST OH,OH,residential,74559.7,7494286.0,82814,Investor Owned,2024
17672174,PIEDMONT GAS COMPANY,OH,residential,1396.8,198161.0,2040,Privately Owned,2024
17673292,KNOX ENERGY COOPERATIVE ASSOCIATION,OH,residential,8663.9,1559408.0,20705,Cooperative,2024
17674368,MADISON ENERGY COOPERATIVE ASSOC INC,OH,residential,1029.9,171237.0,2947,Cooperative,2024
17675550,DESHLER MUNICIPAL UTILITIES,OH,residential,396.9,39574.0,602,Municipally Owned,2024
17678220,VILLAGE ENERGY COOP ASSOC INC,OH,residential,615.2,114820.0,1831,Cooperative,2024
17694131,VECTREN ENERGY DELIVERY OF OHIO,OH,residential,9658.7,800021.0,11552,Investor Owned,2024
17695242,NORTHEAST OHIO NATURAL GAS,OH,residential,25608.2,2244109.0,28733,Unknown,2024
17695262,KNG ENERGY INC,OH,residential,1025.3,116514.0,1802,Investor Owned,2024
17695294,MCCOMB NATURAL GAS,OH,residential,300.3,31449.0,487,Municipally Owned,2024
17695318,CONSUMERS GAS COOP,OH,residential,9234.0,704905.0,8672,Cooperative,2024
17695334,COMMUNITY ENERGY RESOURCES COOP,OH,residential,1068.7,75470.0,1378,Cooperative,2024
17600184,FORT COBB FUEL AUTHORITY,OK,residential,3826.0,233557.0,3294,Privately Owned,2024
17601176,BILLINGS PWA,OK,residential,100.8,8496.0,127,Municipally Owned,2024
17601721,BURLINGTON TOWN OF,OK,residential,131.7,10000.0,76,Municipally Owned,2024
17601989,JAY UTILITIES AUTHORITY,OK,residential,580.5,29821.0,882,Municipally Owned,2024
17602565,CITY OF CLEVELAND,OK,residential,882.8,47322.0,1030,Municipally Owned,2024
17603050,COVINGTON TOWN OF,OK,residential,124.7,8274.0,189,Municipally Owned,2024
17603599,TALOGA TOWN OF,OK,residential,99.7,4384.0,106,Municipally Owned,2024
17603632,DRUMRIGHT GAS AUTHORITY,OK,residential,617.7,35950.0,848,Municipally Owned,2024
17604103,FAIRFAX TOWN OF,OK,residential,169.0,28546.0,522,Municipally Owned,2024
17604547,FREEDOM MUNICIPAL TRUST AUTHORITY,OK,residential,63.6,3092.0,88,Municipally Owned,2024
17605331,GUYMON MUN GAS CO,OK,residential,2849.4,184885.0,3173,Municipally Owned,2024
17605477,HARDESTY TOWN OF,OK,residential,42.2,5100.0,78,Municipally Owned,2024
17605573,HASKELL PUBLIC WORKS AUTHORITY,OK,residential,437.8,23325.0,668,Municipally Owned,2024
17606629,JONES TOWN OF,OK,residential,456.3,35215.0,674,Municipally Owned,2024
17608864,CITY OF MANNFORD,OK,residential,813.1,48082.0,1035,Municipally Owned,2024
17609926,PRYOR MUNICIPAL UTILITY BOARD,OK,residential,1465.1,157990.0,3356,Municipally Owned,2024
17610924,KIEFER PUBLIC WORKS AUTH,OK,residential,214.9,23560.0,480,Municipally Owned,2024
17611278,RAMONA PUBLIC WORKS AUTHORITY,OK,residential,337.4,17952.0,274,Municipally Owned,2024
17611572,RIPLEY PUBLIC WORKS AUTH,OK,residential,59.7,4149.0,102,Municipally Owned,2024
17612104,SEILING PUBLIC WORKS AUTHORITY,OK,residential,127.7,11065.0,261,Municipally Owned,2024
17614462,WAKITA UTILITIES AUTHORITY,OK,residential,86.4,4685.0,101,Municipally Owned,2024
17614521,WANN PUBLIC WORKS AUTHORITY,OK,residential,648.4,46483.0,555,Municipally Owned,2024
17614941,WILLOW TOWN OF,OK,residential,28.6,2655.0,51,Municipally Owned,2024
17616581,GRANITE TOWN OF,OK,residential,312.8,17907.0,389,Municipally Owned,2024
17617034,ARKANSAS OKLAHOMA GAS CORPORATION,OK,residential,9536.5,393564.0,10333,Privately Owned,2024
17617342,OKLAHOMA NATURAL GAS CO,OK,residential,650628.5,46718652.0,845292,Investor Owned,2024
17619803,CORN TOWN OF,OK,residential,85.6,6881.0,138,Municipally Owned,2024
17619814,KAW CITY CITY OF,OK,residential,86.3,9582.0,266,Municipally Owned,2024
17619816,CHOUTEAU PUBLIC WORKS AUTHORITY,OK,residential,475.0,37707.0,1044,Municipally Owned,2024
17619846,CASHION PUB WKS AUTH,OK,residential,120.4,12444.0,242,Municipally Owned,2024
17619860,GEARY UTILITY AUTHORITY,OK,residential,199.3,16476.0,323,Municipally Owned,2024
17620234,GROVE MUN SERVICES AUTHORITY,OK,residential,2530.1,233195.0,3533,Municipally Owned,2024
17620236,FAIRLAND GAS AUTHORITY,OK,residential,17.2,2180.0,344,Municipally Owned,2024
17620238,AFTON PUBLIC WORKS AUTHORITY,OK,residential,147.7,17720.0,232,Municipally Owned,2024
17630125,SUMMIT UTILITIES OKLAHOMA INC,OK,residential,57576.1,4025066.0,87297,Privately Owned,2024
17640030,WEST TEXAS GAS INC,OK,residential,1980.9,178766.0,3047,Investor Owned,2024
17640049,HULBERT PUB WKS AUTH,OK,residential,1168.8,53336.0,1546,Municipally Owned,2024
17640063,SPERRY UTILITY SERVICES AUTH,OK,residential,251.0,20588.0,422,Municipally Owned,2024
17640067,CHELSEA GAS AUTHORITY,OK,residential,1413.7,111033.0,2635,Municipally Owned,2024
17640069,MINCO GAS AUTH,OK,residential,266.9,22848.0,533,Municipally Owned,2024
17640070,NORTHEAST OK PUB FACILITIES AUTH,OK,residential,5079.1,450459.0,10755,Municipally Owned,2024
17640072,BURBANK PUBLIC WORKS,OK,residential,25.6,2580.0,43,Municipally Owned,2024
17640078,EAST CENTRAL OKLAHOMA GAS AUTH,OK,residential,270.1,15005.0,328,Municipally Owned,2024
17640086,TUTTLE PUBLIC WORKS AUTHORITY,OK,residential,1627.5,98302.0,1841,Municipally Owned,2024
17640087,VICI PUB WORK AUTH,OK,residential,101.7,7050.0,214,Municipally Owned,2024
17674417,HOOKER CITY OF,OK,residential,216.1,44529.0,699,Municipally Owned,2024
17674461,SLICK TOWN OF,OK,residential,41.2,2246.0,54,Municipally Owned,2024
17679361,ENABLE GATHERING AND PROCESSING,OK,residential,16.2,1155.0,7,Unknown,2024
17682196,GREENLIGHT GAS,OK,residential,53.9,3030.0,65,Privately Owned,2024
17695265,TEXAS OKLAHOMA GAS LLC,OK,residential,0.1,32.0,3,Privately Owned,2024
17601966,CASCADE NAT GAS CORP,OR,residential,65197.5,4712907.0,73680,Other,2024
17610351,NORTHWEST NATURAL GAS,OR,residential,566654.7,35547234.0,641232,Investor Owned,2024
17611125,AVISTA UTILITIES,OR,residential,73480.1,4649405.0,95006,Investor Owned,2024
17602300,CHAMBERSBURG BOROUGH OF,PA,residential,2680.3,319897.0,5836,Municipally Owned,2024
17603676,L AND J GAS CO,PA,residential,30.8,3140.0,52,Privately Owned,2024
17606697,KAIB AND KAIB,PA,residential,27.2,4625.0,46,Privately Owned,2024
17610278,NORTH EAST HEAT LT,PA,residential,1735.0,208312.0,2670,Investor Owned,2024
17610894,NATIONAL FUEL GAS DIST PA,PA,residential,142568.3,15156332.0,179569,Investor Owned,2024
17611080,PECO ENERGY COMPANY,PA,residential,428674.4,36791668.0,436841,Investor Owned,2024
17611082,PHILADELPHIA GAS WORKS,PA,residential,458063.9,27179543.0,451076,Municipally Owned,2024
17614088,UGI UTILITIES,PA,residential,554366.0,39677180.0,549149,Investor Owned,2024
17614188,C T ENTERPRISES - VALLEY ENTERPRISES,PA,residential,4526.3,502040.0,6486,Investor Owned,2024
17616236,COLUMBIA GAS OF PENNSYLVANIA,PA,residential,484665.9,24550422.0,360397,Unknown,2024
17617373,PIKE COUNTY LIGHT AND POWER,PA,residential,1610.9,95603.0,1301,Privately Owned,2024
17672375,SAR GAS,PA,residential,115.6,7609.0,192,Privately Owned,2024
17673291,KNOX ENERGY COOP ASSOCIATION INC,PA,residential,2075.5,371069.0,4830,Cooperative,2024
17674367,KEYSTONE COOPERATIVE ASSOCIATION INC,PA,residential,587.4,100499.0,1230,Cooperative,2024
17676166,EQT GATHERING,PA,residential,0.6,47.0,4,Unknown,2024
17678110,LEATHERSTOCKING GAS COMPANY LLC,PA,residential,594.5,29413.0,363,Privately Owned,2024
17696419,PEOPLES NATURAL GAS COMPANY,PA,residential,477660.3,42944324.0,569570,Investor Owned,2024
17681346,THE NARRAGANSETT ELECCO DBA RIENERGY,RI,residential,382337.0,17651010.0,253412,Investor Owned,2024
17601060,BENNETTSVILLE CITY OF,SC,residential,852.6,95159.0,2422,Municipally Owned,2024
17602228,CHESTER CTY NAT GAS AUTH,SC,residential,4626.2,330695.0,6841,Municipally Owned,2024
17604460,FOUNTAIN INN NATURAL GAS,SC,residential,6294.4,604592.0,12206,Municipally Owned,2024
17605216,GREENWOOD COMM OF PUB WKS,SC,residential,8408.6,680028.0,17120,Municipally Owned,2024
17605224,GREER COMMISSION OF PUBLIC WORKS,SC,residential,14945.6,869911.0,31208,Municipally Owned,2024
17608246,LAURENS COMMISSION OF PUBLIC WORKS,SC,residential,4746.2,269468.0,6610,Municipally Owned,2024
17610157,CLINTON NEWBERRY NAT GAS AUTHORITY,SC,residential,7063.3,615470.0,12010,Municipally Owned,2024
17610535,ORANGEBURG DEPT OF PUB UTIL,SC,residential,3953.3,290742.0,7075,Municipally Owned,2024
17612669,DOMINION ENERGY SOUTH CAROLINA INC,SC,residential,308941.0,14747797.0,431101,Investor Owned,2024
17613992,UNION CITY OF,SC,residential,3303.2,270568.0,5709,Municipally Owned,2024
17614999,WINNSBORO TOWN OF,SC,residential,1258.3,81651.0,1748,Municipally Owned,2024
17615203,YORK CTY NATURAL GAS AUTHORITY,SC,residential,46812.8,3314846.0,71103,Municipally Owned,2024
17616578,PIEDMONT NATURAL GAS,SC,residential,106798.6,7735877.0,154560,Investor Owned,2024
17617868,FORT HILL NAT GAS AUTH,SC,residential,28015.2,2108602.0,46459,Other,2024
17617874,LANCASTER CTY NAT GAS AUTHORITY,SC,residential,17532.5,1320550.0,29855,Municipally Owned,2024
17645021,BAMBERG BD OF PUB WORKS,SC,residential,751.9,31056.0,999,Municipally Owned,2024
17614635,WATERTOWN MUNICIPAL UTILITIES,SD,residential,5069.9,571594.0,9175,Municipally Owned,2024
17617833,NORTHWESTERN ENERGY,SD,residential,26884.3,2708981.0,43000,Investor Owned,2024
17627003,MONTANA DAKOTA UTILITIES CO,SD,residential,33450.7,3477167.0,58913,Investor Owned,2024
17650924,MIDAMERICAN ENERGY COMPANY,SD,residential,48497.6,5468010.0,100499,Investor Owned,2024
17695286,CROOKS MUNICIPAL GAS,SD,residential,479.0,46113.0,921,Municipally Owned,2024
17600178,HENNING TOWN OF,TN,residential,96.7,6149.0,186,Municipally Owned,2024
17600183,LORETTO CITY OF,TN,residential,537.6,44904.0,692,Municipally Owned,2024
17600619,ATHENS UTILITIES BOARD,TN,residential,2606.5,217585.0,5714,Municipally Owned,2024
17601034,BELLS GAS AND WATER,TN,residential,397.7,39808.0,638,Municipally Owned,2024
17601344,BOLIVAR CITY OF,TN,residential,1530.0,200875.0,4401,Municipally Owned,2024
17601605,BROWNSVILLE ENERGY AUTH,TN,residential,1750.4,207161.0,4432,Municipally Owned,2024
17602143,CENTERVILLE TOWN OF,TN,residential,1344.0,124106.0,2396,Municipally Owned,2024
17602364,CHATTANOOGA GAS CO,TN,residential,47331.5,3404242.0,62202,Unknown,2024
17602527,CLARKSVILLE GAS DEPT,TN,residential,9358.7,1066859.0,25476,Municipally Owned,2024
17602926,COOKEVILLE GAS DEPARTMENT,TN,residential,4806.0,352623.0,8643,Municipally Owned,2024
17603468,GREATER DICKSON GAS AUTHORITY,TN,residential,9442.0,783757.0,15803,Municipally Owned,2024
17603706,DYERSBURG GAS SYSTEM,TN,residential,2297.5,359165.0,6698,Municipally Owned,2024
17603898,ELK RIVER PUBLIC UTILITY DISTRICT,TN,residential,6425.6,729596.0,15706,Municipally Owned,2024
17603980,ENGLEWOOD UTILITIES,TN,residential,77.5,7835.0,224,Municipally Owned,2024
17604040,ETOWAH UTILITIES,TN,residential,571.0,60767.0,1998,Municipally Owned,2024
17604230,FAYETTEVILLE PUBLIC UTILITY GAS DEPT,TN,residential,3126.3,226961.0,5931,Municipally Owned,2024
17604296,MT PLEASANT GAS SYS,TN,residential,680.9,56525.0,1314,Municipally Owned,2024
17604769,GALLATIN NATURAL GAS SYSTEMS,TN,residential,7438.7,856318.0,13780,Municipally Owned,2024
17604940,GIBSON COUNTY UTILITY DISTRICT,TN,residential,7267.7,498503.0,9505,Municipally Owned,2024
17605407,HALLS MUNICIPAL GAS SYSTEM,TN,residential,485.9,55260.0,1229,Municipally Owned,2024
17605511,HARRIMAN UTILITY BOARD,TN,residential,1688.8,93164.0,3017,Municipally Owned,2024
17605690,HENDERSON CITY OF,TN,residential,1627.7,187159.0,4094,Municipally Owned,2024
17605893,HOHENWALD CITY OF,TN,residential,941.6,92359.0,2390,Municipally Owned,2024
17606199,HUMBOLDT UTILS,TN,residential,1631.7,149437.0,3032,Municipally Owned,2024
17606463,JACKSON ENERGY AUTHORITY,TN,residential,16924.0,1554466.0,28027,Municipally Owned,2024
17606507,JEFFERSON COCKE CO UTILITY DISTRICT,TN,residential,4415.5,286639.0,7460,Municipally Owned,2024
17606986,KNOXVILLE UTILITIES BOARD,TN,residential,60695.6,4906038.0,100035,Municipally Owned,2024
17608097,LAFAYETTE CITY OF,TN,residential,703.7,72851.0,1908,Municipally Owned,2024
17608121,LAKE COUNTY UTILITY DISTRICT,TN,residential,1249.6,75754.0,2009,Municipally Owned,2024
17608259,LAWRENCEBURG UTILITY SYSTEMS,TN,residential,2757.7,216814.0,5474,Municipally Owned,2024
17608292,LEBANON CITY OF,TN,residential,5158.1,473214.0,10355,Municipally Owned,2024
17608342,LENOIR CITY UTIL BD,TN,residential,2925.5,245908.0,6098,Municipally Owned,2024
17608374,LINDEN TOWN OF,TN,residential,665.3,48475.0,1448,Municipally Owned,2024
17608416,LEWISBURG GAS DEPT,TN,residential,1359.2,85481.0,2286,Municipally Owned,2024
17608521,LIVINGSTON TOWN OF,TN,residential,652.9,51958.0,1255,Municipally Owned,2024
17608530,LOBELVILLE CITY OF,TN,residential,160.1,9906.0,245,Municipally Owned,2024
17608623,LOUDON UTIL GAS DEPT,TN,residential,2082.6,180594.0,4492,Municipally Owned,2024
17608794,MADISONVILLE CITY OF,TN,residential,644.5,37658.0,1146,Municipally Owned,2024
17608981,MARTIN CITY OF,TN,residential,1008.9,92406.0,1798,Municipally Owned,2024
17609349,MEMPHIS LIGHT GAS AND WATER,TN,residential,124082.1,17846752.0,292004,Municipally Owned,2024
17609451,MIDDLE TENNESSEE UTIL DIST,TN,residential,29275.0,2797974.0,62640,Municipally Owned,2024
17610027,PIEDMONT NATURAL GAS,TN,residential,166432.6,10636300.0,186268,Investor Owned,2024
17610082,NAT GAS UTIL DIST HAWKINS CTY,TN,residential,3417.7,287178.0,6956,Municipally Owned,2024
17610156,NEWBERN GAS DEPT,TN,residential,901.2,65313.0,1541,Municipally Owned,2024
17610386,OAK RIDGE UTIL DISTRICT,TN,residential,6798.4,577142.0,13449,Municipally Owned,2024
17610395,OBION TOWN OF,TN,residential,215.1,15464.0,325,Municipally Owned,2024
17610716,PARIS-HENRY COUNTY UTIL DISTRICT,TN,residential,2775.4,281693.0,6781,Other,2024
17610755,PARSONS CITY OF,TN,residential,1652.6,142058.0,3426,Municipally Owned,2024
17611302,PORTLAND CITY OF,TN,residential,1868.8,229152.0,4834,Municipally Owned,2024
17611336,POWELL CLINCH UTILITY DISTRICT,TN,residential,9183.7,628798.0,15266,Municipally Owned,2024
17611467,PULASKI NATURAL GAS DEPT,TN,residential,1362.3,144987.0,3262,Municipally Owned,2024
17611570,RIPLEY CITY OF,TN,residential,1448.0,219903.0,4611,Municipally Owned,2024
17611664,ROCKWOOD GAS SYSTEMS,TN,residential,1498.8,88249.0,2580,Municipally Owned,2024
17611930,SAVANNAH CITY OF,TN,residential,1664.0,179432.0,5226,Municipally Owned,2024
17612118,SELMER PUBLIC WORKS,TN,residential,737.8,56767.0,1579,Municipally Owned,2024
17612173,SEVIER CTY UTIL DIST,TN,residential,5724.0,382801.0,10125,Municipally Owned,2024
17612606,SMYRNA NAT GAS SYS,TN,residential,3368.0,512894.0,10819,Municipally Owned,2024
17612654,SOMERVILLE TOWN OF,TN,residential,3764.7,536294.0,8081,Municipally Owned,2024
17612678,SOUTH FULTON CITY OF,TN,residential,438.2,29251.0,700,Municipally Owned,2024
17612694,MARION NATURAL GAS SYSTEM,TN,residential,633.1,62476.0,1671,Municipally Owned,2024
17612848,SPRINGFIELD GAS SYS,TN,residential,2972.4,399169.0,7742,Municipally Owned,2024
17613333,SWEETWATER UTILITIES BOARD,TN,residential,522.1,52055.0,1257,Municipally Owned,2024
17613863,TROY TOWN OF,TN,residential,102.9,8447.0,383,Municipally Owned,2024
17614078,ATMOS ENERGY CORPORATION,TN,residential,82566.5,7930634.0,144324,Investor Owned,2024
17614676,WAYNESBORO CITY OF,TN,residential,394.4,19209.0,594,Municipally Owned,2024
17614711,WEST TENNESSEE PUBLIC UTILITY DIST,TN,residential,7507.9,616117.0,13568,Other,2024
17616588,CITIZENS GAS UTIL DISTRICT,TN,residential,6008.7,483044.0,10491,Other,2024
17616589,COVINGTON CITY OF,TN,residential,1242.9,141627.0,2586,Municipally Owned,2024
17616590,CROCKETT PUBLIC UTILITY DIST,TN,residential,777.2,55651.0,877,Municipally Owned,2024
17617835,DUNLAP NAT GAS SYS,TN,residential,856.6,63457.0,1938,Municipally Owned,2024
17617839,PIKEVILLE CITY OF,TN,residential,406.0,30319.0,819,Municipally Owned,2024
17617907,LEXINGTON GAS SYSTEM,TN,residential,1315.3,387126.0,8475,Municipally Owned,2024
17618180,JAMESTOWN GAS SYSTEM TENNESSEE,TN,residential,1377.3,114915.0,2638,Municipally Owned,2024
17619815,UNICOI COUNTY UTILITY DISTRICT,TN,residential,2338.5,171635.0,3567,Municipally Owned,2024
17619824,CITY OF COLLINWOOD,TN,residential,130.4,11356.0,317,Municipally Owned,2024
17647037,HUMPHREYS COUNTY UTILITIES DIST,TN,residential,3065.2,255888.0,5814,Municipally Owned,2024
17647043,MUNFORD CITY OF,TN,residential,4631.5,402910.0,7215,Municipally Owned,2024
17647045,FIRST UTILITY DISTRICT TIPTON,TN,residential,1525.9,128610.0,2901,Municipally Owned,2024
17647047,MASON NATURAL GAS,TN,residential,195.4,13002.0,517,Municipally Owned,2024
17647093,ADAMSVILLE CITY OF,TN,residential,927.5,63947.0,1549,Municipally Owned,2024
17647094,FRIENDSHIP GAS DEPT,TN,residential,177.1,7677.0,227,Municipally Owned,2024
17647095,MAURY CITY GAS DEPT,TN,residential,401.9,26377.0,593,Municipally Owned,2024
17647096,HARDEMAN FAYETTE UTIL DIST,TN,residential,3737.8,394543.0,5387,Municipally Owned,2024
17647102,HORTON HWY UTIL DIST,TN,residential,4386.5,338016.0,4725,Municipally Owned,2024
17647104,RIDGETOP NATURAL GAS,TN,residential,413.9,34491.0,566,Municipally Owned,2024
17672626,NAVITAS UTILITY CORP,TN,residential,323.6,26883.0,446,Privately Owned,2024
17673340,VOLUNTEER ENERGY COOP,TN,residential,17.1,1054.0,29,Municipally Owned,2024
17674471,BEDFORD COUNTY UTILITY DISTRICT,TN,residential,248.5,14890.0,381,Municipally Owned,2024
17674484,CLIFTON GAS DEPT,TN,residential,142.7,8949.0,242,Municipally Owned,2024
17674485,ST JOSEPH CITY OF,TN,residential,92.6,6606.0,243,Municipally Owned,2024
17677550,MIDDLETON GAS DEPARTMENT CITY OF,TN,residential,113.2,13267.0,277,Municipally Owned,2024
17677765,RED BOILING SPRINGS CITY OF,TN,residential,151.6,12718.0,332,Municipally Owned,2024
17694411,POPLAR GROVE UTIL DIST,TN,residential,1925.1,219993.0,4298,Cooperative,2024
17694821,CLAIBORNE UTILITIES DISTRICT,TN,residential,430.5,27744.0,1027,Municipally Owned,2024
17695292,GALLAWAY CITY OF,TN,residential,102.7,5176.0,125,Municipally Owned,2024
17696318,COUNCE GAS CORP,TN,residential,33.7,3220.0,81,Privately Owned,2024
17600166,EASTON GAS SYS CITY OF,TX,residential,210.2,7131.0,260,Municipally Owned,2024
17600167,REKLAW NAT GAS SYS,TX,residential,599.9,28768.0,920,Municipally Owned,2024
17600254,ALTO CITY OF,TX,residential,346.1,14588.0,567,Municipally Owned,2024
17600475,ROCKPORT CITY OF,TX,residential,2129.0,63615.0,4210,Municipally Owned,2024
17600931,BAY CITY GAS CO,TX,residential,1737.0,78990.0,3671,Municipally Owned,2024
17601035,BELLVILLE CITY OF,TX,residential,301.1,27698.0,1213,Municipally Owned,2024
17601163,BIG LAKE CITY OF,TX,residential,360.1,19001.0,611,Municipally Owned,2024
17601308,GREY FOREST UTIL,TX,residential,17471.3,605361.0,17802,Municipally Owned,2024
17601489,BRAZORIA CITY OF,TX,residential,199.2,21722.0,745,Municipally Owned,2024
17601978,CARRIZO SPRINGS CITY OF,TX,residential,211.5,8920.0,539,Municipally Owned,2024
17602023,CASTROVILLE CITY OF,TX,residential,391.6,17042.0,832,Municipally Owned,2024
17602484,SAN ANTONIO PUB SVC BD,TX,residential,109773.4,9320063.0,371655,Municipally Owned,2024
17602703,COLUMBUS CITY OF,TX,residential,396.4,25106.0,1035,Municipally Owned,2024
17603003,CORPUS CHRISTI GAS DIV,TX,residential,7905.4,993068.0,55131,Municipally Owned,2024
17603657,DUMAS CITY OF,TX,residential,3164.6,289932.0,4491,Municipally Owned,2024
17603814,GOLDSMITH CITY OF,TX,residential,31.3,2951.0,87,Municipally Owned,2024
17603884,ELDORADO CITY OF,TX,residential,330.6,14524.0,437,Municipally Owned,2024
17604346,CITY OF WINONA,TX,residential,207.3,8183.0,584,Municipally Owned,2024
17605113,GRANDFALLS CITY OF,TX,residential,39.2,3067.0,63,Municipally Owned,2024
17605670,HEMPHILL CITY OF,TX,residential,84.0,6112.0,231,Municipally Owned,2024
17606229,HUNTINGTON CITY OF,TX,residential,242.5,12250.0,550,Municipally Owned,2024
17607010,KOUNTZE CITY OF,TX,residential,89.0,4065.0,197,Municipally Owned,2024
17608696,CHIRENO CITY OF,TX,residential,488.2,46867.0,1343,Municipally Owned,2024
17609289,MCLEAN CITY OF,TX,residential,196.2,22823.0,374,Municipally Owned,2024
17609850,MORTON CITY OF,TX,residential,312.6,30294.0,535,Municipally Owned,2024
17610196,NEWTON CITY OF,TX,residential,183.0,10301.0,430,Municipally Owned,2024
17610818,PEARSALL CITY OF,TX,residential,106.2,12362.0,707,Municipally Owned,2024
17611197,PLAINS CITY OF,TX,residential,178.8,17886.0,397,Municipally Owned,2024
17611298,RANKIN CITY OF,TX,residential,122.3,10743.0,235,Municipally Owned,2024
17611567,STARR COUNTY GAS SYSTEM,TX,residential,101.7,8474.0,1126,Municipally Owned,2024
17613031,STINNETT CITY OF,TX,residential,250.3,22614.0,365,Municipally Owned,2024
17613038,STOCKDALE CITY OF,TX,residential,132.3,4630.0,225,Municipally Owned,2024
17613235,SUNRAY UTIL CITY OF,TX,residential,433.5,34318.0,628,Municipally Owned,2024
17613547,DEL RIO GAS CITY OF,TX,residential,1436.8,60500.0,4024,Municipally Owned,2024
17614826,WHITEFACE CITY OF,TX,residential,79.3,7828.0,165,Municipally Owned,2024
17615103,WOODVILLE CITY OF,TX,residential,138.5,17018.0,622,Municipally Owned,2024
17616556,CENTERPOINT ENERGY ENTEX,TX,residential,961797.7,59874239.0,1812629,Investor Owned,2024
17616592,PINELAND CITY OF,TX,residential,107.3,3340.0,174,Municipally Owned,2024
17617462,TEXAS GAS SERVICE,TX,residential,405378.2,20459902.0,666587,Investor Owned,2024
17617849,SWEENY CITY OF,TX,residential,295.7,19621.0,917,Municipally Owned,2024
17617880,FALFURRIAS UTIL CITY OF,TX,residential,389.6,13568.0,909,Municipally Owned,2024
17619671,HEMPSTEAD CITY OF,TX,residential,395.0,26509.0,1019,Municipally Owned,2024
17619676,SEALY CITY OF,TX,residential,656.8,34442.0,1693,Municipally Owned,2024
17619679,MARIETTA CITY OF,TX,residential,165.0,7650.0,258,Municipally Owned,2024
17619684,DENVER CITY GAS SYSTEM,TX,residential,337.2,44054.0,1076,Municipally Owned,2024
17619689,CITY OF ALPINE GAS DEPARTMENT,TX,residential,858.7,52770.0,1640,Municipally Owned,2024
17619714,IRAAN CITY OF,TX,residential,185.6,17774.0,350,Municipally Owned,2024
17619715,BRENHAM CITY OF,TX,residential,1208.9,100187.0,4475,Municipally Owned,2024
17619717,UVALDE GAS SYSTEM,TX,residential,320.9,19480.0,1428,Municipally Owned,2024
17619734,GARRISON CITY OF,TX,residential,249.9,10553.0,195,Municipally Owned,2024
17619859,CITY OF SUNDOWN,TX,residential,223.8,17944.0,377,Municipally Owned,2024
17619914,NEW SUMMERFIELD CITY OF,TX,residential,255.7,21020.0,676,Municipally Owned,2024
17621901,GARY NATURAL GAS SYSTEM,TX,residential,567.8,32180.0,990,Municipally Owned,2024
17622143,D & H GAS CO,TX,residential,24.5,1741.0,93,Investor Owned,2024
17622701,APPLEBY NATURAL GAS,TX,residential,220.7,22496.0,502,Municipally Owned,2024
17630127,SUMMIT UTILITIES ARKANSAS INC,TX,residential,4861.3,550181.0,12713,Privately Owned,2024
17648039,CUSHING CITY OF,TX,residential,142.3,6500.0,237,Municipally Owned,2024
17648043,DILLEY CITY OF,TX,residential,64.3,4011.0,236,Municipally Owned,2024
17648056,GEORGE WEST CITY OF,TX,residential,88.3,3094.0,223,Municipally Owned,2024
17648073,MARKHAM GAS CORP,TX,residential,121.5,3925.0,224,Privately Owned,2024
17648088,PERRYTON CITY OF,TX,residential,1330.8,190086.0,2882,Municipally Owned,2024
17648098,SABINAL CITY OF,TX,residential,37.8,1904.0,186,Municipally Owned,2024
17648135,BOERNE UTIL CITY OF,TX,residential,2199.8,108140.0,3920,Municipally Owned,2024
17648137,COTULLA CITY OF,TX,residential,94.6,3698.0,451,Municipally Owned,2024
17648138,DAISETTA CITY OF,TX,residential,39.2,1369.0,66,Municipally Owned,2024
17648151,NAVASOTA CITY OF,TX,residential,997.7,60521.0,1923,Municipally Owned,2024
17648159,CITY OF SPUR,TX,residential,154.8,24936.0,176,Municipally Owned,2024
17648163,WALLER CITY OF,TX,residential,341.6,21496.0,785,Municipally Owned,2024
17648202,TOMBALL CITY OF,TX,residential,1407.0,110365.0,4006,Municipally Owned,2024
17648206,BRACKETTVILLE CITY OF,TX,residential,96.8,8519.0,165,Municipally Owned,2024
17648207,CHESTER GAS SYS,TX,residential,172.1,7620.0,210,Municipally Owned,2024
17648210,CITY OF HUXLEY,TX,residential,512.4,37004.0,988,Municipally Owned,2024
17648212,CITY OF RISING STAR,TX,residential,160.1,12470.0,154,Municipally Owned,2024
17648341,BOOKER CITY OF,TX,residential,278.0,31268.0,494,Municipally Owned,2024
17648453,GRUVER CITY OF,TX,residential,176.0,31615.0,489,Municipally Owned,2024
17648533,PLAINS GAS FARMERS COOP,TX,residential,3.7,780.0,14,Cooperative,2024
17671662,ATMOS ENERGY CORPORATION,TX,residential,1815459.9,87728495.0,1988833,Investor Owned,2024
17672321,TEXAS KANSAS OKLAHOMA GAS,TX,residential,13.5,4868.0,62,Privately Owned,2024
17673180,WEST TEXAS GAS INC,TX,residential,12558.0,1029730.0,19175,Investor Owned,2024
17674419,ONALASKA WATER AND GAS SUPPLY,TX,residential,347.1,14013.0,796,Privately Owned,2024
17674563,LDC LLC,TX,residential,1881.2,79408.0,1878,Investor Owned,2024
17678276,CORIX UTILITIES INC,TX,residential,118.0,5053.0,194,Investor Owned,2024
17678323,ETC KATY PIPELINE LTD,TX,residential,52.4,4706.0,1,Unknown,2024
17680420,CITY OF MARFA,TX,residential,651.0,27127.0,762,Municipally Owned,2024
17680422,CITY OF CROSS PLAINS,TX,residential,58.9,4597.0,198,Municipally Owned,2024
17680423,CITY OF BRADY,TX,residential,609.1,48130.0,1537,Municipally Owned,2024
17680630,TEXAS REPUBLIC UTILITY LLC,TX,residential,918.4,23110.0,1325,Investor Owned,2024
17682201,GREENLIGHT GAS LLC,TX,residential,1962.6,164402.0,3349,Privately Owned,2024
17682410,CITY OF STERLING CITY,TX,residential,78.1,5514.0,137,Municipally Owned,2024
17695338,SPLENDORA CITY OF,TX,residential,146.9,9878.0,455,Municipally Owned,2024
17695354,COSERV GAS LTD,TX,residential,115453.7,9114334.0,161041,Investor Owned,2024
17695364,EPCOR GAS TEXAS INC,TX,residential,6918.8,305046.0,6486,Privately Owned,2024
17695370,NATGAS  INC,TX,residential,369.8,33813.0,922,Privately Owned,2024
17695384,PORT ARANSAS CITY OF,TX,residential,684.5,46725.0,1854,Municipally Owned,2024
17695396,SIENERGY LP,TX,residential,15014.4,2733539.0,69585,Investor Owned,2024
17695402,T AND L GAS CO,TX,residential,176.7,8450.0,314,Privately Owned,2024
17695406,UNIVERSAL NATURAL GAS INC,TX,residential,21745.7,1217565.0,44376,Investor Owned,2024
17695456,ROCKIN M GAS LLC,TX,residential,830.6,38007.0,1591,Privately Owned,2024
17616302,QUESTAR GAS COMPANY,UT,residential,969771.1,73771015.0,1098483,Investor Owned,2024
17674369,NEPHI CITY GAS,UT,residential,2436.0,179478.0,2550,Municipally Owned,2024
17674414,MONA CITY OF,UT,residential,544.6,46589.0,637,Municipally Owned,2024
17695460,BLANDING CITY,UT,residential,1514.6,110864.0,1285,Municipally Owned,2024
17602341,CHARLOTTESVILLE CITY OF,VA,residential,11391.1,879443.0,18066,Municipally Owned,2024
17603225,DANVILLE CITY OF,VA,residential,7569.9,682528.0,13115,Municipally Owned,2024
17610991,COLUMBIA GAS OF VIRGINIA,VA,residential,246132.9,13120172.0,250156,Investor Owned,2024
17611517,RICHMOND CITY OF DEPT OF PUB UTIL,VA,residential,86811.9,5887619.0,109594,Municipally Owned,2024
17611603,ROANOKE GAS COMPANY,VA,residential,46588.4,3090353.0,57548,Investor Owned,2024
17612791,SOUTHWESTERN VIRGINIA GAS CO,VA,residential,1724.7,173934.0,3262,Privately Owned,2024
17619023,ATMOS ENERGY CORPORATION,VA,residential,11319.3,1036129.0,19195,Investor Owned,2024
17651010,VIRGINIA NAT GAS INC,VA,residential,258402.6,13925847.0,286905,Investor Owned,2024
17671254,WASHINGTON GAS LIGHT COMPANY,VA,residential,377289.0,29171272.0,475269,Investor Owned,2024
17673805,APPALACHIAN NATURAL GAS,VA,residential,785.7,80176.0,1432,Cooperative,2024
17618610,VERMONT GAS SYSTEMS INC,VT,residential,61363.5,3538577.0,49358,Investor Owned,2024
17602004,CASCADE NAT GAS CORP,WA,residential,196633.2,11279838.0,204837,Other,2024
17603907,ELLENSBURG CITY OF,WA,residential,4507.2,201362.0,3983,Municipally Owned,2024
17603995,ENUMCLAW CITY OF,WA,residential,4142.6,266234.0,4686,Municipally Owned,2024
17614608,PUGET SOUND ENERGY,WA,residential,621359.0,57373900.0,820952,Privately Owned,2024
17616582,NORTHWEST NATURAL GAS,WA,residential,73343.7,4942565.0,90244,Investor Owned,2024
17616595,AVISTA UTILITIES,WA,residential,174788.2,10453795.0,162745,Investor Owned,2024
17602462,CITY GAS CO,WI,residential,3704.9,406508.0,5117,Investor Owned,2024
17608791,MADISON GAS ELEC CO,WI,residential,115492.4,10130481.0,170454,Investor Owned,2024
17613293,SUPERIOR WATER LIGHT AND POWER CO,WI,residential,8755.0,855589.0,11784,Privately Owned,2024
17615025,WISCONSIN ELEC PWR CO,WI,residential,293975.7,30912104.0,470655,Investor Owned,2024
17615027,WISCONSIN POWER AND LIGHT COMPANY,WI,residential,126871.7,11235104.0,181724,Investor Owned,2024
17616567,NORTHERN STATES POWER COMPANY,WI,residential,68407.5,5932498.0,103804,Investor Owned,2024
17616597,WISCONSIN GAS COMPANY,WI,residential,413169.3,39785164.0,602028,Investor Owned,2024
17619691,MIDWEST NATURAL GAS INC,WI,residential,11751.0,1174494.0,17898,Privately Owned,2024
17655017,ST CROIX VALLEY NAT GAS INC,WI,residential,5864.0,621438.0,9027,Investor Owned,2024
17694615,WISCONSIN PUB SVC CORP,WI,residential,198232.2,21879948.0,313681,Investor Owned,2024
17695320,FLORENCE UTILITY COMMISSION,WI,residential,1042.6,98624.0,1556,Municipally Owned,2024
17600160,STANDARD GAS CO,WV,residential,125.1,19132.0,347,Privately Owned,2024
17601305,CARDINAL BLUEFIELD GAS CO,WV,residential,3235.0,212559.0,2955,Cooperative,2024
17602873,CONSUMERS GAS UTIL CO,WV,residential,3959.7,290785.0,7754,Investor Owned,2024
17604069,WELCH GAS CO OP,WV,residential,488.8,48836.0,579,Cooperative,2024
17608674,CARDINAL NATURAL GAS CO LUMBERPORT,WV,residential,3441.9,214975.0,3607,Investor Owned,2024
17614012,UNION OIL AND GAS INC,WV,residential,3992.3,341181.0,6282,Privately Owned,2024
17654003,HOPE GAS INC,WV,residential,119205.0,7696931.0,122075,Investor Owned,2024
17673240,MOUNTAINEER GAS CO,WV,residential,184506.1,12079593.0,192239,Investor Owned,2024
17695254,CANAAN VALLEY GAS COMPANY,WV,residential,930.5,54059.0,673,Privately Owned,2024
17602261,BLACK HILLS ENERGY,WY,residential,53414.4,3933285.0,60853,Investor Owned,2024
17604499,FRANNIE DEAVER UTILITIES,WY,residential,176.0,18427.0,228,Investor Owned,2024
17615153,WYOMING GAS CO,WY,residential,4727.6,427100.0,6024,Privately Owned,2024
17616303,QUESTAR GAS COMPANY,WY,residential,25925.3,1959467.0,25160,Investor Owned,2024
17627004,MONTANA DAKOTA UTILITIES CO,WY,residential,10851.0,1382991.0,18082,Investor Owned,2024
17674363,LOWER VALLEY ENERGY INC,WY,residential,4915.1,331198.0,4021,Cooperative,2024
17695458,PINEDALE NATURAL GAS INC,WY,residential,1300.6,123991.0,1648,Privately Owned,2024
